INSERT INTO `actividad` (`idActividad`, `titulo`, `fechaInicio`, `horaInicio`, `fechaFin`, `horaFin`, `lugar`, `referencia`, `descripcion`, `informacionAdicional`, `fechaEjecutada`, `horaEjecutada`, `cuposTotales`, `estado`, `anioSemestre`, `numeroSemestre`, `modalidad`, `observaciones`, `recomendaciones`, `rutaImagen`, `invitado`, `idTipoActividad`, `idUserResp`, `idUserProg`, `created_at`, `updated_at`) VALUES
(1, 'Taller de Danza Folklorica', '2018-02-14', '14:00:00', '2018-02-14', '17:00:00', 'Teatro de Cidunt', NULL, 'Lorem Ipsum es simplemente el texto de relleno de las imprentas y archivos de texto. Lorem Ipsum ha sido el texto de relleno estándar de las industrias desde el año 1500, cuando un impresor (N. del T. persona que se dedica a la imprenta) desconocido usó una galería de textos y los mezcló de tal manera que logró hacer un libro de textos especimen. No sólo sobrevivió', NULL, NULL, NULL, 60, '1', 2017, '2', '2', 'Ninguna', 'Ninguna', NULL, NULL, 6, 4, 754, '2018-01-19 03:47:46', '2018-01-19 03:47:46'),
(2, 'Canto Lírico', '2018-01-22', '13:00:00', '2018-01-22', '17:00:00', 'Teatrín Copérnico', NULL, 'Es un hecho establecido hace demasiad', NULL, '2018-01-22', '13:00:00', 90, '2', 2017, '1', '2', 'Ninguna', 'Ninguna', NULL, NULL, 6, 320, 754, '2018-01-19 03:51:06', '2018-02-17 06:07:21'),
(3, 'Actividad Cultural #3', '2018-01-24', '15:00:00', '2018-01-24', '18:00:00', 'Ciudad Universitaria', NULL, 'Lorem ipsum dolor sit amet, consectetur adipiscing elit. Quisque interdum enim at neque mattis porttitor. Proin tincidunt mi id sem posuere aliquet. Sed placerat turpis vitae felis dapibus, ac ornare nibh vulputate. Quisque non est ut est ornare molestie. Nam tincidunt, nibh vel facilisis iaculis, enim risus lobortis enim, volutpat sagittis sem lacus id dolor. Aenean maximus enim quis diam ultrices, sit amet pharetra magna porttitor. Suspendisse at tellus quis metus porttitor convallis.', NULL, NULL, NULL, 96, '1', 2017, '1', '2', 'Ninguna', 'Ninguna', NULL, NULL, 6, 327, 754, '2018-01-19 03:58:38', '2018-01-19 03:58:38'),
(5, 'Convoatoria para Comedor', '2018-02-19', '08:00:00', '2018-04-27', '08:00:00', 'Bienestar UNT', NULL, 'Lorem ipsum dolor sit amet, consectetur adipiscing elit. Morbi quis tincidunt felis, quis pretium tellus. Praesent nec semper lectus, ut sodales erat. Nunc dignissim mauris pretium nisi sollicitudin ultricies. Suspendisse potenti. Quisque dictum sem sit amet nulla rhoncus, sed elementum odio molestie. Morbi viverra sit amet turpis quis mattis. Etiam dictum velit id diam pulvinar consectetur. Nam tempor dignissim dolor, vel pellentesque metus posuere ac.', NULL, NULL, NULL, 1, '1', 2017, '1', '2', 'Ninguna', 'Ninguna', NULL, NULL, 9, 716, 754, '2018-02-11 01:31:58', '2018-02-11 01:31:58'),
(6, 'Feria para Administrativos', '2018-02-15', '15:45:00', '2018-02-22', '17:45:00', 'unt', NULL, 'Lorem ipsum dolor sit amet, consectetur adipiscing elit. Morbi quis tincidunt felis, quis pretium tellus. Praesent nec semper lectus, ut sodales erat. Nunc dignissim mauris pretium nisi sollicitudin ultricies. Suspendisse potenti. Quisque dictum sem sit amet nulla rhoncus, sed elementum odio molestie. Morbi viverra sit amet turpis quis mattis. Etiam dictum velit id diam pulvinar consectetur. Nam tempor dignissim dolor, vel pellentesque metus posuere ac.', NULL, NULL, NULL, 17, '1', 2017, '1', '2', 'Ninguna', 'Ninguna', NULL, NULL, 11, 710, 754, '2018-02-11 01:57:15', '2018-02-11 01:57:15'),
(10, 'Tesis', '2018-02-14', '16:00:00', '2018-02-14', '18:00:00', 'dunt - unut', NULL, 'Lorem ipsum dolor sit amet, consectetur adipiscing elit. Morbi quis tincidunt felis, quis pretium tellus. Praesent nec semper lectus, ut sodales erat. Nunc dignissim mauris pretium nisi sollicitudin ultricies. Suspendisse potenti. Quisque dictum sem sit amet nulla rhoncus, sed elementum odio molestie. Morbi viverra sit amet turpis quis mattis. Etiam dictum velit id diam pulvinar consectetur. Nam tempor dignissim dolor, vel pellentesque metus posuere ac.', NULL, NULL, NULL, 1, '1', 2017, '1', '1', 'Ninguna', 'Ninguna', NULL, NULL, 4, 710, 754, '2018-02-11 02:29:39', '2018-02-11 11:48:20'),
(11, 'Taller sesoramiento sobre servicios del comedor', '2018-02-20', '08:30:00', '2018-02-21', '17:30:00', 'bienestar', NULL, 'Lorem ipsum dolor sit amet, consectetur adipiscing elit. Morbi quis tincidunt felis, quis pretium tellus. Praesent nec semper lectus, ut sodales erat. Nunc dignissim mauris pretium nisi sollicitudin ultricies. Suspendisse potenti. Quisque dictum sem sit amet nulla rhoncus, sed elementum odio molestie. Morbi viverra sit amet turpis quis mattis. Etiam dictum velit id diam pulvinar consectetur. Nam tempor dignissim dolor, vel pellentesque metus posuere ac.', 'Durará 2 días :) incluye almuerzo :3', NULL, NULL, 71, '1', 2017, '1', '2', 'Ninguna', 'Ninguna', NULL, NULL, 3, 754, 754, '2018-02-11 02:35:55', '2018-02-11 11:51:29'),
(12, 'Convocatoria movilidad España', '2018-02-26', '16:30:00', '2018-04-02', '16:30:00', 'Auditorio de farmacia', 'a lado del aula 104', 'Lorem ipsum dolor sit amet, consectetur adipiscing elit. Morbi quis tincidunt felis, quis pretium tellus. Praesent nec semper lectus, ut sodales erat. Nunc dignissim mauris pretium nisi sollicitudin ultricies. Suspendisse potenti. Quisque dictum sem sit amet nulla rhoncus, sed elementum odio molestie. Morbi viverra sit amet turpis quis mattis. Etiam dictum velit id diam pulvinar consectetur. Nam tempor dignissim dolor, vel pellentesque metus posuere ac.', NULL, NULL, NULL, 1, '1', 2017, '1', '2', 'Ninguna', 'Ninguna', NULL, NULL, 8, 710, 754, '2018-02-11 02:37:58', '2018-02-11 02:37:58'),
(13, 'Cita Mensual Dra. Javier', '2018-02-28', '08:00:00', '2018-02-28', '08:00:00', 'Bienestar', NULL, 'Lorem ipsum dolor sit amet, consectetur adipiscing elit. Morbi quis tincidunt felis, quis pretium tellus. Praesent nec semper lectus, ut sodales erat. Nunc dignissim mauris pretium nisi sollicitudin ultricies. Suspendisse potenti. Quisque dictum sem sit amet nulla rhoncus, sed elementum odio molestie. Morbi viverra sit amet turpis quis mattis. Etiam dictum velit id diam pulvinar consectetur. Nam tempor dignissim dolor, vel pellentesque metus posuere ac.', NULL, NULL, NULL, 1, '1', 2017, '1', '1', 'Ninguna', 'Ninguna', NULL, NULL, 1, 754, 754, '2018-02-11 02:50:11', '2018-02-11 02:50:11'),
(14, 'Cita mensual', '2018-02-21', '16:45:00', '2018-02-21', '16:45:00', 'bienestar 2', NULL, 'Lorem ipsum dolor sit amet, consectetur adipiscing elit. Morbi quis tincidunt felis, quis pretium tellus. Praesent nec semper lectus, ut sodales erat. Nunc dignissim mauris pretium nisi sollicitudin ultricies. Suspendisse potenti. Quisque dictum sem sit amet nulla rhoncus, sed elementum odio molestie. Morbi viverra sit amet turpis quis mattis. Etiam dictum velit id diam pulvinar consectetur. Nam tempor dignissim dolor, vel pellentesque metus posuere ac.', NULL, NULL, NULL, 1, '1', 2017, '1', '1', 'Ninguna', 'Ninguna', NULL, NULL, 1, 754, 754, '2018-02-11 02:50:56', '2018-02-11 02:50:56'),
(15, 'Solo docentes', '2018-02-27', '16:45:00', '2018-02-27', '19:45:00', 'unt', NULL, 'Lorem ipsum dolor sit amet, consectetur adipiscing elit. Morbi quis tincidunt felis, quis pretium tellus. Praesent nec semper lectus, ut sodales erat. Nunc dignissim mauris pretium nisi sollicitudin ultricies. Suspendisse potenti. Quisque dictum sem sit amet nulla rhoncus, sed elementum odio molestie. Morbi viverra sit amet turpis quis mattis. Etiam dictum velit id diam pulvinar consectetur. Nam tempor dignissim dolor, vel pellentesque metus posuere ac.', NULL, NULL, NULL, 46, '1', 2017, '1', '2', 'Ninguna', 'Ninguna', NULL, NULL, 13, 710, 754, '2018-02-11 03:00:57', '2018-02-11 03:00:57'),
(41, 'Atencion medica despues de 3 decadas', '2018-02-20', '01:15:00', '2018-02-20', '01:15:00', 'unt', NULL, 'Lorem ipsum dolor sit amet, consectetur adipiscing elit. Vivamus laoreet, arcu sed lacinia gravida, lectus felis volutpat quam, id mattis ligula neque quis magna. Donec tincidunt urna quis purus placerat posuere. Fusce sit amet rutrum odio, nec faucibus augue. Quisque porttitor leo et urna mollis, et dapibus ex sagittis. Aenean molestie vel risus ac rutrum. Phasellus porttitor nunc ultricies tincidunt posuere.', NULL, NULL, NULL, 1, '1', 2017, '1', '1', 'Ninguna', 'Ninguna', NULL, NULL, 1, 754, 754, '2018-02-11 11:25:24', '2018-02-11 11:25:24'),
(42, 'Servicio Social Individual', '2018-02-22', '14:15:00', '2018-02-22', '16:15:00', 'unt', NULL, 'Lorem ipsum dolor sit amet, consectetur adipiscing elit. Vivamus laoreet, arcu sed lacinia gravida, lectus felis volutpat quam, id mattis ligula neque quis magna. Donec tincidunt urna quis purus placerat posuere. Fusce sit amet rutrum odio, nec faucibus augue. Quisque porttitor leo et urna mollis, et dapibus ex sagittis. Aenean molestie vel risus ac rutrum. Phasellus porttitor nunc ultricies tincidunt posuere.', NULL, NULL, NULL, 1, '1', 2017, '1', '1', 'Ninguna', 'Ninguna', NULL, NULL, 3, 710, 754, '2018-02-11 12:17:08', '2018-02-11 12:17:08'),
(43, 'Reforzamiento en Curso Especial', '2018-02-28', '14:00:00', '2018-02-28', '16:00:00', 'info 6', NULL, 'Lorem ipsum dolor sit amet, consectetur adipiscing elit. Vivamus laoreet, arcu sed lacinia gravida, lectus felis volutpat quam, id mattis ligula neque quis magna. Donec tincidunt urna quis purus placerat posuere. Fusce sit amet rutrum odio, nec faucibus augue. Quisque porttitor leo et urna mollis, et dapibus ex sagittis. Aenean molestie vel risus ac rutrum. Phasellus porttitor nunc ultricies tincidunt posuere.', NULL, NULL, NULL, 2, '2', 2017, '1', '2', 'Ninguna', 'Ninguna', NULL, NULL, 4, 710, 754, '2018-02-11 12:20:09', '2018-02-13 06:13:34'),
(44, 'Charla para Administrativos y Docentes', '2018-03-10', '17:15:00', '2018-03-10', '19:00:00', 'unt', NULL, 'Lorem ipsum dolor sit amet, consectetur adipiscing elit. Vivamus laoreet, arcu sed lacinia gravida, lectus felis volutpat quam, id mattis ligula neque quis magna. Donec tincidunt urna quis purus placerat posuere. Fusce sit amet rutrum odio, nec faucibus augue. Quisque porttitor leo et urna mollis, et dapibus ex sagittis. Aenean molestie vel risus ac rutrum. Phasellus porttitor nunc ultricies tincidunt posuere.', 'cantidad de cupos es referencial', NULL, NULL, 80, '1', 2017, '1', '2', 'Ninguna', 'Ninguna', NULL, NULL, 14, 754, 754, '2018-02-11 12:22:42', '2018-02-11 12:22:42'),
(45, 'Sesion psicológica', '2018-03-07', '02:45:00', '2018-03-07', '02:45:00', 'unt', NULL, 'Lorem ipsum dolor sit amet, consectetur adipiscing elit. Vivamus laoreet, arcu sed lacinia gravida, lectus felis volutpat quam, id mattis ligula neque quis magna. Donec tincidunt urna quis purus placerat posuere. Fusce sit amet rutrum odio, nec faucibus augue. Quisque porttitor leo et urna mollis, et dapibus ex sagittis. Aenean molestie vel risus ac rutrum. Phasellus porttitor nunc ultricies tincidunt posuere.', NULL, NULL, NULL, 1, '1', 2017, '1', '1', 'Ninguna', 'Ninguna', NULL, NULL, 2, 754, 754, '2018-02-11 12:47:32', '2018-02-11 12:47:32'),
(46, 'Reforzamiento en Gestion de Proyectos', '2018-03-12', '08:00:00', '2018-03-12', '10:00:00', 'unt', NULL, 'Lorem ipsum dolor sit amet, consectetur adipiscing elit. Vivamus laoreet, arcu sed lacinia gravida, lectus felis volutpat quam, id mattis ligula neque quis magna. Donec tincidunt urna quis purus placerat posuere. Fusce sit amet rutrum odio, nec faucibus augue. Quisque porttitor leo et urna mollis, et dapibus ex sagittis. Aenean molestie vel risus ac rutrum. Phasellus porttitor nunc ultricies tincidunt posuere.', NULL, NULL, NULL, 1, '1', 2017, '1', '1', 'Ninguna', 'Ninguna', NULL, NULL, 10, 620, 754, '2018-02-11 12:49:37', '2018-02-11 12:49:37'),
(47, 'Reforzamiento Totalmente  Intensivo', '2018-03-05', '07:45:00', '2018-03-05', '11:45:00', 'unty', 'tututu', 'Lorem ipsum dolor sit amet, consectetur adipiscing elit. Vivamus laoreet, arcu sed lacinia gravida, lectus felis volutpat quam, id mattis ligula neque quis magna. Donec tincidunt urna quis purus placerat posuere. Fusce sit amet rutrum odio, nec faucibus augue. Quisque porttitor leo et urna mollis, et dapibus ex sagittis. Aenean molestie vel risus ac rutrum. Phasellus porttitor nunc ultricies tincidunt posuere.', 'Lorem ipsum dolor sit amet, consectetur adipiscing elit. Vivamus laoreet, arcu sed lacinia gravida, lectus felis volutpat quam, id mattis ligula neque quis magna. Donec tincidunt urna quis purus placerat posuere. Fusce sit amet rutrum odio, nec faucibus augue. Quisque porttitor leo et urna mollis, et dapibus ex sagittis. Aenean molestie vel risus ac rutrum. Phasellus porttitor nunc ultricies tincidunt posuere.', NULL, NULL, 30, '1', 2017, '1', '2', 'Ninguna', 'Ninguna', NULL, NULL, 10, 8, 754, '2018-02-11 12:51:50', '2018-02-11 12:51:50'),
(48, 'tenis mesa', '2018-03-08', '10:15:00', '2018-03-08', '11:15:00', 'unt', NULL, 'Lorem ipsum dolor sit amet, consectetur adipiscing elit. Curabitur tincidunt vehicula libero sed feugiat. Phasellus volutpat molestie ligula, ac viverra ipsum fringilla ac. Phasellus hendrerit quis ligula id cursus. Aliquam erat volutpat. Fusce iaculis volutpat odio vel volutpat. Nulla tincidunt orci sed faucibus luctus. Vivamus arcu sem, blandit ac elementum nec, dignissim ut leo. Sed sollicitudin lectus quis purus maximus lobortis. Cur.', 'Lorem ipsum dolor sit amet, consectetur adipiscing elit. Curabitur tincidunt vehicula libero sed feugiat. Phasellus volutpat molestie ligula, ac viverra ipsum fringilla ac. Phasellus hendrerit quis ligula id cursus. Aliquam erat volutpat. Fusce iaculis volutpat odio vel volutpat. Nulla tincidunt orci sed faucibus luctus. Vivamus arcu sem, blandit ac elementum nec, dignissim ut leo. Sed sollicitudin lectus quis purus maximus lobortis. Cur', '2018-03-08', '10:15:00', 2, '2', 2017, '1', '2', 'Ninguna', 'Ninguna', NULL, NULL, 5, 3, 754, '2018-02-11 21:23:14', '2018-02-18 16:37:52');

INSERT INTO `actgrupal` (`idActGrupal`, `cuposDisponibles`, `cuposOcupados`, `idActividad`, `created_at`, `updated_at`) VALUES
(1, 55, 5, 1, '2018-01-19 03:47:46', '2018-01-19 03:47:46'),
(2, 90, 0, 2, '2018-01-19 03:51:06', '2018-01-19 03:51:06'),
(3, 96, 0, 3, '2018-01-19 03:58:38', '2018-01-19 03:58:38'),
(4, 17, 0, 6, '2018-02-11 01:57:15', '2018-02-11 01:57:15'),
(5, 71, 0, 11, '2018-02-11 02:35:55', '2018-02-11 02:35:55'),
(6, 46, 0, 15, '2018-02-11 03:00:57', '2018-02-11 03:00:57'),
(10, 80, 0, 44, '2018-02-11 12:22:42', '2018-02-11 12:22:42'),
(11, 29, 1, 47, '2018-02-11 12:51:50', '2018-02-11 12:51:50'),
(12, -9, 11, 48, '2018-02-11 21:23:14', '2018-02-11 21:23:14');

INSERT INTO `inscripcionada` (`idInscripcionADA`, `idActividad`, `created_at`, `updated_at`) VALUES
(1, 1, '2018-01-19 08:34:03', '2018-01-19 08:34:03'),
(12, 41, '2018-02-11 11:25:24', '2018-02-11 11:25:24'),
(13, 10, '2018-02-11 11:48:20', '2018-02-11 11:48:20'),
(14, 42, '2018-02-11 12:17:08', '2018-02-11 12:17:08'),
(15, 43, '2018-02-11 12:20:09', '2018-02-11 12:20:09'),
(16, 43, '2018-02-11 12:20:09', '2018-02-11 12:20:09'),
(17, 45, '2018-02-11 12:47:32', '2018-02-11 12:47:32'),
(18, 46, '2018-02-11 12:49:38', '2018-02-11 12:49:38'),
(19, 48, '2018-02-11 21:23:28', '2018-02-11 21:23:28'),
(20, 1, '2018-02-12 01:14:03', '2018-02-12 01:14:03'),
(21, 47, '2018-02-12 13:13:01', '2018-02-12 13:13:01'),
(22, 48, NULL, NULL),
(23, 48, NULL, NULL),
(24, 48, NULL, NULL),
(25, 48, NULL, NULL),
(26, 48, NULL, NULL),
(27, 48, NULL, NULL),
(28, 48, NULL, NULL),
(29, 48, NULL, NULL),
(30, 48, NULL, NULL);

INSERT INTO `inscripcionadministrativo` (`idInscripcionAdministrativo`, `asistencia`, `idActividad`, `idAdministrativo`, `idInscripcionADA`, `created_at`, `updated_at`) VALUES
(1, '0', 1, 26, 1, '2018-01-19 08:34:03', '2018-01-19 08:34:03'),
(2, '0', 48, 26, 19, '2018-02-11 21:23:28', '2018-02-11 21:23:28'),
(3, '1', 48, 20, 22, NULL, NULL),
(4, '1', 48, 21, 23, NULL, NULL),
(5, '1', 48, 22, 24, NULL, NULL);

INSERT INTO `inscripcionalumno` (`idInscripcionAlumno`, `asistencia`, `idActividad`, `idAlumno`, `idInscripcionADA`, `created_at`, `updated_at`) VALUES
(11, '0', 41, 620, 12, '2018-02-11 11:25:25', '2018-02-11 11:25:25'),
(12, '0', 10, 620, 13, '2018-02-11 11:48:20', '2018-02-11 11:48:20'),
(13, '0', 42, 620, 14, '2018-02-11 12:17:08', '2018-02-11 12:17:08'),
(14, '1', 43, 620, 15, '2018-02-11 12:20:09', '2018-02-13 06:13:34'),
(15, '0', 43, 430, 16, '2018-02-11 12:20:09', '2018-02-11 12:20:09'),
(16, '0', 45, 8, 17, '2018-02-11 12:47:32', '2018-02-11 12:47:32'),
(17, '0', 46, 8, 18, '2018-02-11 12:49:38', '2018-02-11 12:49:38'),
(18, '0', 47, 620, 21, '2018-02-12 13:13:01', '2018-02-12 13:13:01'),
(19, '1', 48, 45, 25, NULL, NULL),
(20, '1', 48, 65, 26, NULL, NULL),
(21, '1', 48, 100, 27, NULL, NULL),
(22, '1', 48, 14, 28, NULL, NULL);

INSERT INTO `inscripciondocente` (`idInscripcionDocente`, `asistencia`, `idActividad`, `idDocente`, `idInscripcionADA`, `created_at`, `updated_at`) VALUES
(1, '0', 1, 2, 20, '2018-02-12 01:14:03', '2018-02-12 01:14:03'),
(2, '1', 48, 29, 29, NULL, NULL),
(3, '0', 48, 36, 30, NULL, NULL);

INSERT INTO `actpedagogia` (`idActPedagogia`, `formaTutoria`, `canalizacion`, `idActividad`, `idInscripcionAlumno`, `created_at`, `updated_at`) VALUES
(11, NULL, NULL, 43, 14, '2018-02-11 12:20:09', '2018-02-11 12:20:09'),
(12, NULL, NULL, 43, 15, '2018-02-11 12:20:09', '2018-02-11 12:20:09'),
(13, NULL, NULL, 10, 12, NULL, NULL);

INSERT INTO `egresado` (`idEgresado`, `grado`, `nombre`, `apellidoPaterno`, `apellidoMaterno`, `direccion`, `telefono`, `celular`, `email`, `codigo`, `anioEgreso`, `numeroSemestre`, `created_at`, `updated_at`) VALUES
(1, '1', 'Jorge', 'Gutierrez', 'Gutierrez', NULL, NULL, NULL, 'lgutgut@gmail.com', '12343', 2000, '2', '2018-01-09 07:35:55', '2018-01-09 07:35:55');

INSERT INTO `recomendaciontutor` (`idRecomendacionTutor`, `situacionEspecifica`, `recomendacion`) VALUES
(1, 'Alto rendimiento académico.', 'Canalizar a cursos avanzados. Canalizar a la incorporación de grupos estudiantiles y de investigación.'),
(2, 'Deficiencias en el acceso a textos en idiomas diferentes al español.', 'Sugerir ir al Centro de Idiomas de la UNT.'),
(3, 'Depresión, baja autoestima, falta de motivación, embarazo, rompimiento con la pareja, problemas familiares, etc.', 'Escuchar, orientar y canalizar a las instancias correspondientes.'),
(4, 'Dificultad en los hábitos y métodos de estudio.', 'Escuchar, aconsejar; además, canalizar a talleres para el desarrollo de hábitos de estudio.'),
(5, 'Dificultad en la toma de decisiones académicas.', 'Escuchar, aconsejar y orientar mediante la experiencia y trayectoria académica.'),
(6, 'Dificultad en el uso de nuevas tecnologías.', 'Canalizar a talleres de cómputo.'),
(7, 'Escasos recursos.', 'Canalizar a programas de becas y bolsa de trabajo.'),
(8, 'Errores en la realización de trámites y procedimientos correspondientes a su situación académica.', 'Orientar sobre la Normatividad Institucional.'),
(9, 'Estudiantes que trabajan.', 'Escuchar y orientar, mediante el asesoramiento en el ajuste de carga académica, acorde a las posibilidades del estudiante, además de analizar la bolsa de trabajo.'),
(10, 'Inadecuada opción vocacional.', 'Canalizar a programas de orientación vocacional.'),
(11, 'Inadaptación al nivel académico.', 'Canalizar a cursos para el desarrollo de hábitos de estudio.'),
(12, 'Problemas de lenguaje.', 'Escuchar, orientar y canalizar a Psicología.'),
(13, 'Problemas personales.', 'Escuchar y aconsejar. Canalizar a programas de orientación psicológica.'),
(14, 'Problemas de salud.', 'Canalizar a programas de salud.'),
(15, 'Problemas de salud o discapacidad.', 'Canalizar a servicios médicos, entre otros.'),
(16, 'Uso inadecuado de los servicios y apoyos institucionales.', 'Escuchar y aconsejar.');

INSERT INTO `tutortutorado` (`idTutorTutorado`, `anioSemestre`, `numeroSemestre`, `habitoEstudioRespondido`, `idAlumno`, `idDocente`, `created_at`, `updated_at`) VALUES
(15, 2017, '1', '1', 620, 2, NULL, '2018-02-12 12:59:51'),
(16, 2017, '1', '0', 48, 2, NULL, NULL),
(17, 2017, '1', '0', 443, 2, NULL, NULL),
(18, 2017, '1', '0', 430, 2, NULL, NULL),
(39, 2017, '1', '0', 664, 6, NULL, NULL),
(40, 2017, '1', '0', 442, 6, NULL, NULL),
(41, 2017, '1', '0', 165, 6, NULL, NULL),
(46, 2017, '1', '0', 235, 19, NULL, NULL),
(47, 2017, '1', '0', 320, 19, NULL, NULL),
(48, 2017, '1', '0', 636, 19, NULL, NULL),
(49, 2017, '1', '0', 598, 19, NULL, NULL),
(50, 2017, '1', '0', 204, 42, NULL, NULL),
(51, 2017, '1', '0', 200, 42, NULL, NULL),
(52, 2017, '1', '0', 546, 42, NULL, NULL),
(53, 2017, '1', '0', 452, 20, '2018-02-16 14:12:09', '2018-02-16 14:12:09'),
(54, 2017, '1', '0', 604, 20, '2018-02-16 14:12:09', '2018-02-16 14:12:09'),
(55, 2017, '1', '0', 555, 20, '2018-02-16 14:12:09', '2018-02-16 14:12:09');


INSERT INTO `encuesta` VALUES (1,'Cuestionario de evaluación del desempeño del estudiante','Este es un formulario para evaluar el desempeño del estudiante dentro del programa de Tutoría','0',3,'d',NULL),
(2,'Cuestionario de evaluación del desempeño del profesor tutor','Este es un formulario para evaluar el desempeño del docente dentro del programa de Tutoría','0',3,'a',NULL),
(3,'Habitos de estudio','Este es un formulario que debe ser respondido semestralmente por los estudiantes que participa del programa de Tutoría','0',3,'a',NULL),
(4,'Encuesta para actividades deportivas','Esta es una encuesta de prueba','1',1,'i',5),
(5,'Encuesta para actividades deportivas pero para responsable','Esta es una encuesta de prueba para las actividades deportivas dirigida al responsable. Esta encuesta debe incluir secciones, recién probaré este invento, así que rezo a Zeus, Monesvol, Huiracocha, Rá, Odín y a Jehová para que funcione.','1',1,'r',5),
(36,'Una encuesta para Docentes y Administrativos','Esta es la descripción de mi primera encuesta del tipo de encuesta: libre como el viento. Y como no sé cómo alargar esta descripción para ver cómo se expande mi textarea colocaré un Lorem ipsum dolor sit amet, consectetur adipisicing elit, sed do eiusmod tempor incididunt ut labore et dolore magna aliqua. Ut enim ad minim veniam, quis nostrud exercitation ullamco laboris nisi ut aliquip ex ea commodo consequat. Duis aute irure dolor in reprehenderit in voluptate velit esse cillum dolore eu fugiat nulla pariatur. Excepteur sint occaecat cupidatat non proident, sunt in culpa qui officia deserunt mollit anim id est laborum.','0',2,'2_3',NULL),
(37,'Probando :( - cambiando titulo -2',NULL,'0',2,'1_2',NULL),
(38,'Una encuesta solo para docentes',NULL,'0',2,'2',NULL),
(40,'Encuesta solo para tutores',NULL,'0',3,'d',1),
(41,'Encuesta solo para tutorados, para probar si ya todo funciona como debería.','Lorem ipsum dolor sit amet, consectetur adipisicing elit, sed do eiusmod tempor incididunt ut labore et dolore magna aliqua. Ut enim ad minim veniam, quis nostrud exercitation ullamco laboris nisi ut aliquip ex ea commodo consequat. Duis aute irure dolor in reprehenderit in voluptate velit esse cillum dolore eu fugiat nulla pariatur. Excepteur sint occaecat cupidatat non proident, sunt in culpa qui officia deserunt mollit anim id est laborum.','0',3,'a',NULL);

INSERT INTO `alternativa` VALUES (1,'Nunca',1,1),
(2,'Rara vez',2,1),
(3,'Frecuentemente',3,1),
(4,'Casi siempre',4,1),
(5,'Siempre',5,1),
(6,'Nunca',1,2),
(7,'Rara vez',2,2),
(8,'Frecuentemente',3,2),
(9,'Casi siempre',4,2),
(10,'Siempre',5,2),
(11,'No',1,3),
(12,'Pocas veces',2,3),
(13,'Muchas Veces',3,3),
(19,'Sí',4,3),
(20,'Pocas Veces',2,5),
(21,'Con mucha frecuencia',3,5),
(22,'Casi siempre',4,5),
(23,'Siempre',5,5),
(24,'Nunca',1,5),
(25,'No',1,4),
(26,'Quizás',2,4),
(27,'Sí',3,4),
(60,'Nunca',1,36),
(61,'Pocas Veces',2,36),
(62,'Muchas Veces',3,36),
(63,'Siempre',4,36),
(64,'Alternativa-1',2,37),
(65,'Alternativa-2',4,37),
(69,'nueva y primera',1,37),
(70,'nueva y tercera',3,37),
(80,'.i.12',1,38),
(85,'/./',2,38),
(88,'Alternativa-1',1,40),
(89,'Alternativa-2',2,40),
(90,'Sí',3,41),
(91,'No',1,41),
(92,'Tal vez',2,41);

INSERT INTO `seccionencuesta` VALUES (1,'Estudio Independiente',NULL,1,1,3),
(2,'Concentración',NULL,2,1,3),
(3,'Lugar de Estudio',NULL,3,1,3),
(4,'Habilidades para procesar información',NULL,4,1,3),
(5,'Control de ansiedad',NULL,5,1,3),
(6,'Seccion 1 de deportivas para responsable','Esta es la primera sección de la encuesta para actividades deportivas. La siguiente sección no tendrá descripción 3:)',1,1,5),
(7,'Seccion 2 de deportivas para responsable',NULL,2,1,5),
(10,'Preguntas sobre el Editor super cutre','Estas preguntas no tienen nada que ver con la encuesta, pero es mi encuesta y yo pregunto lo que quiero. Bum, en toda la face! Ahora otro Lorem: Lorem ipsum dolor sit amet, consectetur adipisicing elit, sed do eiusmod tempor incididunt ut labore et dolore magna aliqua. Ut enim ad minim veniam, quis nostrud exercitation ullamco laboris nisi ut aliquip ex ea commodo consequat. Duis aute irure dolor in reprehenderit in voluptate velit esse cillum dolore eu fugiat nulla pariatur. Excepteur sint occaecat cupidatat non proident, sunt in culpa qui officia deserunt mollit anim id est laborum.',1,1,36),
(11,'Una nueva sección - 2','Vaya vaya, una  segunda descripción de la sección 2 Lorem ipsum dolor sit amet, consectetur adipisicing elit, sed do eiusmod tempor incididunt ut labore et dolore magna aliqua. Ut enim ad minim veniam, quis nostrud exercitation ullamco laboris nisi ut aliquip ex ea commodo consequat. Duis aute irure dolor in reprehenderit in voluptate velit esse cillum dolore eu fugiat nulla pariatur. Excepteur sint occaecat cupidatat non proident, sunt in culpa qui officia deserunt mollit anim id est laborum.',2,1,36),
(12,'Una nueva sección - 1',NULL,1,1,37),
(13,'Una nueva sección - 2',NULL,2,1,37),
(14,'Una nueva sección - 1',NULL,1,1,38),
(15,'Una nueva sección - 2 - modificada',NULL,2,1,38),
(16,'Nueva sección, nuevecita, nuevecita. Pero no por eso menos atractiva','No quería poner una descripción, pero ni modo, algo había que hacer para justificar el tecleo sin sentido. Además agregar 3 preguntas porque me encanta el número 3.',3,1,38),
(17,'Una sección vacía','Me copié de algún lado, permitir secciones vacías, a quién se le ocurriría',4,1,38),
(18,'Una nueva sección - 1','Descripción nueva y adicional',1,1,41),
(19,'Una nueva sección - 2 Cambiadooooooooo',NULL,2,1,41),
(20,'Nueva sección y parece ser que será la tercera sección',NULL,3,1,41);

INSERT INTO `preguntaencuesta` VALUES (1,'Asistió con puntualidad a las sesiones individuales.',1,1,NULL,1),
(2,'Es una persona que solicita tener comunicación con usted.',2,1,NULL,1),
(3,'Demostró interés por las actividades programadas.',3,1,NULL,1),
(4,'Muestra respeto hacia usted y demás compañeros de aula.',4,1,NULL,1),
(5,'Brindó apoyo para identificar sus dificultades académicas, personal, vocacional, etc.',5,1,NULL,1),
(6,'Colaboró en la búsqueda de soluciones para superar las deficiencias.',6,1,NULL,1),
(7,'Le proporcionó la información necesaria para derivarlo a las diferentes áreas de servicio de la escuela de Farmacia y Bioquímica de la UNT.',7,1,NULL,1),
(8,'Mantuvo un seguimiento sistemático de las actividades programadas.',8,1,NULL,1),(9,'Asistió puntualmente a las sesiones grupales.',9,1,NULL,1),(10,'Demostró interés por las actividades relacionadas a investigación, cursos de especialidad.',10,1,NULL,1),(11,'El profesor tutor asistió a las sesiones programadas en su horario de tutoría académica.',1,1,NULL,2),(12,'El profesor tutor lo orientó e incentivó a mejorar y desarrollarse como persona.',2,1,NULL,2),(13,'El profesor tutor le brindó la confianza como para poder expresar sus problemas, deficiencias, virtudes, entre otros.',3,1,NULL,2),(14,'El profesor tutor le informó y orientó acerca de técnicas para mejorar su aprendizaje.',4,1,NULL,2),(15,'El profesor tutor lo derivó a las diferentes dependencias de la UNT y de la escuela para solucionar sus problemas.',5,1,NULL,2),(16,'El profesor tutor estuvo dispuesto a atenderlo cada vez que usted lo solicitó.',6,1,NULL,2),(17,'El profesor tutor planificó las actividades a realizar.',7,1,NULL,2),(18,'El profesor tutor cumplió con las horas programadas de tutoría académica.',8,1,NULL,2),(19,'Está conforme con la tutoría académica brindada por su profesor tutor.',9,1,NULL,2),(20,'Cuando estudia normalmente está alegre y de buen humor',1,1,5,3),(21,'Se siente tranquilo aunque no comprenda bien los temas de clase',2,1,5,3),(22,'El sistema digestivo le funciona bien aún en situaciones de estrés',3,1,5,3),(23,'Mantiene la calma ante las dificultades',4,1,5,3),(24,'Generalmente tiene pensamientos positivo',5,1,5,3),(25,'Ha notado que aumenta su atención, concentración y memoria',6,1,5,3),(26,'Controla perfectamente sus métodos de estudio',7,1,5,3),(27,'Se siente tranquilo aunque se le dificulte comprender lo que',8,1,5,3),(28,'Puede controlar sus nervios cuando expone frente al grupo de',9,1,5,3),(29,'Puede desarrollar su examen sin ningún problema',10,1,5,3),(30,'Realiza cuadros sinópticos tr',11,1,4,3),(31,'Señala las ideas que no entiende o comprende',12,1,4,3),(32,'Realiza resúmenes de los temas estudiados',13,1,4,3),(33,'Expone sus dudas ante él o los docentes de la asignatura',14,1,4,3),(34,'En caso de necesitar ayuda, solicita asesoría',15,1,4,3),(35,'Explica lo que lee en forma verbal y/o por escrito',16,1,4,3),(36,'Busca mantener un orden en sus anotaciones',17,1,4,3),(37,'Realiza ejercicios hasta comprender el procedimiento de estudio',18,1,4,3),(38,'Organiza lo estudiado en mapas mentales',19,1,4,3),(39,'El lugar donde estudia es tranquilo',20,1,3,3),(40,'El lugar donde estudia es ventilado',21,1,3,3),(41,'El lugar donde estudia está iluminado',22,1,3,3),(42,'El lugar donde estudia tiene distracciones',23,1,3,3),(43,'Cuenta con el apoyo de la familia para mantener un ambiente',24,1,3,3),(44,'Evita distracctores como televisión, radio, internet, etc. mientras',25,1,3,3),(45,'El lugar de estudio cuenta con agua, frutas, etc',26,1,3,3),(46,'Alterna los materiales de estudio de los cursos que lleva',27,1,3,3),(47,'Su espacio de estudio es amplio,',28,1,3,3),(48,'Recuerda sin problemas lo que estudia',29,1,2,3),(49,'Puede centrar su atención en las lecturas',30,1,2,3),(50,'Logra concentrarse a pesar de los ruidos externos',31,1,2,3),(51,'Puede concentrarse en el estudio a pesar de que tenga problemas',32,1,2,3),(52,'Puede concentrarse a pesar de que le estén distrayendo',33,1,2,3),(53,'Busca asegurarse entender lo solicitado por sus docentes en las',34,1,2,3),(54,'Considera que aprende en forma efectiva',35,1,2,3),(55,'Considera que su estado físico, mental y nutricional son buenos',36,1,2,3),(56,'Cuando tiene demasiado Trabajo toma pequeños descansos',37,1,2,3),(57,'Organiza sus actividades de estudio',38,1,1,3),(58,'Le es fácil estudiar de manera independiente',39,1,1,3),(59,'Relaciona fácilmente el contenido de las asignaturas',40,1,1,3),(60,'Sabe lo que debe estudiar en cada asignatura',41,1,1,3),(61,'Cuenta con los materiales necesarios de estudio',42,1,1,3),(62,'Es ordenador en sus espacios y materiales de estudio',43,1,1,3),(63,'Presenta a tiempo las tareas',44,1,1,3),(64,'Se concentra sin dificultad al estudiar',45,1,1,3),(65,'Realiza una autoevaluación para saber lo que aprendió',46,1,1,3),(66,'Resuelve sus dudasrealizando preguntas a las personas indicadas',47,1,1,3),(67,'Programa su tiempo para la realización de sus actividades',48,1,1,3),(68,'Realiza sus actividades en el tiempo previsto',49,1,1,3),(69,'Anticipa los materiales que necesitará',50,1,1,3),(70,'El tiempo le alcanza para realizar sus actividades',51,1,1,3),(71,'Organiza sus tareas por grado de complejidad',52,1,1,3),(72,'Entrega puntualmente sus tareas',53,1,1,3),(73,'Establece metas realistas y las cumple',54,1,1,3),(74,'Pregunta de prueba de la encuesta de actividades deportivas 1',1,1,NULL,4),(75,'Pregunta de prueba de la encuesta de actividades deportivas 2',2,1,NULL,4),(76,'Pregunta de prueba de la encuesta de actividades deportivas 3',3,1,NULL,4),(77,'Pregunta de prueba de la encuesta de actividades deportivas 4',4,1,NULL,4),(78,'Esta pregunta que pertenece a la encuesta de id: 5 también pertenece a la sección 1',1,1,6,5),(79,'Esta es la segunda pregunta de la primera sección.',2,1,6,5),(80,'Sinceramente ya no sé qué poner en el enunciado, así que, me dedicaré a quejarme por el bajo rendimiento de mi equipo favorito de e-sport: Dallas Fuel.',3,1,6,5),(81,'De verdad, no entiendo cómo pudieron poner a Effect a jugar con Doomfist en Eichewalde, cuando todo mundo sabe que, en ese mapa, se juega Pharah, sí o sí. Por lo tanto, Doomfist es inútil!!!',1,1,7,5),(82,'Pero no solo eso, en Anubis Effect jugó como Junkrat y Taimou como Widowmaker. Wtf nigghas! Taimou no es mal hitscan, pero joder, Effect es el hitscan por excelencia. No destacó como Junkrat.',2,1,7,5),(83,'Hubiera sido mejor que Effect fuera Widow y Taimou Junkrat, porque Philly tomó el primer punto en el primer push!! Es obvio que nos faltó danio.',3,1,7,5),(84,'Y no es por menospreciar el esfuerzo de HarryHook, pero en comparación de Custa, no dio la talla como Zennyata. Y Chips, bueno, no fue su mejor día.',4,1,7,5),(107,'Este editor es un poco cutre?',1,1,10,36),(108,'Este editor hace lo que puede por ser genial?',2,1,10,36),(109,'Fue primero la gallina o el huevo? Yo digo que primero fue una protogallina.',3,1,10,36),(110,'Una primera pregunta de la sección 2 pero larga, como el tiempo que invertí en este editor. Lorem ipsum dolor sit amet, consectetur adipisicing elit, sed do eiusmod tempor incididunt ut labore et dolore magna aliqua. Ut enim ad minim veniam, quis nostrud exercitation ullamco la.',4,1,11,36),(111,'Esta es una corta :D',5,1,11,36),(112,'Un nuevo enunciado - 1 - ns',1,1,NULL,37),(113,'Un nuevo enunciado - 2 - s1',3,1,12,37),(114,'Un nuevo enunciado - 3 - s1',4,1,12,37),(115,'Un nuevo enunciado - 4 - s2',5,1,13,37),(116,'Enunciado de ejemplo para empezar. Puede eliminarlo si lo desea, pero estará muy triste :(.',1,0,NULL,38),(117,'Un nuevo enunciado - 2 s1',3,1,14,38),(118,'Un nuevo enunciado - 3 21',2,1,14,38),(119,'Un nuevo enunciado - 4 s2',4,1,15,38),(123,'Un nuevo enunciado - 5 - s1 nuevecito',2,1,12,37),(125,'Un nuevo enunciado - 5 - nuevecito en la sección y toma el primer lugar',1,1,14,38),(126,'Un nuevo enunciado - 6 s2, completamente nuevo y kawai, porque somos así en mi Gabylandia.',5,1,15,38),(127,'Un nuevo enunciado - 8 - s3 yo estaré primer aunque fui creado segundo. Soy un enunciado triunfador, nací para estar primero',6,1,16,38),(128,'Un nuevo enunciado - 7 - s3 creado primero, pero no estará primero',7,1,16,38),(129,'Un nuevo enunciado - 9 - s3 Yo soy un enunciado quien no se preocupa por la posición de los demás, he sido creado último y solo aspiro a ser impreso en alguna bonita encuesta, he trascendido a las triviales del orden. Tengo un propósito más grande en mi corta vida en una base de datos.',8,1,16,38),(133,'Enunciado de ejemplo para empezar. Puede eliminarlo si lo desea, pero estará muy triste :(.',1,1,NULL,40),(134,'Un enunciado sin sección, es libre e independiente por la voluntad general de mis dedos.',1,1,NULL,41),(135,'Un nuevo enunciado - 3 s1',2,1,18,41),(136,'Un nuevo enunciado - 5 s1',3,1,18,41),(137,'Un nuevo enunciado - 4 s2',4,1,19,41),(138,'Un nuevo enunciado - 5 nuevoooooooooooooo',5,1,19,41),(139,'Un nuevo enunciado - 6',6,1,20,41),(140,'Un nuevo enunciado - 7',7,1,20,41),(141,'Un nuevo enunciado - 8',8,1,20,41);
INSERT INTO `encuestarespondida` VALUES 
(736,1,'2018-02-23 12:00:00','2018-02-23 11:58:00',165,41,NULL,'2018-02-23 16:58:44','2018-02-23 17:03:32'),
(737,1,'2018-02-23 12:00:00','2018-02-23 11:58:00',442,41,NULL,'2018-02-23 16:58:44','2018-02-24 07:18:10'),
(738,0,'2018-02-23 12:05:00','2018-02-23 12:05:00',165,41,NULL,'2018-02-23 17:05:14','2018-02-23 17:05:14'),
(739,0,'2018-02-23 12:05:00','2018-02-23 12:05:00',442,41,NULL,'2018-02-23 17:05:14','2018-02-23 17:05:14'),
(740,1,'2018-02-24 20:31:00','2018-02-24 20:32:00',728,38,NULL,'2018-02-25 01:32:22','2018-02-25 02:08:42'),
(741,1,'2018-02-24 20:31:00','2018-02-24 20:32:00',729,38,NULL,'2018-02-25 01:32:22','2018-02-25 02:09:34'),
(742,1,'2018-02-24 20:31:00','2018-02-24 20:32:00',730,38,NULL,'2018-02-25 01:32:22','2018-02-25 02:10:56'),
(743,0,'2018-02-24 20:31:00','2018-02-24 20:32:00',731,38,NULL,'2018-02-25 01:32:22','2018-02-25 01:32:22'),
(744,0,'2018-02-24 20:31:00','2018-02-24 20:32:00',732,38,NULL,'2018-02-25 01:32:22','2018-02-25 01:32:22'),
(745,1,'2018-02-27 13:17:00','2018-02-27 13:18:00',733,38,NULL,'2018-02-27 18:18:07','2018-02-27 18:19:34'),
(746,1,'2018-02-27 13:17:00','2018-02-27 13:18:00',734,38,NULL,'2018-02-27 18:18:07','2018-02-27 18:21:12'),
(747,1,'2018-02-27 13:17:00','2018-02-27 13:18:00',735,38,NULL,'2018-02-27 18:18:07','2018-02-27 18:21:44'),
(748,1,'2018-02-27 13:17:00','2018-02-27 13:18:00',736,38,NULL,'2018-02-27 18:18:07','2018-02-27 18:20:20'),
(749,1,'2018-02-27 13:17:00','2018-02-27 13:18:00',737,38,NULL,'2018-02-27 18:18:07','2018-02-27 18:22:30'),
(750,1,'2018-02-27 13:17:00','2018-02-27 13:18:00',738,38,NULL,'2018-02-27 18:18:07','2018-02-27 18:23:03'),
(751,1,'2018-02-28 01:19:00','2018-02-28 01:19:00',165,3,NULL,'2018-02-28 06:19:56','2018-02-28 06:28:33'),
(752,1,'2018-02-28 01:19:00','2018-02-28 01:19:00',442,3,NULL,'2018-02-28 06:19:56','2018-02-28 07:01:42'),
(753,1,'2018-02-28 01:29:00','2018-02-28 01:29:00',165,3,NULL,'2018-02-28 06:29:24','2018-02-28 07:00:22'),
(754,1,'2018-02-28 01:29:00','2018-02-28 01:29:00',442,3,NULL,'2018-02-28 06:29:25','2018-02-28 07:02:44');

INSERT INTO `rptaencuesta` VALUES (1,'91',736,134),(2,'92',736,135),(3,'90',736,136),(4,'90',736,137),(5,'92',736,138),(6,'91',736,139),(7,'92',736,140),(8,'90',736,141),(9,'90',737,134),(10,'90',737,135),(11,'90',737,136),(12,'90',737,137),(13,'90',737,138),(14,'90',737,139),(15,'90',737,140),(16,'90',737,141),(52,'80',740,117),(53,'80',740,118),(54,'80',740,119),(55,'80',740,125),(56,'80',740,126),(57,'80',740,127),(58,'80',740,128),(59,'80',740,129),(60,'85',741,117),(61,'85',741,118),(62,'85',741,119),(63,'85',741,125),(64,'85',741,126),(65,'85',741,127),(66,'85',741,128),(67,'85',741,129),(68,'80',742,117),(69,'85',742,118),(70,'85',742,119),(71,'80',742,125),(72,'80',742,126),(73,'85',742,127),(74,'80',742,128),(75,'85',742,129),(76,'85',745,117),(77,'85',745,118),(78,'85',745,119),(79,'80',745,125),(80,'80',745,126),(81,'85',745,127),(82,'80',745,128),(83,'85',745,129),(84,'80',748,117),(85,'85',748,118),(86,'85',748,119),(87,'85',748,125),(88,'80',748,126),(89,'80',748,127),(90,'85',748,128),(91,'85',748,129),(92,'85',746,117),(93,'80',746,118),(94,'80',746,119),(95,'80',746,125),(96,'85',746,126),(97,'85',746,127),(98,'80',746,128),(99,'85',746,129),(100,'80',747,117),(101,'85',747,118),(102,'80',747,119),(103,'80',747,125),(104,'80',747,126),(105,'85',747,127),(106,'85',747,128),(107,'85',747,129),(108,'85',749,117),(109,'80',749,118),(110,'80',749,119),(111,'80',749,125),(112,'85',749,126),(113,'80',749,127),(114,'80',749,128),(115,'85',749,129),(116,'80',750,117),(117,'85',750,118),(118,'80',750,119),(119,'80',750,125),(120,'80',750,126),(121,'80',750,127),(122,'85',750,128),(123,'80',750,129),(124,'12',751,20),(125,'13',751,21),(126,'12',751,22),(127,'19',751,23),(128,'11',751,24),(129,'19',751,25),(130,'12',751,26),(131,'13',751,27),(132,'12',751,28),(133,'19',751,29),(134,'19',751,30),(135,'11',751,31),(136,'19',751,32),(137,'12',751,33),(138,'13',751,34),(139,'12',751,35),(140,'19',751,36),(141,'11',751,37),(142,'19',751,38),(143,'12',751,39),(144,'13',751,40),(145,'12',751,41),(146,'19',751,42),(147,'11',751,43),(148,'19',751,44),(149,'12',751,45),(150,'13',751,46),(151,'12',751,47),(152,'19',751,48),(153,'11',751,49),(154,'19',751,50),(155,'12',751,51),(156,'13',751,52),(157,'12',751,53),(158,'19',751,54),(159,'11',751,55),(160,'19',751,56),(161,'11',751,57),(162,'19',751,58),(163,'12',751,59),(164,'13',751,60),(165,'12',751,61),(166,'19',751,62),(167,'11',751,63),(168,'19',751,64),(169,'12',751,65),(170,'13',751,66),(171,'12',751,67),(172,'19',751,68),(173,'11',751,69),(174,'19',751,70),(175,'12',751,71),(176,'13',751,72),(177,'12',751,73),(178,'11',753,20),(179,'11',753,21),(180,'11',753,22),(181,'11',753,23),(182,'11',753,24),(183,'11',753,25),(184,'11',753,26),(185,'11',753,27),(186,'11',753,28),(187,'11',753,29),(188,'19',753,30),(189,'19',753,31),(190,'19',753,32),(191,'19',753,33),(192,'19',753,34),(193,'19',753,35),(194,'19',753,36),(195,'19',753,37),(196,'19',753,38),(197,'19',753,39),(198,'19',753,40),(199,'19',753,41),(200,'19',753,42),(201,'19',753,43),(202,'19',753,44),(203,'19',753,45),(204,'19',753,46),(205,'19',753,47),(206,'12',753,48),(207,'12',753,49),(208,'12',753,50),(209,'12',753,51),(210,'12',753,52),(211,'12',753,53),(212,'12',753,54),(213,'12',753,55),(214,'12',753,56),(215,'19',753,57),(216,'12',753,58),(217,'19',753,59),(218,'12',753,60),(219,'19',753,61),(220,'12',753,62),(221,'19',753,63),(222,'12',753,64),(223,'19',753,65),(224,'12',753,66),(225,'19',753,67),(226,'12',753,68),(227,'19',753,69),(228,'12',753,70),(229,'19',753,71),(230,'12',753,72),(231,'19',753,73),(232,'11',752,20),(233,'11',752,21),(234,'11',752,22),(235,'11',752,23),(236,'11',752,24),(237,'11',752,25),(238,'11',752,26),(239,'11',752,27),(240,'11',752,28),(241,'11',752,29),(242,'11',752,30),(243,'11',752,31),(244,'11',752,32),(245,'11',752,33),(246,'11',752,34),(247,'11',752,35),(248,'11',752,36),(249,'11',752,37),(250,'11',752,38),(251,'11',752,39),(252,'11',752,40),(253,'11',752,41),(254,'11',752,42),(255,'11',752,43),(256,'11',752,44),(257,'11',752,45),(258,'11',752,46),(259,'11',752,47),(260,'11',752,48),(261,'11',752,49),(262,'11',752,50),(263,'11',752,51),(264,'11',752,52),(265,'11',752,53),(266,'11',752,54),(267,'11',752,55),(268,'11',752,56),(269,'11',752,57),(270,'11',752,58),(271,'11',752,59),(272,'11',752,60),(273,'11',752,61),(274,'11',752,62),(275,'11',752,63),(276,'11',752,64),(277,'11',752,65),(278,'11',752,66),(279,'11',752,67),(280,'11',752,68),(281,'11',752,69),(282,'11',752,70),(283,'11',752,71),(284,'11',752,72),(285,'11',752,73),(286,'13',754,20),(287,'13',754,21),(288,'13',754,22),(289,'13',754,23),(290,'13',754,24),(291,'13',754,25),(292,'13',754,26),(293,'13',754,27),(294,'13',754,28),(295,'13',754,29),(296,'13',754,30),(297,'13',754,31),(298,'13',754,32),(299,'13',754,33),(300,'13',754,34),(301,'13',754,35),(302,'13',754,36),(303,'13',754,37),(304,'13',754,38),(305,'13',754,39),(306,'13',754,40),(307,'13',754,41),(308,'13',754,42),(309,'13',754,43),(310,'13',754,44),(311,'13',754,45),(312,'13',754,46),(313,'13',754,47),(314,'13',754,48),(315,'13',754,49),(316,'13',754,50),(317,'13',754,51),(318,'13',754,52),(319,'13',754,53),(320,'13',754,54),(321,'13',754,55),(322,'13',754,56),(323,'13',754,57),(324,'13',754,58),(325,'13',754,59),(326,'13',754,60),(327,'13',754,61),(328,'13',754,62),(329,'13',754,63),(330,'13',754,64),(331,'13',754,65),(332,'13',754,66),(333,'13',754,67),(334,'13',754,68),(335,'13',754,69),(336,'13',754,70),(337,'13',754,71),(338,'13',754,72),(339,'13',754,73);
