-- MySQL dump 10.13  Distrib 5.6.24, for Win64 (x86_64)
--
-- Host: 127.0.0.1    Database: farmaciabd
-- ------------------------------------------------------
-- Server version	5.6.25-log

/*!40101 SET @OLD_CHARACTER_SET_CLIENT=@@CHARACTER_SET_CLIENT */;
/*!40101 SET @OLD_CHARACTER_SET_RESULTS=@@CHARACTER_SET_RESULTS */;
/*!40101 SET @OLD_COLLATION_CONNECTION=@@COLLATION_CONNECTION */;
/*!40101 SET NAMES utf8 */;
/*!40103 SET @OLD_TIME_ZONE=@@TIME_ZONE */;
/*!40103 SET TIME_ZONE='+00:00' */;
/*!40014 SET @OLD_UNIQUE_CHECKS=@@UNIQUE_CHECKS, UNIQUE_CHECKS=0 */;
/*!40014 SET @OLD_FOREIGN_KEY_CHECKS=@@FOREIGN_KEY_CHECKS, FOREIGN_KEY_CHECKS=0 */;
/*!40101 SET @OLD_SQL_MODE=@@SQL_MODE, SQL_MODE='NO_AUTO_VALUE_ON_ZERO' */;
/*!40111 SET @OLD_SQL_NOTES=@@SQL_NOTES, SQL_NOTES=0 */;

--
-- Table structure for table `actcomedor`
--

DROP TABLE IF EXISTS `actcomedor`;
/*!40101 SET @saved_cs_client     = @@character_set_client */;
/*!40101 SET character_set_client = utf8 */;
CREATE TABLE `actcomedor` (
  `idActComedor` int(10) unsigned NOT NULL AUTO_INCREMENT,
  `fechaConvocatoria` date NOT NULL,
  `idActividad` int(10) unsigned NOT NULL,
  `created_at` timestamp NULL DEFAULT NULL,
  `updated_at` timestamp NULL DEFAULT NULL,
  PRIMARY KEY (`idActComedor`),
  KEY `actcomedor_idactividad_foreign` (`idActividad`),
  CONSTRAINT `actcomedor_idactividad_foreign` FOREIGN KEY (`idActividad`) REFERENCES `actividad` (`idActividad`) ON DELETE CASCADE
) ENGINE=InnoDB DEFAULT CHARSET=utf8 COLLATE=utf8_unicode_ci;
/*!40101 SET character_set_client = @saved_cs_client */;

--
-- Dumping data for table `actcomedor`
--

LOCK TABLES `actcomedor` WRITE;
/*!40000 ALTER TABLE `actcomedor` DISABLE KEYS */;
/*!40000 ALTER TABLE `actcomedor` ENABLE KEYS */;
UNLOCK TABLES;

--
-- Table structure for table `actgrupal`
--

DROP TABLE IF EXISTS `actgrupal`;
/*!40101 SET @saved_cs_client     = @@character_set_client */;
/*!40101 SET character_set_client = utf8 */;
CREATE TABLE `actgrupal` (
  `idActGrupal` int(10) unsigned NOT NULL AUTO_INCREMENT,
  `cuposDisponibles` int(11) NOT NULL,
  `cuposOcupados` int(11) NOT NULL DEFAULT '0',
  `idActividad` int(10) unsigned NOT NULL,
  `created_at` timestamp NULL DEFAULT NULL,
  `updated_at` timestamp NULL DEFAULT NULL,
  PRIMARY KEY (`idActGrupal`),
  KEY `actgrupal_idactividad_foreign` (`idActividad`),
  CONSTRAINT `actgrupal_idactividad_foreign` FOREIGN KEY (`idActividad`) REFERENCES `actividad` (`idActividad`) ON DELETE CASCADE
) ENGINE=InnoDB AUTO_INCREMENT=17 DEFAULT CHARSET=utf8 COLLATE=utf8_unicode_ci;
/*!40101 SET character_set_client = @saved_cs_client */;

--
-- Dumping data for table `actgrupal`
--

LOCK TABLES `actgrupal` WRITE;
/*!40000 ALTER TABLE `actgrupal` DISABLE KEYS */;
INSERT INTO `actgrupal` VALUES (7,0,10,29,'2017-11-01 01:39:02','2017-11-01 01:39:02'),(8,4,6,33,'2017-11-01 02:29:28','2017-11-01 02:29:28'),(9,4,1,34,'2017-11-01 02:42:59','2017-11-01 02:42:59'),(10,64,1,35,'2017-11-01 02:57:01','2017-11-01 02:57:01'),(11,4,1,36,'2017-11-01 02:59:02','2017-11-01 02:59:02'),(12,7,0,37,'2017-11-01 03:04:45','2017-11-01 03:04:45'),(13,7,3,38,'2017-11-01 03:10:05','2017-11-01 03:10:05'),(14,10,0,39,'2017-11-01 03:11:34','2017-11-01 03:11:34'),(15,10,0,40,'2017-11-02 11:46:32','2017-11-02 11:46:32'),(16,4,1,41,'2017-11-02 20:33:54','2017-11-02 20:33:54');
/*!40000 ALTER TABLE `actgrupal` ENABLE KEYS */;
UNLOCK TABLES;

--
-- Table structure for table `actividad`
--

DROP TABLE IF EXISTS `actividad`;
/*!40101 SET @saved_cs_client     = @@character_set_client */;
/*!40101 SET character_set_client = utf8 */;
CREATE TABLE `actividad` (
  `idActividad` int(10) unsigned NOT NULL AUTO_INCREMENT,
  `titulo` varchar(100) COLLATE utf8_unicode_ci NOT NULL,
  `fechaInicio` date NOT NULL,
  `horaInicio` time NOT NULL,
  `horaFin` time DEFAULT NULL,
  `fechaFin` date DEFAULT NULL,
  `lugar` mediumtext COLLATE utf8_unicode_ci NOT NULL,
  `referencia` mediumtext COLLATE utf8_unicode_ci,
  `descripcion` longtext COLLATE utf8_unicode_ci NOT NULL,
  `informacionAdicional` longtext COLLATE utf8_unicode_ci,
  `fechaEjecutada` date DEFAULT NULL,
  `horaEjecutada` time DEFAULT NULL,
  `cuposTotales` int(11) NOT NULL,
  `estado` enum('1','2','3','4') COLLATE utf8_unicode_ci NOT NULL DEFAULT '1',
  `anioSemestre` smallint(6) NOT NULL,
  `numeroSemestre` enum('1','2','3') COLLATE utf8_unicode_ci NOT NULL,
  `modalidad` enum('1','2') COLLATE utf8_unicode_ci NOT NULL,
  `observaciones` varchar(500) COLLATE utf8_unicode_ci NOT NULL DEFAULT 'Ninguna',
  `recomendaciones` varchar(500) COLLATE utf8_unicode_ci NOT NULL DEFAULT 'Ninguna',
  `rutaImagen` mediumtext COLLATE utf8_unicode_ci,
  `invitado` varchar(500) COLLATE utf8_unicode_ci DEFAULT NULL,
  `idTipoActividad` int(10) unsigned NOT NULL,
  `idUserResp` int(10) unsigned NOT NULL,
  `idUserProg` int(10) unsigned NOT NULL,
  `created_at` timestamp NULL DEFAULT NULL,
  `updated_at` timestamp NULL DEFAULT NULL,
  PRIMARY KEY (`idActividad`),
  KEY `actividad_idtipoactividad_foreign` (`idTipoActividad`),
  KEY `actividad_iduserresp_foreign` (`idUserResp`),
  KEY `actividad_iduserprog_foreign` (`idUserProg`),
  CONSTRAINT `actividad_idtipoactividad_foreign` FOREIGN KEY (`idTipoActividad`) REFERENCES `tipoactividad` (`idTipoActividad`),
  CONSTRAINT `actividad_iduserprog_foreign` FOREIGN KEY (`idUserProg`) REFERENCES `user` (`id`),
  CONSTRAINT `actividad_iduserresp_foreign` FOREIGN KEY (`idUserResp`) REFERENCES `user` (`id`)
) ENGINE=InnoDB AUTO_INCREMENT=43 DEFAULT CHARSET=utf8 COLLATE=utf8_unicode_ci;
/*!40101 SET character_set_client = @saved_cs_client */;

--
-- Dumping data for table `actividad`
--

LOCK TABLES `actividad` WRITE;
/*!40000 ALTER TABLE `actividad` DISABLE KEYS */;
INSERT INTO `actividad` VALUES (27,'Una actividad de psicología xD','2017-10-31','15:15:00','15:45:00','2017-10-31','asdasdad',NULL,'porque necesitas un loquero mi niña',NULL,NULL,NULL,1,'1',2017,'2','1','Ninguna','Ninguna',NULL,NULL,2,847,847,'2017-11-01 01:26:45','2017-11-01 01:26:45'),(28,'Actividad de Servicio Social Inividual','2017-10-31','15:15:00','15:30:00','2017-10-31','Bienestar Universitario',NULL,'servicio social individual',NULL,NULL,NULL,1,'1',2017,'2','1','Ninguna','Ninguna',NULL,NULL,3,847,847,'2017-11-01 01:36:50','2017-11-01 01:36:50'),(29,'Otra actividad de servicio social, pero esta vez será Grupal','2017-10-31','15:30:00','16:45:00','2017-10-31','Por ahi',NULL,'Una actividad de servicio social grupal, ya sabes,una de estas charlas que todos los asistentes ignorarán, si es que alguien asiste, claro está.',NULL,NULL,NULL,10,'1',2017,'2','2','Ninguna','Ninguna',NULL,NULL,3,799,847,'2017-11-01 01:39:02','2017-11-01 01:39:02'),(31,'nueva tutoria','2017-10-31','16:00:00','17:00:00','2017-10-31','en algun lugar del conocimiento','pos no seas bruto','esta es mi nueva tutoria',NULL,NULL,NULL,1,'1',2017,'2','1','Ninguna','Ninguna',NULL,NULL,4,800,847,'2017-11-01 02:18:06','2017-11-01 02:18:06'),(32,'Esta es una tutoría para más de uno :)','2017-10-31','16:15:00','16:30:00','2017-10-31','sdfsdfd',NULL,'en grupo my friend',NULL,NULL,NULL,2,'1',2017,'2','2','Ninguna','Ninguna',NULL,NULL,4,799,847,'2017-11-01 02:25:48','2017-11-01 02:25:48'),(33,'Mejor no digo nada sobre los deportes','2017-10-31','16:15:00','17:00:00','2017-10-31','En algun estadio','Sigue los subnormales','Se supone que es grupal.','No lisiados',NULL,NULL,10,'1',2017,'2','2','Ninguna','Ninguna',NULL,NULL,5,847,847,'2017-11-01 02:29:28','2017-11-01 02:29:28'),(34,'Deportes pero con un invitado','2017-11-01','16:30:00','16:30:00','2017-11-01','asadasd',NULL,'deportes con un colado',NULL,NULL,NULL,5,'1',2017,'2','2','Ninguna','Ninguna','actividades/imgAct_1509486179.jpg','Invitado-Apellido-uncorreobonito@dominio.com',5,839,847,'2017-11-01 02:42:59','2017-11-01 02:42:59'),(35,'Ya que','2017-10-30','16:45:00','16:45:00','2017-10-31','Do',NULL,'F',NULL,NULL,NULL,65,'1',2017,'2','2','Ninguna','Ninguna',NULL,NULL,5,39,845,'2017-11-01 02:57:01','2017-11-01 02:57:01'),(36,'Discriminadora aqui discriminando en una actividad si quiero Cultural','2017-10-31','17:45:00','17:00:00','2017-10-31','es gracioso',NULL,'En teoria lo que tu quieras',NULL,NULL,NULL,5,'1',2017,'2','2','Ninguna','Ninguna',NULL,NULL,6,47,847,'2017-11-01 02:59:02','2017-11-01 02:59:02'),(37,'Programando porque el programador es parguela (Act de tipo Cultural)','2017-10-31','17:00:00','17:00:00','2017-10-31','hola',NULL,'Actividad cultural con un invitado increiblemente increible',NULL,NULL,NULL,7,'1',2017,'2','2','Ninguna','Ninguna',NULL,NULL,6,138,845,'2017-11-01 03:04:45','2017-11-01 03:04:45'),(38,'Nueva actividad de Esparcimiento','2017-11-01','17:00:00','17:00:00','2017-11-02','asdsd',NULL,'Esperame un momento mientras pruebo la de esparcimiento',NULL,NULL,NULL,10,'1',2017,'2','2','Ninguna','Ninguna',NULL,NULL,7,8,845,'2017-11-01 03:10:05','2017-11-01 03:10:05'),(39,'No me interrumpas, sigo con Esparcimiento + inivitado','2017-11-01','17:00:00','17:00:00','2017-11-02','adsadasd',NULL,'sfsfadf',NULL,NULL,NULL,10,'1',2017,'2','2','Ninguna','Ninguna',NULL,'Sobona-SuperSobona-guevara@unitru.edu.pe',7,6,845,'2017-11-01 03:11:34','2017-11-01 03:11:34'),(40,'Una nueva actividad de prueba, con una descripción larga','2017-11-03','08:30:00','09:30:00','2017-11-04','Campamento de Trujillo',NULL,'Lorem ipsum dolor sit amet, consectetur adipisicing elit, sed do eiusmod tempor incididunt ut labore et dolore magna aliqua. Ut enim ad minim veniam, quis nostrud exercitation ullamco laboris nisi ut aliquip ex ea commodo consequat. Duis aute irure dolor in reprehenderit in voluptate velit esse cillum dolore eu fugiat nulla pariatur. Excepteur sint occaecat cupidatat non proident, sunt in culpa qui officia deserunt mollit anim id est laborum.\r\n\r\nLorem ipsum dolor sit amet, consectetur adipisicing elit, sed do eiusmod tempor incididunt ut labore et dolore magna aliqua. Ut enim ad minim veniam, quis nostrud exercitation ullamco laboris nisi ut aliquip ex ea commodo consequat. Duis aute irure dolor in reprehenderit in voluptate velit esse cillum dolore eu fugiat nulla pariatur. Excepteur sint occaecat cupidatat non proident, sunt in culpa qui officia deserunt mollit anim id est laborum.','Lorem ipsum dolor sit amet, consectetur adipisicing elit, sed do eiusmod tempor incididunt ut labore et dolore magna aliqua. Ut enim ad minim veniam, quis nostrud exercitation ullamco laboris nisi ut aliquip ex ea commodo consequat. Duis aute irure dolor in reprehenderit in voluptate velit esse cillum dolore eu fugiat nulla pariatur. Excepteur sint occaecat cupidatat non proident, sunt in culpa qui officia deserunt mollit anim id est laborum.',NULL,NULL,10,'1',2017,'2','2','Ninguna','Ninguna',NULL,NULL,7,837,845,'2017-11-02 11:46:32','2017-11-02 11:46:32'),(41,'Torneo de Plants vs Zombies Garden Warfare','2017-11-03','10:30:00','14:30:00','2017-11-03','Cibercafe Game-center - La Noria','En frente de la Comisaria La Noria','Lorem ipsum dolor sit amet, consectetur adipisicing elit, sed do eiusmod tempor incididunt ut labore et dolore magna aliqua. Ut enim ad minim veniam, quis nostrud exercitation ullamco laboris nisi ut aliquip ex ea commodo consequat. Duis aute irure dolor in reprehenderit in voluptate velit esse cillum dolore eu fugiat nulla pariatur. Excepteur sint occaecat cupidatat non proident, sunt in culpa qui officia deserunt mollit anim id est laborum.\r\nLorem ipsum dolor sit amet, consectetur adipisicing elit, sed do eiusmod tempor incididunt ut labore et dolore magna aliqua. Ut enim ad minim veniam, quis nostrud exercitation ullamco laboris nisi ut aliquip ex ea commodo consequat. Duis aute irure dolor in reprehenderit in voluptate velit esse cillum dolore eu fugiat nulla pariatur. Excepteur sint occaecat cupidatat non proident, sunt in culpa qui officia deserunt mollit anim id est laborum.','Lorem ipsum dolor sit amet, consectetur adipisicing elit, sed do eiusmod tempor incididunt ut labore et dolore magna aliqua. Ut enim ad minim veniam, quis nostrud exercitation ullamco laboris nisi ut aliquip ex ea commodo consequat. Duis aute irure dolor in reprehenderit in voluptate velit esse cillum dolore eu fugiat nulla pariatur. Excepteur sint occaecat cupidatat non proident, sunt in culpa qui officia deserunt mollit anim id est laborum.',NULL,NULL,5,'1',2017,'2','2','Ninguna','Ninguna','actividades/imgAct_1509636834.jpg',NULL,7,343,847,'2017-11-02 20:33:54','2017-11-02 20:33:54'),(42,'Una nueva actividad de prueba','2017-11-02','11:00:00','11:15:00','2017-11-02','Bienestar Universitario',NULL,'Es una derivacion',NULL,NULL,NULL,1,'1',2017,'2','1','Ninguna','Ninguna',NULL,NULL,1,847,847,'2017-11-02 21:10:11','2017-11-02 21:10:11');
/*!40000 ALTER TABLE `actividad` ENABLE KEYS */;
UNLOCK TABLES;

--
-- Table structure for table `actmovilidad`
--

DROP TABLE IF EXISTS `actmovilidad`;
/*!40101 SET @saved_cs_client     = @@character_set_client */;
/*!40101 SET character_set_client = utf8 */;
CREATE TABLE `actmovilidad` (
  `idActMovilidad` int(10) unsigned NOT NULL AUTO_INCREMENT,
  `fechaInicioConvocatoria` date NOT NULL,
  `fechaFinConvocatoria` date NOT NULL,
  `idActividad` int(10) unsigned NOT NULL,
  `created_at` timestamp NULL DEFAULT NULL,
  `updated_at` timestamp NULL DEFAULT NULL,
  PRIMARY KEY (`idActMovilidad`),
  KEY `actmovilidad_idactividad_foreign` (`idActividad`),
  CONSTRAINT `actmovilidad_idactividad_foreign` FOREIGN KEY (`idActividad`) REFERENCES `actividad` (`idActividad`) ON DELETE CASCADE
) ENGINE=InnoDB DEFAULT CHARSET=utf8 COLLATE=utf8_unicode_ci;
/*!40101 SET character_set_client = @saved_cs_client */;

--
-- Dumping data for table `actmovilidad`
--

LOCK TABLES `actmovilidad` WRITE;
/*!40000 ALTER TABLE `actmovilidad` DISABLE KEYS */;
/*!40000 ALTER TABLE `actmovilidad` ENABLE KEYS */;
UNLOCK TABLES;

--
-- Table structure for table `actpedagogia`
--

DROP TABLE IF EXISTS `actpedagogia`;
/*!40101 SET @saved_cs_client     = @@character_set_client */;
/*!40101 SET character_set_client = utf8 */;
CREATE TABLE `actpedagogia` (
  `idActPedagogia` int(10) unsigned NOT NULL AUTO_INCREMENT,
  `formaTutoria` enum('1','2','3') COLLATE utf8_unicode_ci NOT NULL,
  `canalizacion` enum('1','2') COLLATE utf8_unicode_ci DEFAULT NULL,
  `idActividad` int(10) unsigned NOT NULL,
  `created_at` timestamp NULL DEFAULT NULL,
  `updated_at` timestamp NULL DEFAULT NULL,
  PRIMARY KEY (`idActPedagogia`),
  KEY `actpedagogia_idactividad_foreign` (`idActividad`),
  CONSTRAINT `actpedagogia_idactividad_foreign` FOREIGN KEY (`idActividad`) REFERENCES `actividad` (`idActividad`) ON DELETE CASCADE
) ENGINE=InnoDB AUTO_INCREMENT=26 DEFAULT CHARSET=utf8 COLLATE=utf8_unicode_ci;
/*!40101 SET character_set_client = @saved_cs_client */;

--
-- Dumping data for table `actpedagogia`
--

LOCK TABLES `actpedagogia` WRITE;
/*!40000 ALTER TABLE `actpedagogia` DISABLE KEYS */;
INSERT INTO `actpedagogia` VALUES (23,'1',NULL,31,'2017-11-01 02:18:06','2017-11-01 02:18:06'),(24,'1',NULL,32,'2017-11-01 02:25:48','2017-11-01 02:25:48'),(25,'1',NULL,32,'2017-11-01 02:25:48','2017-11-01 02:25:48');
/*!40000 ALTER TABLE `actpedagogia` ENABLE KEYS */;
UNLOCK TABLES;

--
-- Table structure for table `administrativo`
--

DROP TABLE IF EXISTS `administrativo`;
/*!40101 SET @saved_cs_client     = @@character_set_client */;
/*!40101 SET character_set_client = utf8 */;
CREATE TABLE `administrativo` (
  `idAdministrativo` int(10) unsigned NOT NULL AUTO_INCREMENT,
  `cargo` varchar(50) COLLATE utf8_unicode_ci NOT NULL,
  `idUser` int(10) unsigned NOT NULL,
  `created_at` timestamp NULL DEFAULT NULL,
  `updated_at` timestamp NULL DEFAULT NULL,
  PRIMARY KEY (`idAdministrativo`),
  KEY `administrativo_iduser_foreign` (`idUser`),
  CONSTRAINT `administrativo_iduser_foreign` FOREIGN KEY (`idUser`) REFERENCES `user` (`id`) ON DELETE CASCADE
) ENGINE=InnoDB AUTO_INCREMENT=27 DEFAULT CHARSET=utf8 COLLATE=utf8_unicode_ci;
/*!40101 SET character_set_client = @saved_cs_client */;

--
-- Dumping data for table `administrativo`
--

LOCK TABLES `administrativo` WRITE;
/*!40000 ALTER TABLE `administrativo` DISABLE KEYS */;
INSERT INTO `administrativo` VALUES (1,'TECNICO ADMINISTRATIVO II',774,'2017-10-24 06:23:24','2017-10-24 06:23:24'),(2,'TECNICO ADMINISTRATIVO III',775,'2017-10-24 06:23:24','2017-10-24 06:23:24'),(3,'TECNICO ADMINISTRATIVO I',776,'2017-10-24 06:23:24','2017-10-24 06:23:24'),(4,'DIRECTOR DE SISTEMA ADMINISTRATIVO I',777,'2017-10-24 06:23:24','2017-10-24 06:23:24'),(5,'TECNICO EN LABORATORIO II',778,'2017-10-24 06:23:24','2017-10-24 06:23:24'),(6,'AUXILIAR DE LABORATORIO I',779,'2017-10-24 06:23:24','2017-10-24 06:23:24'),(7,'AUXILIAR DE LABORATORIO I',780,'2017-10-24 06:23:24','2017-10-24 06:23:24'),(8,'TECNICO ADMINISTRATIVO III',781,'2017-10-24 06:23:24','2017-10-24 06:23:24'),(9,'TECNICO ADMINISTRATIVO II',782,'2017-10-24 06:23:24','2017-10-24 06:23:24'),(10,'TECNICO EN LABORATORIO I',783,'2017-10-24 06:23:24','2017-10-24 06:23:24'),(11,'ASISTENTE EN SERVICIO DE EDUCACION Y CULTURA I',784,'2017-10-24 06:23:24','2017-10-24 06:23:24'),(12,'TECNICO ADMINISTRATIVO II',785,'2017-10-24 06:23:24','2017-10-24 06:23:24'),(13,'TÉCNICO ADMINISTRATIVO  III',786,'2017-10-24 06:23:24','2017-10-24 06:23:24'),(14,'TECNICO EN BIBLIOTECA I',787,'2017-10-24 06:23:24','2017-10-24 06:23:24'),(15,'QUIMICO FARMACEUTICO III',788,'2017-10-24 06:23:24','2017-10-24 06:23:24'),(16,'TECNICO ADMINISTRATIVO I',789,'2017-10-24 06:23:24','2017-10-24 06:23:24'),(17,'TRABAJADOR EN SERVICIOS III',790,'2017-10-24 06:23:24','2017-10-24 06:23:24'),(18,'TECNICO EN BIBLIOTECA I',791,'2017-10-24 06:23:24','2017-10-24 06:23:24'),(19,'AUXILIAR DE SISTEMA ADMINISTRATIVO  I',792,'2017-10-24 06:23:24','2017-10-24 06:23:24'),(20,'PROFESIONAL',793,'2017-10-24 06:23:24','2017-10-24 06:23:24'),(21,'AUXILIAR',794,'2017-10-24 06:23:24','2017-10-24 06:23:24'),(22,'AUXILIAR',795,'2017-10-24 06:23:24','2017-10-24 06:23:24'),(23,'AUXILIAR',796,'2017-10-24 06:23:24','2017-10-24 06:23:24'),(24,'AUXILIAR',797,'2017-10-24 06:23:24','2017-10-24 06:23:24'),(25,'AUXILIAR',798,'2017-10-24 06:23:24','2017-10-24 06:23:24'),(26,'Amo y señor',845,'2017-10-25 10:28:48','2017-10-25 10:28:48');
/*!40000 ALTER TABLE `administrativo` ENABLE KEYS */;
UNLOCK TABLES;

--
-- Table structure for table `alternativa`
--

DROP TABLE IF EXISTS `alternativa`;
/*!40101 SET @saved_cs_client     = @@character_set_client */;
/*!40101 SET character_set_client = utf8 */;
CREATE TABLE `alternativa` (
  `idAlternativa` int(10) unsigned NOT NULL AUTO_INCREMENT,
  `etiqueta` varchar(20) COLLATE utf8_unicode_ci NOT NULL,
  `idEncuesta` int(10) unsigned NOT NULL,
  PRIMARY KEY (`idAlternativa`),
  KEY `alternativa_idencuesta_foreign` (`idEncuesta`),
  CONSTRAINT `alternativa_idencuesta_foreign` FOREIGN KEY (`idEncuesta`) REFERENCES `encuesta` (`idEncuesta`)
) ENGINE=InnoDB DEFAULT CHARSET=utf8 COLLATE=utf8_unicode_ci;
/*!40101 SET character_set_client = @saved_cs_client */;

--
-- Dumping data for table `alternativa`
--

LOCK TABLES `alternativa` WRITE;
/*!40000 ALTER TABLE `alternativa` DISABLE KEYS */;
/*!40000 ALTER TABLE `alternativa` ENABLE KEYS */;
UNLOCK TABLES;

--
-- Table structure for table `alumno`
--

DROP TABLE IF EXISTS `alumno`;
/*!40101 SET @saved_cs_client     = @@character_set_client */;
/*!40101 SET character_set_client = utf8 */;
CREATE TABLE `alumno` (
  `idAlumno` int(10) unsigned NOT NULL AUTO_INCREMENT,
  `condicion` enum('1','2','3') COLLATE utf8_unicode_ci NOT NULL,
  `idUser` int(10) unsigned NOT NULL,
  `created_at` timestamp NULL DEFAULT NULL,
  `updated_at` timestamp NULL DEFAULT NULL,
  PRIMARY KEY (`idAlumno`),
  KEY `alumno_iduser_foreign` (`idUser`),
  CONSTRAINT `alumno_iduser_foreign` FOREIGN KEY (`idUser`) REFERENCES `user` (`id`) ON DELETE CASCADE
) ENGINE=InnoDB AUTO_INCREMENT=684 DEFAULT CHARSET=utf8 COLLATE=utf8_unicode_ci;
/*!40101 SET character_set_client = @saved_cs_client */;

--
-- Dumping data for table `alumno`
--

LOCK TABLES `alumno` WRITE;
/*!40000 ALTER TABLE `alumno` DISABLE KEYS */;
INSERT INTO `alumno` VALUES (1,'1',1,'2017-10-24 05:47:37','2017-10-24 05:47:37'),(2,'1',2,'2017-10-24 05:47:37','2017-10-24 05:47:37'),(3,'1',3,'2017-10-24 05:47:37','2017-10-24 05:47:37'),(4,'1',4,'2017-10-24 05:47:37','2017-10-24 05:47:37'),(5,'1',5,'2017-10-24 05:47:37','2017-10-24 05:47:37'),(6,'1',6,'2017-10-24 05:47:37','2017-10-24 05:47:37'),(7,'1',7,'2017-10-24 05:47:37','2017-10-24 05:47:37'),(8,'1',8,'2017-10-24 05:47:37','2017-10-24 05:47:37'),(9,'1',9,'2017-10-24 05:47:37','2017-10-24 05:47:37'),(10,'1',10,'2017-10-24 05:47:37','2017-10-24 05:47:37'),(11,'1',11,'2017-10-24 05:47:37','2017-10-24 05:47:37'),(12,'1',12,'2017-10-24 05:47:37','2017-10-24 05:47:37'),(13,'1',13,'2017-10-24 05:47:37','2017-10-24 05:47:37'),(14,'1',14,'2017-10-24 05:47:37','2017-10-24 05:47:37'),(15,'1',15,'2017-10-24 05:47:37','2017-10-24 05:47:37'),(16,'1',16,'2017-10-24 05:47:37','2017-10-24 05:47:37'),(17,'1',17,'2017-10-24 05:47:37','2017-10-24 05:47:37'),(18,'1',18,'2017-10-24 05:47:37','2017-10-24 05:47:37'),(19,'1',19,'2017-10-24 05:47:37','2017-10-24 05:47:37'),(20,'1',20,'2017-10-24 05:47:37','2017-10-24 05:47:37'),(21,'1',21,'2017-10-24 05:47:37','2017-10-24 05:47:37'),(22,'1',22,'2017-10-24 05:47:37','2017-10-24 05:47:37'),(23,'1',23,'2017-10-24 05:47:37','2017-10-24 05:47:37'),(24,'1',24,'2017-10-24 05:47:37','2017-10-24 05:47:37'),(25,'1',25,'2017-10-24 05:47:37','2017-10-24 05:47:37'),(26,'1',26,'2017-10-24 05:47:37','2017-10-24 05:47:37'),(27,'1',27,'2017-10-24 05:47:37','2017-10-24 05:47:37'),(28,'1',28,'2017-10-24 05:47:37','2017-10-24 05:47:37'),(29,'1',29,'2017-10-24 05:47:37','2017-10-24 05:47:37'),(30,'1',30,'2017-10-24 05:47:37','2017-10-24 05:47:37'),(31,'1',31,'2017-10-24 05:47:37','2017-10-24 05:47:37'),(32,'1',32,'2017-10-24 05:47:37','2017-10-24 05:47:37'),(33,'1',33,'2017-10-24 05:47:37','2017-10-24 05:47:37'),(34,'1',34,'2017-10-24 05:47:37','2017-10-24 05:47:37'),(35,'1',35,'2017-10-24 05:47:37','2017-10-24 05:47:37'),(36,'1',36,'2017-10-24 05:47:37','2017-10-24 05:47:37'),(37,'1',37,'2017-10-24 05:47:37','2017-10-24 05:47:37'),(38,'1',38,'2017-10-24 05:47:37','2017-10-24 05:47:37'),(39,'1',39,'2017-10-24 05:47:37','2017-10-24 05:47:37'),(40,'1',40,'2017-10-24 05:47:37','2017-10-24 05:47:37'),(41,'1',41,'2017-10-24 05:47:37','2017-10-24 05:47:37'),(42,'1',42,'2017-10-24 05:47:37','2017-10-24 05:47:37'),(43,'1',43,'2017-10-24 05:47:37','2017-10-24 05:47:37'),(44,'1',44,'2017-10-24 05:47:37','2017-10-24 05:47:37'),(45,'1',45,'2017-10-24 05:47:37','2017-10-24 05:47:37'),(46,'1',46,'2017-10-24 05:47:37','2017-10-24 05:47:37'),(47,'1',47,'2017-10-24 05:47:37','2017-10-24 05:47:37'),(48,'1',48,'2017-10-24 05:47:37','2017-10-24 05:47:37'),(49,'1',49,'2017-10-24 05:47:37','2017-10-24 05:47:37'),(50,'1',50,'2017-10-24 05:47:37','2017-10-24 05:47:37'),(51,'1',51,'2017-10-24 05:47:37','2017-10-24 05:47:37'),(52,'1',52,'2017-10-24 05:47:37','2017-10-24 05:47:37'),(53,'1',53,'2017-10-24 05:47:37','2017-10-24 05:47:37'),(54,'1',54,'2017-10-24 05:47:37','2017-10-24 05:47:37'),(55,'1',55,'2017-10-24 05:47:37','2017-10-24 05:47:37'),(56,'1',56,'2017-10-24 05:47:37','2017-10-24 05:47:37'),(57,'1',57,'2017-10-24 05:47:37','2017-10-24 05:47:37'),(58,'1',58,'2017-10-24 05:47:37','2017-10-24 05:47:37'),(59,'1',59,'2017-10-24 05:47:37','2017-10-24 05:47:37'),(60,'1',60,'2017-10-24 05:47:37','2017-10-24 05:47:37'),(61,'1',61,'2017-10-24 05:47:37','2017-10-24 05:47:37'),(62,'1',62,'2017-10-24 05:47:37','2017-10-24 05:47:37'),(63,'1',63,'2017-10-24 05:47:37','2017-10-24 05:47:37'),(64,'1',64,'2017-10-24 05:47:37','2017-10-24 05:47:37'),(65,'1',65,'2017-10-24 05:47:37','2017-10-24 05:47:37'),(66,'1',66,'2017-10-24 05:47:37','2017-10-24 05:47:37'),(67,'1',67,'2017-10-24 05:47:37','2017-10-24 05:47:37'),(68,'1',68,'2017-10-24 05:47:37','2017-10-24 05:47:37'),(69,'1',69,'2017-10-24 05:47:37','2017-10-24 05:47:37'),(70,'1',70,'2017-10-24 05:47:37','2017-10-24 05:47:37'),(71,'1',71,'2017-10-24 05:47:37','2017-10-24 05:47:37'),(72,'1',72,'2017-10-24 05:47:37','2017-10-24 05:47:37'),(73,'1',73,'2017-10-24 05:47:37','2017-10-24 05:47:37'),(74,'1',74,'2017-10-24 05:47:37','2017-10-24 05:47:37'),(75,'1',75,'2017-10-24 05:47:37','2017-10-24 05:47:37'),(76,'1',76,'2017-10-24 05:47:37','2017-10-24 05:47:37'),(77,'1',77,'2017-10-24 05:47:37','2017-10-24 05:47:37'),(78,'1',78,'2017-10-24 05:47:37','2017-10-24 05:47:37'),(79,'1',79,'2017-10-24 05:47:37','2017-10-24 05:47:37'),(80,'1',80,'2017-10-24 05:47:37','2017-10-24 05:47:37'),(81,'1',81,'2017-10-24 05:47:37','2017-10-24 05:47:37'),(82,'1',82,'2017-10-24 05:47:37','2017-10-24 05:47:37'),(83,'1',83,'2017-10-24 05:47:37','2017-10-24 05:47:37'),(84,'1',84,'2017-10-24 05:47:37','2017-10-24 05:47:37'),(85,'1',85,'2017-10-24 05:47:37','2017-10-24 05:47:37'),(86,'1',86,'2017-10-24 05:47:37','2017-10-24 05:47:37'),(87,'1',87,'2017-10-24 05:47:37','2017-10-24 05:47:37'),(88,'1',88,'2017-10-24 05:47:37','2017-10-24 05:47:37'),(89,'1',89,'2017-10-24 05:47:37','2017-10-24 05:47:37'),(90,'1',90,'2017-10-24 05:47:37','2017-10-24 05:47:37'),(91,'1',91,'2017-10-24 05:47:37','2017-10-24 05:47:37'),(92,'1',92,'2017-10-24 05:47:37','2017-10-24 05:47:37'),(93,'1',93,'2017-10-24 05:47:37','2017-10-24 05:47:37'),(94,'1',94,'2017-10-24 05:47:37','2017-10-24 05:47:37'),(95,'1',95,'2017-10-24 05:47:37','2017-10-24 05:47:37'),(96,'1',96,'2017-10-24 05:47:37','2017-10-24 05:47:37'),(97,'1',97,'2017-10-24 05:47:37','2017-10-24 05:47:37'),(98,'1',98,'2017-10-24 05:47:37','2017-10-24 05:47:37'),(99,'1',99,'2017-10-24 05:47:37','2017-10-24 05:47:37'),(100,'1',100,'2017-10-24 05:47:37','2017-10-24 05:47:37'),(101,'1',101,'2017-10-24 05:47:37','2017-10-24 05:47:37'),(102,'1',102,'2017-10-24 05:47:37','2017-10-24 05:47:37'),(103,'1',103,'2017-10-24 05:47:37','2017-10-24 05:47:37'),(104,'1',104,'2017-10-24 05:47:37','2017-10-24 05:47:37'),(105,'1',105,'2017-10-24 05:47:37','2017-10-24 05:47:37'),(106,'1',106,'2017-10-24 05:47:37','2017-10-24 05:47:37'),(107,'1',107,'2017-10-24 05:47:37','2017-10-24 05:47:37'),(108,'1',108,'2017-10-24 05:47:37','2017-10-24 05:47:37'),(109,'1',109,'2017-10-24 05:47:37','2017-10-24 05:47:37'),(110,'1',110,'2017-10-24 05:47:37','2017-10-24 05:47:37'),(111,'1',111,'2017-10-24 05:47:37','2017-10-24 05:47:37'),(112,'1',112,'2017-10-24 05:47:37','2017-10-24 05:47:37'),(113,'1',113,'2017-10-24 05:47:37','2017-10-24 05:47:37'),(114,'1',114,'2017-10-24 05:47:37','2017-10-24 05:47:37'),(115,'1',115,'2017-10-24 05:47:37','2017-10-24 05:47:37'),(116,'1',116,'2017-10-24 05:47:37','2017-10-24 05:47:37'),(117,'1',117,'2017-10-24 05:47:37','2017-10-24 05:47:37'),(118,'1',118,'2017-10-24 05:47:37','2017-10-24 05:47:37'),(119,'1',119,'2017-10-24 05:47:37','2017-10-24 05:47:37'),(120,'1',120,'2017-10-24 05:47:37','2017-10-24 05:47:37'),(121,'1',121,'2017-10-24 05:47:37','2017-10-24 05:47:37'),(122,'1',122,'2017-10-24 05:47:37','2017-10-24 05:47:37'),(123,'1',123,'2017-10-24 05:47:37','2017-10-24 05:47:37'),(124,'1',124,'2017-10-24 05:47:37','2017-10-24 05:47:37'),(125,'1',125,'2017-10-24 05:47:37','2017-10-24 05:47:37'),(126,'1',126,'2017-10-24 05:47:37','2017-10-24 05:47:37'),(127,'1',127,'2017-10-24 05:47:37','2017-10-24 05:47:37'),(128,'1',128,'2017-10-24 05:47:37','2017-10-24 05:47:37'),(129,'1',129,'2017-10-24 05:47:37','2017-10-24 05:47:37'),(130,'1',130,'2017-10-24 05:47:37','2017-10-24 05:47:37'),(131,'1',131,'2017-10-24 05:47:37','2017-10-24 05:47:37'),(132,'1',132,'2017-10-24 05:47:37','2017-10-24 05:47:37'),(133,'1',133,'2017-10-24 05:47:37','2017-10-24 05:47:37'),(134,'1',134,'2017-10-24 05:47:37','2017-10-24 05:47:37'),(135,'1',135,'2017-10-24 05:47:37','2017-10-24 05:47:37'),(136,'1',136,'2017-10-24 05:47:37','2017-10-24 05:47:37'),(137,'1',137,'2017-10-24 05:47:37','2017-10-24 05:47:37'),(138,'1',138,'2017-10-24 05:47:37','2017-10-24 05:47:37'),(139,'1',139,'2017-10-24 05:47:37','2017-10-24 05:47:37'),(140,'1',140,'2017-10-24 05:47:37','2017-10-24 05:47:37'),(141,'1',141,'2017-10-24 05:47:37','2017-10-24 05:47:37'),(142,'1',142,'2017-10-24 05:47:37','2017-10-24 05:47:37'),(143,'1',143,'2017-10-24 05:47:37','2017-10-24 05:47:37'),(144,'1',144,'2017-10-24 05:47:37','2017-10-24 05:47:37'),(145,'1',145,'2017-10-24 05:47:37','2017-10-24 05:47:37'),(146,'1',146,'2017-10-24 05:47:37','2017-10-24 05:47:37'),(147,'1',147,'2017-10-24 05:47:37','2017-10-24 05:47:37'),(148,'1',148,'2017-10-24 05:47:37','2017-10-24 05:47:37'),(149,'1',149,'2017-10-24 05:47:37','2017-10-24 05:47:37'),(150,'1',150,'2017-10-24 05:47:37','2017-10-24 05:47:37'),(151,'1',151,'2017-10-24 05:47:37','2017-10-24 05:47:37'),(152,'1',152,'2017-10-24 05:47:37','2017-10-24 05:47:37'),(153,'1',153,'2017-10-24 05:47:37','2017-10-24 05:47:37'),(154,'1',154,'2017-10-24 05:47:37','2017-10-24 05:47:37'),(155,'1',155,'2017-10-24 05:47:37','2017-10-24 05:47:37'),(156,'1',156,'2017-10-24 05:47:37','2017-10-24 05:47:37'),(157,'1',157,'2017-10-24 05:47:37','2017-10-24 05:47:37'),(158,'1',158,'2017-10-24 05:47:37','2017-10-24 05:47:37'),(159,'1',159,'2017-10-24 05:47:37','2017-10-24 05:47:37'),(160,'1',160,'2017-10-24 05:47:37','2017-10-24 05:47:37'),(161,'1',161,'2017-10-24 05:47:37','2017-10-24 05:47:37'),(162,'1',162,'2017-10-24 05:47:37','2017-10-24 05:47:37'),(163,'1',163,'2017-10-24 05:47:37','2017-10-24 05:47:37'),(164,'1',164,'2017-10-24 05:47:37','2017-10-24 05:47:37'),(165,'1',165,'2017-10-24 05:47:37','2017-10-24 05:47:37'),(166,'1',166,'2017-10-24 05:47:37','2017-10-24 05:47:37'),(167,'1',167,'2017-10-24 05:47:37','2017-10-24 05:47:37'),(168,'1',168,'2017-10-24 05:47:37','2017-10-24 05:47:37'),(169,'1',169,'2017-10-24 05:47:37','2017-10-24 05:47:37'),(170,'1',170,'2017-10-24 05:47:37','2017-10-24 05:47:37'),(171,'1',171,'2017-10-24 05:47:37','2017-10-24 05:47:37'),(172,'1',172,'2017-10-24 05:47:37','2017-10-24 05:47:37'),(173,'1',173,'2017-10-24 05:47:37','2017-10-24 05:47:37'),(174,'1',174,'2017-10-24 05:47:37','2017-10-24 05:47:37'),(175,'1',175,'2017-10-24 05:47:37','2017-10-24 05:47:37'),(176,'1',176,'2017-10-24 05:47:37','2017-10-24 05:47:37'),(177,'1',177,'2017-10-24 05:47:37','2017-10-24 05:47:37'),(178,'1',178,'2017-10-24 05:47:37','2017-10-24 05:47:37'),(179,'1',179,'2017-10-24 05:47:37','2017-10-24 05:47:37'),(180,'1',180,'2017-10-24 05:47:37','2017-10-24 05:47:37'),(181,'1',181,'2017-10-24 05:47:37','2017-10-24 05:47:37'),(182,'1',182,'2017-10-24 05:47:37','2017-10-24 05:47:37'),(183,'1',183,'2017-10-24 05:47:37','2017-10-24 05:47:37'),(184,'1',184,'2017-10-24 05:47:37','2017-10-24 05:47:37'),(185,'1',185,'2017-10-24 05:47:37','2017-10-24 05:47:37'),(186,'1',186,'2017-10-24 05:47:37','2017-10-24 05:47:37'),(187,'1',187,'2017-10-24 05:47:37','2017-10-24 05:47:37'),(188,'1',188,'2017-10-24 05:47:37','2017-10-24 05:47:37'),(189,'1',189,'2017-10-24 05:47:37','2017-10-24 05:47:37'),(190,'1',190,'2017-10-24 05:47:37','2017-10-24 05:47:37'),(191,'1',191,'2017-10-24 05:47:37','2017-10-24 05:47:37'),(192,'1',192,'2017-10-24 05:47:37','2017-10-24 05:47:37'),(193,'1',193,'2017-10-24 05:47:37','2017-10-24 05:47:37'),(194,'1',194,'2017-10-24 05:47:37','2017-10-24 05:47:37'),(195,'1',195,'2017-10-24 05:47:37','2017-10-24 05:47:37'),(196,'1',196,'2017-10-24 05:47:37','2017-10-24 05:47:37'),(197,'1',197,'2017-10-24 05:47:37','2017-10-24 05:47:37'),(198,'1',198,'2017-10-24 05:47:37','2017-10-24 05:47:37'),(199,'1',199,'2017-10-24 05:47:37','2017-10-24 05:47:37'),(200,'1',200,'2017-10-24 05:47:37','2017-10-24 05:47:37'),(201,'1',201,'2017-10-24 05:47:37','2017-10-24 05:47:37'),(202,'1',202,'2017-10-24 05:47:37','2017-10-24 05:47:37'),(203,'1',203,'2017-10-24 05:47:37','2017-10-24 05:47:37'),(204,'1',204,'2017-10-24 05:47:37','2017-10-24 05:47:37'),(205,'1',205,'2017-10-24 05:47:37','2017-10-24 05:47:37'),(206,'1',206,'2017-10-24 05:47:37','2017-10-24 05:47:37'),(207,'1',207,'2017-10-24 05:47:37','2017-10-24 05:47:37'),(208,'1',208,'2017-10-24 05:47:37','2017-10-24 05:47:37'),(209,'1',209,'2017-10-24 05:47:37','2017-10-24 05:47:37'),(210,'1',210,'2017-10-24 05:47:37','2017-10-24 05:47:37'),(211,'1',211,'2017-10-24 05:47:37','2017-10-24 05:47:37'),(212,'1',212,'2017-10-24 05:47:37','2017-10-24 05:47:37'),(213,'1',213,'2017-10-24 05:47:37','2017-10-24 05:47:37'),(214,'1',214,'2017-10-24 05:47:37','2017-10-24 05:47:37'),(215,'1',215,'2017-10-24 05:47:37','2017-10-24 05:47:37'),(216,'1',216,'2017-10-24 05:47:37','2017-10-24 05:47:37'),(217,'1',217,'2017-10-24 05:47:37','2017-10-24 05:47:37'),(218,'1',218,'2017-10-24 05:47:37','2017-10-24 05:47:37'),(219,'1',219,'2017-10-24 05:47:37','2017-10-24 05:47:37'),(220,'1',220,'2017-10-24 05:47:37','2017-10-24 05:47:37'),(221,'1',221,'2017-10-24 05:47:37','2017-10-24 05:47:37'),(222,'1',222,'2017-10-24 05:47:37','2017-10-24 05:47:37'),(223,'1',223,'2017-10-24 05:47:37','2017-10-24 05:47:37'),(224,'1',224,'2017-10-24 05:47:37','2017-10-24 05:47:37'),(225,'1',225,'2017-10-24 05:47:37','2017-10-24 05:47:37'),(226,'1',226,'2017-10-24 05:47:37','2017-10-24 05:47:37'),(227,'1',227,'2017-10-24 05:47:37','2017-10-24 05:47:37'),(228,'1',228,'2017-10-24 05:47:37','2017-10-24 05:47:37'),(229,'1',229,'2017-10-24 05:47:37','2017-10-24 05:47:37'),(230,'1',230,'2017-10-24 05:47:37','2017-10-24 05:47:37'),(231,'1',231,'2017-10-24 05:47:37','2017-10-24 05:47:37'),(232,'1',232,'2017-10-24 05:47:37','2017-10-24 05:47:37'),(233,'1',233,'2017-10-24 05:47:37','2017-10-24 05:47:37'),(234,'1',234,'2017-10-24 05:47:37','2017-10-24 05:47:37'),(235,'1',235,'2017-10-24 05:47:37','2017-10-24 05:47:37'),(236,'1',236,'2017-10-24 05:47:37','2017-10-24 05:47:37'),(237,'1',237,'2017-10-24 05:47:37','2017-10-24 05:47:37'),(238,'1',238,'2017-10-24 05:47:37','2017-10-24 05:47:37'),(239,'1',239,'2017-10-24 05:47:37','2017-10-24 05:47:37'),(240,'1',240,'2017-10-24 05:47:37','2017-10-24 05:47:37'),(241,'1',241,'2017-10-24 05:47:37','2017-10-24 05:47:37'),(242,'1',242,'2017-10-24 05:47:37','2017-10-24 05:47:37'),(243,'1',243,'2017-10-24 05:47:37','2017-10-24 05:47:37'),(244,'1',244,'2017-10-24 05:47:37','2017-10-24 05:47:37'),(245,'1',245,'2017-10-24 05:47:37','2017-10-24 05:47:37'),(246,'1',246,'2017-10-24 05:47:37','2017-10-24 05:47:37'),(247,'1',247,'2017-10-24 05:47:37','2017-10-24 05:47:37'),(248,'1',248,'2017-10-24 05:47:37','2017-10-24 05:47:37'),(249,'1',249,'2017-10-24 05:47:37','2017-10-24 05:47:37'),(250,'1',250,'2017-10-24 05:47:37','2017-10-24 05:47:37'),(251,'1',251,'2017-10-24 05:47:37','2017-10-24 05:47:37'),(252,'1',252,'2017-10-24 05:47:37','2017-10-24 05:47:37'),(253,'1',253,'2017-10-24 05:47:37','2017-10-24 05:47:37'),(254,'1',254,'2017-10-24 05:47:37','2017-10-24 05:47:37'),(255,'1',255,'2017-10-24 05:47:37','2017-10-24 05:47:37'),(256,'1',256,'2017-10-24 05:47:37','2017-10-24 05:47:37'),(257,'1',257,'2017-10-24 05:47:37','2017-10-24 05:47:37'),(258,'1',258,'2017-10-24 05:47:37','2017-10-24 05:47:37'),(259,'1',259,'2017-10-24 05:47:37','2017-10-24 05:47:37'),(260,'1',260,'2017-10-24 05:47:37','2017-10-24 05:47:37'),(261,'1',261,'2017-10-24 05:47:37','2017-10-24 05:47:37'),(262,'1',262,'2017-10-24 05:47:37','2017-10-24 05:47:37'),(263,'1',263,'2017-10-24 05:47:37','2017-10-24 05:47:37'),(264,'1',264,'2017-10-24 05:47:37','2017-10-24 05:47:37'),(265,'1',265,'2017-10-24 05:47:37','2017-10-24 05:47:37'),(266,'1',266,'2017-10-24 05:47:37','2017-10-24 05:47:37'),(267,'1',267,'2017-10-24 05:47:37','2017-10-24 05:47:37'),(268,'1',268,'2017-10-24 05:47:37','2017-10-24 05:47:37'),(269,'1',269,'2017-10-24 05:47:37','2017-10-24 05:47:37'),(270,'1',270,'2017-10-24 05:47:37','2017-10-24 05:47:37'),(271,'1',271,'2017-10-24 05:47:37','2017-10-24 05:47:37'),(272,'1',272,'2017-10-24 05:47:37','2017-10-24 05:47:37'),(273,'1',273,'2017-10-24 05:47:37','2017-10-24 05:47:37'),(274,'1',274,'2017-10-24 05:47:37','2017-10-24 05:47:37'),(275,'1',275,'2017-10-24 05:47:37','2017-10-24 05:47:37'),(276,'1',276,'2017-10-24 05:47:37','2017-10-24 05:47:37'),(277,'1',277,'2017-10-24 05:47:37','2017-10-24 05:47:37'),(278,'1',278,'2017-10-24 05:47:37','2017-10-24 05:47:37'),(279,'1',279,'2017-10-24 05:47:37','2017-10-24 05:47:37'),(280,'1',280,'2017-10-24 05:47:37','2017-10-24 05:47:37'),(281,'1',281,'2017-10-24 05:47:37','2017-10-24 05:47:37'),(282,'1',282,'2017-10-24 05:47:37','2017-10-24 05:47:37'),(283,'1',283,'2017-10-24 05:47:37','2017-10-24 05:47:37'),(284,'1',284,'2017-10-24 05:47:37','2017-10-24 05:47:37'),(285,'1',285,'2017-10-24 05:47:37','2017-10-24 05:47:37'),(286,'1',286,'2017-10-24 05:47:37','2017-10-24 05:47:37'),(287,'1',287,'2017-10-24 05:47:37','2017-10-24 05:47:37'),(288,'1',288,'2017-10-24 05:47:37','2017-10-24 05:47:37'),(289,'1',289,'2017-10-24 05:47:37','2017-10-24 05:47:37'),(290,'1',290,'2017-10-24 05:47:37','2017-10-24 05:47:37'),(291,'1',291,'2017-10-24 05:47:37','2017-10-24 05:47:37'),(292,'1',292,'2017-10-24 05:47:37','2017-10-24 05:47:37'),(293,'1',293,'2017-10-24 05:47:37','2017-10-24 05:47:37'),(294,'1',294,'2017-10-24 05:47:37','2017-10-24 05:47:37'),(295,'1',295,'2017-10-24 05:47:37','2017-10-24 05:47:37'),(296,'1',296,'2017-10-24 05:47:37','2017-10-24 05:47:37'),(297,'1',297,'2017-10-24 05:47:37','2017-10-24 05:47:37'),(298,'1',298,'2017-10-24 05:47:37','2017-10-24 05:47:37'),(299,'1',299,'2017-10-24 05:47:37','2017-10-24 05:47:37'),(300,'1',300,'2017-10-24 05:47:37','2017-10-24 05:47:37'),(301,'1',301,'2017-10-24 05:47:37','2017-10-24 05:47:37'),(302,'1',302,'2017-10-24 05:47:37','2017-10-24 05:47:37'),(303,'1',303,'2017-10-24 05:47:37','2017-10-24 05:47:37'),(304,'1',304,'2017-10-24 05:47:37','2017-10-24 05:47:37'),(305,'1',305,'2017-10-24 05:47:37','2017-10-24 05:47:37'),(306,'1',306,'2017-10-24 05:47:37','2017-10-24 05:47:37'),(307,'1',307,'2017-10-24 05:47:37','2017-10-24 05:47:37'),(308,'1',308,'2017-10-24 05:47:37','2017-10-24 05:47:37'),(309,'1',309,'2017-10-24 05:47:37','2017-10-24 05:47:37'),(310,'1',310,'2017-10-24 05:47:37','2017-10-24 05:47:37'),(311,'1',311,'2017-10-24 05:47:37','2017-10-24 05:47:37'),(312,'1',312,'2017-10-24 05:47:37','2017-10-24 05:47:37'),(313,'1',313,'2017-10-24 05:47:37','2017-10-24 05:47:37'),(314,'1',314,'2017-10-24 05:47:37','2017-10-24 05:47:37'),(315,'1',315,'2017-10-24 05:47:37','2017-10-24 05:47:37'),(316,'1',316,'2017-10-24 05:47:37','2017-10-24 05:47:37'),(317,'1',317,'2017-10-24 05:47:37','2017-10-24 05:47:37'),(318,'1',318,'2017-10-24 05:47:37','2017-10-24 05:47:37'),(319,'1',319,'2017-10-24 05:47:37','2017-10-24 05:47:37'),(320,'1',320,'2017-10-24 05:47:37','2017-10-24 05:47:37'),(321,'1',321,'2017-10-24 05:47:37','2017-10-24 05:47:37'),(322,'1',322,'2017-10-24 05:47:37','2017-10-24 05:47:37'),(323,'1',323,'2017-10-24 05:47:37','2017-10-24 05:47:37'),(324,'1',324,'2017-10-24 05:47:37','2017-10-24 05:47:37'),(325,'1',325,'2017-10-24 05:47:37','2017-10-24 05:47:37'),(326,'1',326,'2017-10-24 05:47:37','2017-10-24 05:47:37'),(327,'1',327,'2017-10-24 05:47:37','2017-10-24 05:47:37'),(328,'1',328,'2017-10-24 05:47:37','2017-10-24 05:47:37'),(329,'1',329,'2017-10-24 05:47:37','2017-10-24 05:47:37'),(330,'1',330,'2017-10-24 05:47:37','2017-10-24 05:47:37'),(331,'1',331,'2017-10-24 05:47:37','2017-10-24 05:47:37'),(332,'1',332,'2017-10-24 05:47:37','2017-10-24 05:47:37'),(333,'1',333,'2017-10-24 05:47:37','2017-10-24 05:47:37'),(334,'1',334,'2017-10-24 05:47:37','2017-10-24 05:47:37'),(335,'1',335,'2017-10-24 05:47:37','2017-10-24 05:47:37'),(336,'1',336,'2017-10-24 05:47:37','2017-10-24 05:47:37'),(337,'1',337,'2017-10-24 05:47:37','2017-10-24 05:47:37'),(338,'1',338,'2017-10-24 05:47:37','2017-10-24 05:47:37'),(339,'1',339,'2017-10-24 05:47:37','2017-10-24 05:47:37'),(340,'1',340,'2017-10-24 05:47:37','2017-10-24 05:47:37'),(341,'1',341,'2017-10-24 05:47:37','2017-10-24 05:47:37'),(342,'1',342,'2017-10-24 05:47:37','2017-10-24 05:47:37'),(343,'1',343,'2017-10-24 05:47:37','2017-10-24 05:47:37'),(344,'1',344,'2017-10-24 05:47:37','2017-10-24 05:47:37'),(345,'1',345,'2017-10-24 05:47:37','2017-10-24 05:47:37'),(346,'1',346,'2017-10-24 05:47:37','2017-10-24 05:47:37'),(347,'1',347,'2017-10-24 05:47:37','2017-10-24 05:47:37'),(348,'1',348,'2017-10-24 05:47:37','2017-10-24 05:47:37'),(349,'1',349,'2017-10-24 05:47:37','2017-10-24 05:47:37'),(350,'1',350,'2017-10-24 05:47:37','2017-10-24 05:47:37'),(351,'1',351,'2017-10-24 05:47:37','2017-10-24 05:47:37'),(352,'1',352,'2017-10-24 05:47:37','2017-10-24 05:47:37'),(353,'1',353,'2017-10-24 05:47:37','2017-10-24 05:47:37'),(354,'1',354,'2017-10-24 05:47:37','2017-10-24 05:47:37'),(355,'1',355,'2017-10-24 05:47:37','2017-10-24 05:47:37'),(356,'1',356,'2017-10-24 05:47:37','2017-10-24 05:47:37'),(357,'1',357,'2017-10-24 05:47:37','2017-10-24 05:47:37'),(358,'1',358,'2017-10-24 05:47:37','2017-10-24 05:47:37'),(359,'1',359,'2017-10-24 05:47:37','2017-10-24 05:47:37'),(360,'1',360,'2017-10-24 05:47:37','2017-10-24 05:47:37'),(361,'1',361,'2017-10-24 05:47:37','2017-10-24 05:47:37'),(362,'1',362,'2017-10-24 05:47:37','2017-10-24 05:47:37'),(363,'1',363,'2017-10-24 05:47:37','2017-10-24 05:47:37'),(364,'1',364,'2017-10-24 05:47:37','2017-10-24 05:47:37'),(365,'1',365,'2017-10-24 05:47:37','2017-10-24 05:47:37'),(366,'1',366,'2017-10-24 05:47:37','2017-10-24 05:47:37'),(367,'1',367,'2017-10-24 05:47:37','2017-10-24 05:47:37'),(368,'1',368,'2017-10-24 05:47:37','2017-10-24 05:47:37'),(369,'1',369,'2017-10-24 05:47:37','2017-10-24 05:47:37'),(370,'1',370,'2017-10-24 05:47:37','2017-10-24 05:47:37'),(371,'1',371,'2017-10-24 05:47:37','2017-10-24 05:47:37'),(372,'1',372,'2017-10-24 05:47:37','2017-10-24 05:47:37'),(373,'1',373,'2017-10-24 05:47:37','2017-10-24 05:47:37'),(374,'1',374,'2017-10-24 05:47:37','2017-10-24 05:47:37'),(375,'1',375,'2017-10-24 05:47:37','2017-10-24 05:47:37'),(376,'1',376,'2017-10-24 05:47:37','2017-10-24 05:47:37'),(377,'1',377,'2017-10-24 05:47:37','2017-10-24 05:47:37'),(378,'1',378,'2017-10-24 05:47:37','2017-10-24 05:47:37'),(379,'1',379,'2017-10-24 05:47:37','2017-10-24 05:47:37'),(380,'1',380,'2017-10-24 05:47:37','2017-10-24 05:47:37'),(381,'1',381,'2017-10-24 05:47:37','2017-10-24 05:47:37'),(382,'1',382,'2017-10-24 05:47:37','2017-10-24 05:47:37'),(383,'1',383,'2017-10-24 05:47:37','2017-10-24 05:47:37'),(384,'1',384,'2017-10-24 05:47:37','2017-10-24 05:47:37'),(385,'1',385,'2017-10-24 05:47:37','2017-10-24 05:47:37'),(386,'1',386,'2017-10-24 05:47:37','2017-10-24 05:47:37'),(387,'1',387,'2017-10-24 05:47:37','2017-10-24 05:47:37'),(388,'1',388,'2017-10-24 05:47:37','2017-10-24 05:47:37'),(389,'1',389,'2017-10-24 05:47:37','2017-10-24 05:47:37'),(390,'1',390,'2017-10-24 05:47:37','2017-10-24 05:47:37'),(391,'1',391,'2017-10-24 05:47:37','2017-10-24 05:47:37'),(392,'1',392,'2017-10-24 05:47:37','2017-10-24 05:47:37'),(393,'1',393,'2017-10-24 05:47:37','2017-10-24 05:47:37'),(394,'1',394,'2017-10-24 05:47:37','2017-10-24 05:47:37'),(395,'1',395,'2017-10-24 05:47:37','2017-10-24 05:47:37'),(396,'1',396,'2017-10-24 05:47:37','2017-10-24 05:47:37'),(397,'1',397,'2017-10-24 05:47:37','2017-10-24 05:47:37'),(398,'1',398,'2017-10-24 05:47:37','2017-10-24 05:47:37'),(399,'1',399,'2017-10-24 05:47:37','2017-10-24 05:47:37'),(400,'1',400,'2017-10-24 05:47:37','2017-10-24 05:47:37'),(401,'1',401,'2017-10-24 05:47:37','2017-10-24 05:47:37'),(402,'1',402,'2017-10-24 05:47:37','2017-10-24 05:47:37'),(403,'1',403,'2017-10-24 05:47:37','2017-10-24 05:47:37'),(404,'1',404,'2017-10-24 05:47:37','2017-10-24 05:47:37'),(405,'1',405,'2017-10-24 05:47:37','2017-10-24 05:47:37'),(406,'1',406,'2017-10-24 05:47:37','2017-10-24 05:47:37'),(407,'1',407,'2017-10-24 05:47:37','2017-10-24 05:47:37'),(408,'1',408,'2017-10-24 05:47:37','2017-10-24 05:47:37'),(409,'1',409,'2017-10-24 05:47:37','2017-10-24 05:47:37'),(410,'1',410,'2017-10-24 05:47:37','2017-10-24 05:47:37'),(411,'1',411,'2017-10-24 05:47:37','2017-10-24 05:47:37'),(412,'1',412,'2017-10-24 05:47:37','2017-10-24 05:47:37'),(413,'1',413,'2017-10-24 05:47:37','2017-10-24 05:47:37'),(414,'1',414,'2017-10-24 05:47:37','2017-10-24 05:47:37'),(415,'1',415,'2017-10-24 05:47:37','2017-10-24 05:47:37'),(416,'1',416,'2017-10-24 05:47:37','2017-10-24 05:47:37'),(417,'1',417,'2017-10-24 05:47:37','2017-10-24 05:47:37'),(418,'1',418,'2017-10-24 05:47:37','2017-10-24 05:47:37'),(419,'1',419,'2017-10-24 05:47:37','2017-10-24 05:47:37'),(420,'1',420,'2017-10-24 05:47:37','2017-10-24 05:47:37'),(421,'1',421,'2017-10-24 05:47:37','2017-10-24 05:47:37'),(422,'1',422,'2017-10-24 05:47:37','2017-10-24 05:47:37'),(423,'1',423,'2017-10-24 05:47:37','2017-10-24 05:47:37'),(424,'1',424,'2017-10-24 05:47:37','2017-10-24 05:47:37'),(425,'1',425,'2017-10-24 05:47:37','2017-10-24 05:47:37'),(426,'1',426,'2017-10-24 05:47:37','2017-10-24 05:47:37'),(427,'1',427,'2017-10-24 05:47:37','2017-10-24 05:47:37'),(428,'1',428,'2017-10-24 05:47:37','2017-10-24 05:47:37'),(429,'1',429,'2017-10-24 05:47:37','2017-10-24 05:47:37'),(430,'1',430,'2017-10-24 05:47:37','2017-10-24 05:47:37'),(431,'1',431,'2017-10-24 05:47:37','2017-10-24 05:47:37'),(432,'1',432,'2017-10-24 05:47:37','2017-10-24 05:47:37'),(433,'1',433,'2017-10-24 05:47:37','2017-10-24 05:47:37'),(434,'1',434,'2017-10-24 05:47:37','2017-10-24 05:47:37'),(435,'1',435,'2017-10-24 05:47:37','2017-10-24 05:47:37'),(436,'1',436,'2017-10-24 05:47:37','2017-10-24 05:47:37'),(437,'1',437,'2017-10-24 05:47:37','2017-10-24 05:47:37'),(438,'1',438,'2017-10-24 05:47:37','2017-10-24 05:47:37'),(439,'1',439,'2017-10-24 05:47:37','2017-10-24 05:47:37'),(440,'1',440,'2017-10-24 05:47:37','2017-10-24 05:47:37'),(441,'1',441,'2017-10-24 05:47:37','2017-10-24 05:47:37'),(442,'1',442,'2017-10-24 05:47:37','2017-10-24 05:47:37'),(443,'1',443,'2017-10-24 05:47:37','2017-10-24 05:47:37'),(444,'1',444,'2017-10-24 05:47:37','2017-10-24 05:47:37'),(445,'1',445,'2017-10-24 05:47:37','2017-10-24 05:47:37'),(446,'1',446,'2017-10-24 05:47:37','2017-10-24 05:47:37'),(447,'1',447,'2017-10-24 05:47:37','2017-10-24 05:47:37'),(448,'1',448,'2017-10-24 05:47:37','2017-10-24 05:47:37'),(449,'1',449,'2017-10-24 05:47:37','2017-10-24 05:47:37'),(450,'1',450,'2017-10-24 05:47:37','2017-10-24 05:47:37'),(451,'1',451,'2017-10-24 05:47:37','2017-10-24 05:47:37'),(452,'1',452,'2017-10-24 05:47:37','2017-10-24 05:47:37'),(453,'1',453,'2017-10-24 05:47:37','2017-10-24 05:47:37'),(454,'1',454,'2017-10-24 05:47:37','2017-10-24 05:47:37'),(455,'1',455,'2017-10-24 05:47:37','2017-10-24 05:47:37'),(456,'1',456,'2017-10-24 05:47:37','2017-10-24 05:47:37'),(457,'1',457,'2017-10-24 05:47:37','2017-10-24 05:47:37'),(458,'1',458,'2017-10-24 05:47:37','2017-10-24 05:47:37'),(459,'1',459,'2017-10-24 05:47:37','2017-10-24 05:47:37'),(460,'1',460,'2017-10-24 05:47:37','2017-10-24 05:47:37'),(461,'1',461,'2017-10-24 05:47:37','2017-10-24 05:47:37'),(462,'1',462,'2017-10-24 05:47:37','2017-10-24 05:47:37'),(463,'1',463,'2017-10-24 05:47:37','2017-10-24 05:47:37'),(464,'1',464,'2017-10-24 05:47:37','2017-10-24 05:47:37'),(465,'1',465,'2017-10-24 05:47:37','2017-10-24 05:47:37'),(466,'1',466,'2017-10-24 05:47:37','2017-10-24 05:47:37'),(467,'1',467,'2017-10-24 05:47:37','2017-10-24 05:47:37'),(468,'1',468,'2017-10-24 05:47:37','2017-10-24 05:47:37'),(469,'1',469,'2017-10-24 05:47:37','2017-10-24 05:47:37'),(470,'1',470,'2017-10-24 05:47:37','2017-10-24 05:47:37'),(471,'1',471,'2017-10-24 05:47:37','2017-10-24 05:47:37'),(472,'1',472,'2017-10-24 05:47:37','2017-10-24 05:47:37'),(473,'1',473,'2017-10-24 05:47:37','2017-10-24 05:47:37'),(474,'1',474,'2017-10-24 05:47:37','2017-10-24 05:47:37'),(475,'1',475,'2017-10-24 05:47:37','2017-10-24 05:47:37'),(476,'1',476,'2017-10-24 05:47:37','2017-10-24 05:47:37'),(477,'1',477,'2017-10-24 05:47:37','2017-10-24 05:47:37'),(478,'1',478,'2017-10-24 05:47:37','2017-10-24 05:47:37'),(479,'1',479,'2017-10-24 05:47:37','2017-10-24 05:47:37'),(480,'1',480,'2017-10-24 05:47:37','2017-10-24 05:47:37'),(481,'1',481,'2017-10-24 05:47:37','2017-10-24 05:47:37'),(482,'1',482,'2017-10-24 05:47:37','2017-10-24 05:47:37'),(483,'1',483,'2017-10-24 05:47:37','2017-10-24 05:47:37'),(484,'1',484,'2017-10-24 05:47:37','2017-10-24 05:47:37'),(485,'1',485,'2017-10-24 05:47:37','2017-10-24 05:47:37'),(486,'1',486,'2017-10-24 05:47:37','2017-10-24 05:47:37'),(487,'1',487,'2017-10-24 05:47:37','2017-10-24 05:47:37'),(488,'1',488,'2017-10-24 05:47:37','2017-10-24 05:47:37'),(489,'1',489,'2017-10-24 05:47:37','2017-10-24 05:47:37'),(490,'1',490,'2017-10-24 05:47:37','2017-10-24 05:47:37'),(491,'1',491,'2017-10-24 05:47:37','2017-10-24 05:47:37'),(492,'1',492,'2017-10-24 05:47:37','2017-10-24 05:47:37'),(493,'1',493,'2017-10-24 05:47:37','2017-10-24 05:47:37'),(494,'1',584,'2017-10-24 05:47:37','2017-10-24 05:47:37'),(495,'1',585,'2017-10-24 05:47:37','2017-10-24 05:47:37'),(496,'1',586,'2017-10-24 05:47:37','2017-10-24 05:47:37'),(497,'1',587,'2017-10-24 05:47:37','2017-10-24 05:47:37'),(498,'1',588,'2017-10-24 05:47:37','2017-10-24 05:47:37'),(499,'1',589,'2017-10-24 05:47:37','2017-10-24 05:47:37'),(500,'1',590,'2017-10-24 05:47:37','2017-10-24 05:47:37'),(501,'1',591,'2017-10-24 05:47:37','2017-10-24 05:47:37'),(502,'1',592,'2017-10-24 05:47:37','2017-10-24 05:47:37'),(503,'1',593,'2017-10-24 05:47:37','2017-10-24 05:47:37'),(504,'1',594,'2017-10-24 05:47:37','2017-10-24 05:47:37'),(505,'1',595,'2017-10-24 05:47:37','2017-10-24 05:47:37'),(506,'1',596,'2017-10-24 05:47:37','2017-10-24 05:47:37'),(507,'1',597,'2017-10-24 05:47:37','2017-10-24 05:47:37'),(508,'1',598,'2017-10-24 05:47:37','2017-10-24 05:47:37'),(509,'1',599,'2017-10-24 05:47:37','2017-10-24 05:47:37'),(510,'1',600,'2017-10-24 05:47:37','2017-10-24 05:47:37'),(511,'1',601,'2017-10-24 05:47:37','2017-10-24 05:47:37'),(512,'1',602,'2017-10-24 05:47:37','2017-10-24 05:47:37'),(513,'1',603,'2017-10-24 05:47:37','2017-10-24 05:47:37'),(514,'1',604,'2017-10-24 05:47:37','2017-10-24 05:47:37'),(515,'1',605,'2017-10-24 05:47:37','2017-10-24 05:47:37'),(516,'1',606,'2017-10-24 05:47:37','2017-10-24 05:47:37'),(517,'1',607,'2017-10-24 05:47:37','2017-10-24 05:47:37'),(518,'1',608,'2017-10-24 05:47:37','2017-10-24 05:47:37'),(519,'1',609,'2017-10-24 05:47:37','2017-10-24 05:47:37'),(520,'1',610,'2017-10-24 05:47:37','2017-10-24 05:47:37'),(521,'1',611,'2017-10-24 05:47:37','2017-10-24 05:47:37'),(522,'1',612,'2017-10-24 05:47:37','2017-10-24 05:47:37'),(523,'1',613,'2017-10-24 05:47:37','2017-10-24 05:47:37'),(524,'1',614,'2017-10-24 05:47:37','2017-10-24 05:47:37'),(525,'1',615,'2017-10-24 05:47:37','2017-10-24 05:47:37'),(526,'1',616,'2017-10-24 05:47:37','2017-10-24 05:47:37'),(527,'1',617,'2017-10-24 05:47:37','2017-10-24 05:47:37'),(528,'1',618,'2017-10-24 05:47:37','2017-10-24 05:47:37'),(529,'1',619,'2017-10-24 05:47:37','2017-10-24 05:47:37'),(530,'1',620,'2017-10-24 05:47:37','2017-10-24 05:47:37'),(531,'1',621,'2017-10-24 05:47:37','2017-10-24 05:47:37'),(532,'1',622,'2017-10-24 05:47:37','2017-10-24 05:47:37'),(533,'1',623,'2017-10-24 05:47:37','2017-10-24 05:47:37'),(534,'1',624,'2017-10-24 05:47:37','2017-10-24 05:47:37'),(535,'1',625,'2017-10-24 05:47:37','2017-10-24 05:47:37'),(536,'1',626,'2017-10-24 05:47:37','2017-10-24 05:47:37'),(537,'1',627,'2017-10-24 05:47:37','2017-10-24 05:47:37'),(538,'1',628,'2017-10-24 05:47:37','2017-10-24 05:47:37'),(539,'1',629,'2017-10-24 05:47:37','2017-10-24 05:47:37'),(540,'1',630,'2017-10-24 05:47:37','2017-10-24 05:47:37'),(541,'1',631,'2017-10-24 05:47:37','2017-10-24 05:47:37'),(542,'1',632,'2017-10-24 05:47:37','2017-10-24 05:47:37'),(543,'1',633,'2017-10-24 05:47:37','2017-10-24 05:47:37'),(544,'1',634,'2017-10-24 05:47:37','2017-10-24 05:47:37'),(545,'1',635,'2017-10-24 05:47:37','2017-10-24 05:47:37'),(546,'1',636,'2017-10-24 05:47:37','2017-10-24 05:47:37'),(547,'1',637,'2017-10-24 05:47:37','2017-10-24 05:47:37'),(548,'1',638,'2017-10-24 05:47:37','2017-10-24 05:47:37'),(549,'1',639,'2017-10-24 05:47:37','2017-10-24 05:47:37'),(550,'1',640,'2017-10-24 05:47:37','2017-10-24 05:47:37'),(551,'1',641,'2017-10-24 05:47:37','2017-10-24 05:47:37'),(552,'1',642,'2017-10-24 05:47:37','2017-10-24 05:47:37'),(553,'1',643,'2017-10-24 05:47:37','2017-10-24 05:47:37'),(554,'1',644,'2017-10-24 05:47:37','2017-10-24 05:47:37'),(555,'1',645,'2017-10-24 05:47:37','2017-10-24 05:47:37'),(556,'1',646,'2017-10-24 05:47:37','2017-10-24 05:47:37'),(557,'1',647,'2017-10-24 05:47:37','2017-10-24 05:47:37'),(558,'1',648,'2017-10-24 05:47:37','2017-10-24 05:47:37'),(559,'1',649,'2017-10-24 05:47:37','2017-10-24 05:47:37'),(560,'1',650,'2017-10-24 05:47:37','2017-10-24 05:47:37'),(561,'1',651,'2017-10-24 05:47:37','2017-10-24 05:47:37'),(562,'1',652,'2017-10-24 05:47:37','2017-10-24 05:47:37'),(563,'1',653,'2017-10-24 05:47:37','2017-10-24 05:47:37'),(564,'1',654,'2017-10-24 05:47:37','2017-10-24 05:47:37'),(565,'1',655,'2017-10-24 05:47:37','2017-10-24 05:47:37'),(566,'1',656,'2017-10-24 05:47:37','2017-10-24 05:47:37'),(567,'1',657,'2017-10-24 05:47:37','2017-10-24 05:47:37'),(568,'1',658,'2017-10-24 05:47:37','2017-10-24 05:47:37'),(569,'1',659,'2017-10-24 05:47:37','2017-10-24 05:47:37'),(570,'1',660,'2017-10-24 05:47:37','2017-10-24 05:47:37'),(571,'1',661,'2017-10-24 05:47:37','2017-10-24 05:47:37'),(572,'1',662,'2017-10-24 05:47:37','2017-10-24 05:47:37'),(573,'1',663,'2017-10-24 05:47:37','2017-10-24 05:47:37'),(574,'1',664,'2017-10-24 05:47:37','2017-10-24 05:47:37'),(575,'1',665,'2017-10-24 05:47:37','2017-10-24 05:47:37'),(576,'1',666,'2017-10-24 05:47:37','2017-10-24 05:47:37'),(577,'1',667,'2017-10-24 05:47:37','2017-10-24 05:47:37'),(578,'1',668,'2017-10-24 05:47:37','2017-10-24 05:47:37'),(579,'1',669,'2017-10-24 05:47:37','2017-10-24 05:47:37'),(580,'1',670,'2017-10-24 05:47:37','2017-10-24 05:47:37'),(581,'1',671,'2017-10-24 05:47:37','2017-10-24 05:47:37'),(582,'1',672,'2017-10-24 05:47:37','2017-10-24 05:47:37'),(583,'1',673,'2017-10-24 05:47:37','2017-10-24 05:47:37'),(584,'1',674,'2017-10-24 05:47:37','2017-10-24 05:47:37'),(585,'1',675,'2017-10-24 05:47:37','2017-10-24 05:47:37'),(586,'1',676,'2017-10-24 05:47:37','2017-10-24 05:47:37'),(587,'1',677,'2017-10-24 05:47:37','2017-10-24 05:47:37'),(588,'1',678,'2017-10-24 05:47:37','2017-10-24 05:47:37'),(589,'1',679,'2017-10-24 05:47:37','2017-10-24 05:47:37'),(590,'1',680,'2017-10-24 05:47:37','2017-10-24 05:47:37'),(591,'1',681,'2017-10-24 05:47:37','2017-10-24 05:47:37'),(592,'1',682,'2017-10-24 05:47:37','2017-10-24 05:47:37'),(593,'1',683,'2017-10-24 05:47:37','2017-10-24 05:47:37'),(594,'1',684,'2017-10-24 05:47:37','2017-10-24 05:47:37'),(595,'1',685,'2017-10-24 05:47:37','2017-10-24 05:47:37'),(596,'1',686,'2017-10-24 05:47:37','2017-10-24 05:47:37'),(597,'1',687,'2017-10-24 05:47:37','2017-10-24 05:47:37'),(598,'1',688,'2017-10-24 05:47:37','2017-10-24 05:47:37'),(599,'1',689,'2017-10-24 05:47:37','2017-10-24 05:47:37'),(600,'1',690,'2017-10-24 05:47:37','2017-10-24 05:47:37'),(601,'1',691,'2017-10-24 05:47:37','2017-10-24 05:47:37'),(602,'1',692,'2017-10-24 05:47:37','2017-10-24 05:47:37'),(603,'1',693,'2017-10-24 05:47:37','2017-10-24 05:47:37'),(604,'1',694,'2017-10-24 05:47:37','2017-10-24 05:47:37'),(605,'1',695,'2017-10-24 05:47:37','2017-10-24 05:47:37'),(606,'1',696,'2017-10-24 05:47:37','2017-10-24 05:47:37'),(607,'1',697,'2017-10-24 05:47:37','2017-10-24 05:47:37'),(608,'1',698,'2017-10-24 05:47:37','2017-10-24 05:47:37'),(609,'1',699,'2017-10-24 05:47:37','2017-10-24 05:47:37'),(610,'1',700,'2017-10-24 05:47:37','2017-10-24 05:47:37'),(611,'1',701,'2017-10-24 05:47:37','2017-10-24 05:47:37'),(612,'1',702,'2017-10-24 05:47:37','2017-10-24 05:47:37'),(613,'1',703,'2017-10-24 05:47:37','2017-10-24 05:47:37'),(614,'1',704,'2017-10-24 05:47:37','2017-10-24 05:47:37'),(615,'1',705,'2017-10-24 05:47:37','2017-10-24 05:47:37'),(616,'1',706,'2017-10-24 05:47:37','2017-10-24 05:47:37'),(617,'1',707,'2017-10-24 05:47:37','2017-10-24 05:47:37'),(618,'1',708,'2017-10-24 05:47:37','2017-10-24 05:47:37'),(619,'1',709,'2017-10-24 05:47:37','2017-10-24 05:47:37'),(620,'1',710,'2017-10-24 05:47:37','2017-10-24 05:47:37'),(621,'1',711,'2017-10-24 05:47:37','2017-10-24 05:47:37'),(622,'1',712,'2017-10-24 05:47:37','2017-10-24 05:47:37'),(623,'1',713,'2017-10-24 05:47:37','2017-10-24 05:47:37'),(624,'1',714,'2017-10-24 05:47:37','2017-10-24 05:47:37'),(625,'1',715,'2017-10-24 05:47:37','2017-10-24 05:47:37'),(626,'1',716,'2017-10-24 05:47:37','2017-10-24 05:47:37'),(627,'1',717,'2017-10-24 05:47:37','2017-10-24 05:47:37'),(628,'1',718,'2017-10-24 05:47:37','2017-10-24 05:47:37'),(629,'1',719,'2017-10-24 05:47:37','2017-10-24 05:47:37'),(630,'1',720,'2017-10-24 05:47:37','2017-10-24 05:47:37'),(631,'1',721,'2017-10-24 05:47:37','2017-10-24 05:47:37'),(632,'1',722,'2017-10-24 05:47:37','2017-10-24 05:47:37'),(633,'1',723,'2017-10-24 05:47:37','2017-10-24 05:47:37'),(634,'1',724,'2017-10-24 05:47:37','2017-10-24 05:47:37'),(635,'1',725,'2017-10-24 05:47:37','2017-10-24 05:47:37'),(636,'1',726,'2017-10-24 05:47:37','2017-10-24 05:47:37'),(637,'1',727,'2017-10-24 05:47:37','2017-10-24 05:47:37'),(638,'1',728,'2017-10-24 05:47:37','2017-10-24 05:47:37'),(639,'1',729,'2017-10-24 05:47:37','2017-10-24 05:47:37'),(640,'1',730,'2017-10-24 05:47:37','2017-10-24 05:47:37'),(641,'1',731,'2017-10-24 05:47:37','2017-10-24 05:47:37'),(642,'1',732,'2017-10-24 05:47:37','2017-10-24 05:47:37'),(643,'1',733,'2017-10-24 05:47:37','2017-10-24 05:47:37'),(644,'1',734,'2017-10-24 05:47:37','2017-10-24 05:47:37'),(645,'1',735,'2017-10-24 05:47:37','2017-10-24 05:47:37'),(646,'1',736,'2017-10-24 05:47:37','2017-10-24 05:47:37'),(647,'1',737,'2017-10-24 05:47:37','2017-10-24 05:47:37'),(648,'1',738,'2017-10-24 05:47:37','2017-10-24 05:47:37'),(649,'1',739,'2017-10-24 05:47:37','2017-10-24 05:47:37'),(650,'1',740,'2017-10-24 05:47:37','2017-10-24 05:47:37'),(651,'1',741,'2017-10-24 05:47:37','2017-10-24 05:47:37'),(652,'1',742,'2017-10-24 05:47:37','2017-10-24 05:47:37'),(653,'1',743,'2017-10-24 05:47:37','2017-10-24 05:47:37'),(654,'1',744,'2017-10-24 05:47:37','2017-10-24 05:47:37'),(655,'1',745,'2017-10-24 05:47:37','2017-10-24 05:47:37'),(656,'1',746,'2017-10-24 05:47:37','2017-10-24 05:47:37'),(657,'1',747,'2017-10-24 05:47:37','2017-10-24 05:47:37'),(658,'1',748,'2017-10-24 05:47:37','2017-10-24 05:47:37'),(659,'1',749,'2017-10-24 05:47:37','2017-10-24 05:47:37'),(660,'1',750,'2017-10-24 05:47:37','2017-10-24 05:47:37'),(661,'1',751,'2017-10-24 05:47:37','2017-10-24 05:47:37'),(662,'1',752,'2017-10-24 05:47:37','2017-10-24 05:47:37'),(663,'1',753,'2017-10-24 05:47:37','2017-10-24 05:47:37'),(664,'1',754,'2017-10-24 05:47:37','2017-10-24 05:47:37'),(665,'1',755,'2017-10-24 05:47:37','2017-10-24 05:47:37'),(666,'1',756,'2017-10-24 05:47:37','2017-10-24 05:47:37'),(667,'1',757,'2017-10-24 05:47:37','2017-10-24 05:47:37'),(668,'1',758,'2017-10-24 05:47:37','2017-10-24 05:47:37'),(669,'1',759,'2017-10-24 05:47:37','2017-10-24 05:47:37'),(670,'1',760,'2017-10-24 05:47:37','2017-10-24 05:47:37'),(671,'1',761,'2017-10-24 05:47:37','2017-10-24 05:47:37'),(672,'1',762,'2017-10-24 05:47:37','2017-10-24 05:47:37'),(673,'1',763,'2017-10-24 05:47:37','2017-10-24 05:47:37'),(674,'1',764,'2017-10-24 05:47:37','2017-10-24 05:47:37'),(675,'1',765,'2017-10-24 05:47:37','2017-10-24 05:47:37'),(676,'1',766,'2017-10-24 05:47:37','2017-10-24 05:47:37'),(677,'1',767,'2017-10-24 05:47:37','2017-10-24 05:47:37'),(678,'1',768,'2017-10-24 05:47:37','2017-10-24 05:47:37'),(679,'1',769,'2017-10-24 05:47:37','2017-10-24 05:47:37'),(680,'1',770,'2017-10-24 05:47:37','2017-10-24 05:47:37'),(681,'1',771,'2017-10-24 05:47:37','2017-10-24 05:47:37'),(682,'1',772,'2017-10-24 05:47:37','2017-10-24 05:47:37'),(683,'1',773,'2017-10-24 05:47:37','2017-10-24 05:47:37');
/*!40000 ALTER TABLE `alumno` ENABLE KEYS */;
UNLOCK TABLES;

--
-- Table structure for table `beneficiarocomedor`
--

DROP TABLE IF EXISTS `beneficiarocomedor`;
/*!40101 SET @saved_cs_client     = @@character_set_client */;
/*!40101 SET character_set_client = utf8 */;
CREATE TABLE `beneficiarocomedor` (
  `idBeneficiaroComedor` int(10) unsigned NOT NULL AUTO_INCREMENT,
  `fechaBeneficio` date NOT NULL,
  `tipoBeneficiario` enum('1','2','3','4') COLLATE utf8_unicode_ci NOT NULL,
  `idActComedor` int(10) unsigned NOT NULL,
  `idAlumno` int(10) unsigned NOT NULL,
  `created_at` timestamp NULL DEFAULT NULL,
  `updated_at` timestamp NULL DEFAULT NULL,
  PRIMARY KEY (`idBeneficiaroComedor`),
  KEY `beneficiarocomedor_idactcomedor_foreign` (`idActComedor`),
  KEY `beneficiarocomedor_idalumno_foreign` (`idAlumno`),
  CONSTRAINT `beneficiarocomedor_idactcomedor_foreign` FOREIGN KEY (`idActComedor`) REFERENCES `actcomedor` (`idActComedor`) ON DELETE CASCADE,
  CONSTRAINT `beneficiarocomedor_idalumno_foreign` FOREIGN KEY (`idAlumno`) REFERENCES `alumno` (`idAlumno`) ON DELETE CASCADE
) ENGINE=InnoDB DEFAULT CHARSET=utf8 COLLATE=utf8_unicode_ci;
/*!40101 SET character_set_client = @saved_cs_client */;

--
-- Dumping data for table `beneficiarocomedor`
--

LOCK TABLES `beneficiarocomedor` WRITE;
/*!40000 ALTER TABLE `beneficiarocomedor` DISABLE KEYS */;
/*!40000 ALTER TABLE `beneficiarocomedor` ENABLE KEYS */;
UNLOCK TABLES;

--
-- Table structure for table `beneficiaromovilidad`
--

DROP TABLE IF EXISTS `beneficiaromovilidad`;
/*!40101 SET @saved_cs_client     = @@character_set_client */;
/*!40101 SET character_set_client = utf8 */;
CREATE TABLE `beneficiaromovilidad` (
  `idBeneficiaroMovilidad` int(10) unsigned NOT NULL AUTO_INCREMENT,
  `fechaInicio` date NOT NULL,
  `fechaFin` date NOT NULL,
  `duracionMeses` tinyint(4) NOT NULL,
  `duracionAnio` tinyint(4) NOT NULL,
  `institucion` varchar(100) COLLATE utf8_unicode_ci NOT NULL,
  `pais` varchar(45) COLLATE utf8_unicode_ci NOT NULL,
  `observaciones` mediumtext COLLATE utf8_unicode_ci NOT NULL,
  `idActMovilidad` int(10) unsigned NOT NULL,
  `idAlumno` int(10) unsigned NOT NULL,
  `created_at` timestamp NULL DEFAULT NULL,
  `updated_at` timestamp NULL DEFAULT NULL,
  PRIMARY KEY (`idBeneficiaroMovilidad`),
  KEY `beneficiaromovilidad_idactmovilidad_foreign` (`idActMovilidad`),
  KEY `beneficiaromovilidad_idalumno_foreign` (`idAlumno`),
  CONSTRAINT `beneficiaromovilidad_idactmovilidad_foreign` FOREIGN KEY (`idActMovilidad`) REFERENCES `actmovilidad` (`idActMovilidad`) ON DELETE CASCADE,
  CONSTRAINT `beneficiaromovilidad_idalumno_foreign` FOREIGN KEY (`idAlumno`) REFERENCES `alumno` (`idAlumno`) ON DELETE CASCADE
) ENGINE=InnoDB DEFAULT CHARSET=utf8 COLLATE=utf8_unicode_ci;
/*!40101 SET character_set_client = @saved_cs_client */;

--
-- Dumping data for table `beneficiaromovilidad`
--

LOCK TABLES `beneficiaromovilidad` WRITE;
/*!40000 ALTER TABLE `beneficiaromovilidad` DISABLE KEYS */;
/*!40000 ALTER TABLE `beneficiaromovilidad` ENABLE KEYS */;
UNLOCK TABLES;

--
-- Table structure for table `detallehabito`
--

DROP TABLE IF EXISTS `detallehabito`;
/*!40101 SET @saved_cs_client     = @@character_set_client */;
/*!40101 SET character_set_client = utf8 */;
CREATE TABLE `detallehabito` (
  `idDetalleHabito` int(10) unsigned NOT NULL AUTO_INCREMENT,
  `rpta` enum('1','2','3','4') COLLATE utf8_unicode_ci NOT NULL,
  `idHabitoEstudio` int(10) unsigned NOT NULL,
  `idPreguntaHabito` int(10) unsigned NOT NULL,
  PRIMARY KEY (`idDetalleHabito`),
  KEY `detallehabito_idhabitoestudio_foreign` (`idHabitoEstudio`),
  KEY `detallehabito_idpreguntahabito_foreign` (`idPreguntaHabito`),
  CONSTRAINT `detallehabito_idhabitoestudio_foreign` FOREIGN KEY (`idHabitoEstudio`) REFERENCES `habitoestudio` (`idHabitoEstudio`),
  CONSTRAINT `detallehabito_idpreguntahabito_foreign` FOREIGN KEY (`idPreguntaHabito`) REFERENCES `preguntahabito` (`idPreguntaHabito`)
) ENGINE=InnoDB DEFAULT CHARSET=utf8 COLLATE=utf8_unicode_ci;
/*!40101 SET character_set_client = @saved_cs_client */;

--
-- Dumping data for table `detallehabito`
--

LOCK TABLES `detallehabito` WRITE;
/*!40000 ALTER TABLE `detallehabito` DISABLE KEYS */;
/*!40000 ALTER TABLE `detallehabito` ENABLE KEYS */;
UNLOCK TABLES;

--
-- Table structure for table `detallepedagogia`
--

DROP TABLE IF EXISTS `detallepedagogia`;
/*!40101 SET @saved_cs_client     = @@character_set_client */;
/*!40101 SET character_set_client = utf8 */;
CREATE TABLE `detallepedagogia` (
  `idDetallePedagogia` int(10) unsigned NOT NULL AUTO_INCREMENT,
  `motivo` mediumtext COLLATE utf8_unicode_ci NOT NULL,
  `situacionEspecifica` mediumtext COLLATE utf8_unicode_ci NOT NULL,
  `recomendacion` mediumtext COLLATE utf8_unicode_ci NOT NULL,
  `idActPedagogia` int(10) unsigned NOT NULL,
  `idRecomendacionTutor` int(10) unsigned NOT NULL,
  `created_at` timestamp NULL DEFAULT NULL,
  `updated_at` timestamp NULL DEFAULT NULL,
  PRIMARY KEY (`idDetallePedagogia`),
  KEY `detallepedagogia_idactpedagogia_foreign` (`idActPedagogia`),
  KEY `detallepedagogia_idrecomendaciontutor_foreign` (`idRecomendacionTutor`),
  CONSTRAINT `detallepedagogia_idactpedagogia_foreign` FOREIGN KEY (`idActPedagogia`) REFERENCES `actpedagogia` (`idActPedagogia`) ON DELETE CASCADE,
  CONSTRAINT `detallepedagogia_idrecomendaciontutor_foreign` FOREIGN KEY (`idRecomendacionTutor`) REFERENCES `recomendaciontutor` (`idRecomendacionTutor`) ON DELETE CASCADE
) ENGINE=InnoDB DEFAULT CHARSET=utf8 COLLATE=utf8_unicode_ci;
/*!40101 SET character_set_client = @saved_cs_client */;

--
-- Dumping data for table `detallepedagogia`
--

LOCK TABLES `detallepedagogia` WRITE;
/*!40000 ALTER TABLE `detallepedagogia` DISABLE KEYS */;
/*!40000 ALTER TABLE `detallepedagogia` ENABLE KEYS */;
UNLOCK TABLES;

--
-- Table structure for table `docente`
--

DROP TABLE IF EXISTS `docente`;
/*!40101 SET @saved_cs_client     = @@character_set_client */;
/*!40101 SET character_set_client = utf8 */;
CREATE TABLE `docente` (
  `idDocente` int(10) unsigned NOT NULL AUTO_INCREMENT,
  `categoria` enum('1','2','3','4') COLLATE utf8_unicode_ci NOT NULL,
  `dedicacion` enum('1','2','3') COLLATE utf8_unicode_ci NOT NULL,
  `modalidad` enum('1','2') COLLATE utf8_unicode_ci NOT NULL,
  `deptoAcademico` enum('1','2','3') COLLATE utf8_unicode_ci NOT NULL,
  `maestria` varchar(100) COLLATE utf8_unicode_ci DEFAULT NULL,
  `doctorado` varchar(100) COLLATE utf8_unicode_ci DEFAULT NULL,
  `idUser` int(10) unsigned NOT NULL,
  `created_at` timestamp NULL DEFAULT NULL,
  `updated_at` timestamp NULL DEFAULT NULL,
  PRIMARY KEY (`idDocente`),
  KEY `docente_iduser_foreign` (`idUser`),
  CONSTRAINT `docente_iduser_foreign` FOREIGN KEY (`idUser`) REFERENCES `user` (`id`) ON DELETE CASCADE
) ENGINE=InnoDB AUTO_INCREMENT=47 DEFAULT CHARSET=utf8 COLLATE=utf8_unicode_ci;
/*!40101 SET character_set_client = @saved_cs_client */;

--
-- Dumping data for table `docente`
--

LOCK TABLES `docente` WRITE;
/*!40000 ALTER TABLE `docente` DISABLE KEYS */;
INSERT INTO `docente` VALUES (1,'3','1','1','1','SALUD PUBLICA MENCION PLANIFICACION Y GESTION','FARMACIA Y BIOQUIMICA',799,'2017-10-24 04:44:44','2017-10-24 04:44:44'),(2,'1','2','1','1','CIENCIAS MENCION: BIOQUIMICA','CIENCIAS BIOMEDICAS',800,'2017-10-24 04:44:44','2017-10-24 04:44:44'),(3,'1','1','1','3','CIENCIAS FARMACEUTICAS','FARMACIA Y BIOQUIMICA',801,'2017-10-24 04:44:44','2017-10-24 04:44:44'),(4,'3','3','1','2','CIENCIAS, MENCION: FARMACIA CLINICA',NULL,802,'2017-10-24 04:44:44','2017-10-24 04:44:44'),(5,'1','1','1','3','CIENCIAS MENCION FARMACOLOGIA','FARMACIA Y BIOQUIMICA',803,'2017-10-24 04:44:44','2017-10-24 04:44:44'),(6,'2','1','1','3','FARMACIA Y BIOQUIMICA MENCION FARMACIA CLINICA','FARMACIA Y BIOQUIMICA',804,'2017-10-24 04:44:44','2017-10-24 04:44:44'),(7,'2','1','1','2','CIENCIAS MENCION:FARMACIA CLINICA','FARMACIA Y BIOQUIMICA',805,'2017-10-24 04:44:44','2017-10-24 04:44:44'),(8,'3','1','1','2','CIENCIAS DE LA SALUD PUBLICA','DOCTOR EN FARMACIA Y BIOQUIMICA',806,'2017-10-24 04:44:44','2017-10-24 04:44:44'),(9,'2','1','1','1','CIENCIAS QUIMICAS','FARMACIA Y BIOQUIMICA',807,'2017-10-24 04:44:44','2017-10-24 04:44:44'),(10,'2','1','1','2','CIENCIAS, MENCION: FARMACIA CLINICA',NULL,808,'2017-10-24 04:44:44','2017-10-24 04:44:44'),(11,'1','1','1','2','CIENCIAS MENCION FISIOLOGIA Y BIOFISICA',NULL,809,'2017-10-24 04:44:44','2017-10-24 04:44:44'),(12,'2','1','1','1','CIENCIAS QUIMICAS',NULL,810,'2017-10-24 04:44:44','2017-10-24 04:44:44'),(13,'1','1','1','1','CIENCIAS QUIMICAS',NULL,811,'2017-10-24 04:44:44','2017-10-24 04:44:44'),(14,'1','1','1','2','CIENCIAS MENCION FARMACOLOGIA',NULL,812,'2017-10-24 04:44:44','2017-10-24 04:44:44'),(15,'3','2','1','2','FARMACIA Y BIOQUIMICA, MENCION PRODUCTOS NATURALES TERAPEUTICOS',NULL,813,'2017-10-24 04:44:44','2017-10-24 04:44:44'),(16,'2','2','1','1','CIENCIAS: BIOTECNOLOGIA Y MICROBIOLOGIA INDUSTRIAL',NULL,814,'2017-10-24 04:44:44','2017-10-24 04:44:44'),(17,'1','1','1','1','TECNOLOGIA DE ALIMENTOS','FARMACIA Y BIOQUIMICA',815,'2017-10-24 04:44:44','2017-10-24 04:44:44'),(18,'2','1','1','1','CIENCIAS QUIMICAS',NULL,816,'2017-10-24 04:44:44','2017-10-24 04:44:44'),(19,'1','1','1','1','FISIOLOGIA/ CIENCIAS:BIOQUIMICA*','FARMACIA Y BIOQUIMICA',817,'2017-10-24 04:44:44','2017-10-24 04:44:44'),(20,'2','1','1','2','CIENCIAS MENCION FARMACOLOGIA','CIENCIAS BIOMÉDICAS',818,'2017-10-24 04:44:44','2017-10-24 04:44:44'),(21,'1','1','1','1','CIENCIAS MENCION: BIOQUIMICA','FARMACIA Y BIOQUIMICA',819,'2017-10-24 04:44:44','2017-10-24 04:44:44'),(22,'2','1','1','3','EDSUCACION: PEDAGOGIA UNIVERSITARIA','FARMACIA Y BIOQUIMICA',820,'2017-10-24 04:44:44','2017-10-24 04:44:44'),(23,'1','1','1','1','FARMACIA Y BIOQUIMICA MENCION: PRODUCTOS NATURALES',NULL,821,'2017-10-24 04:44:44','2017-10-24 04:44:44'),(24,'2','1','1','1','CIENCIAS QUIMICAS','FARMACIA Y BIOQUIMICA',822,'2017-10-24 04:44:44','2017-10-24 04:44:44'),(25,'2','1','1','2','FARMACIA CLINICA','FARMACIA Y BIOQUIMICA',823,'2017-10-24 04:44:44','2017-10-24 04:44:44'),(26,'3','1','1','2','FISIOLOGIA','EN EDUCACION',824,'2017-10-24 04:44:44','2017-10-24 04:44:44'),(27,'3','2','1','3',NULL,NULL,825,'2017-10-24 04:44:44','2017-10-24 04:44:44'),(28,'1','1','1','1','CIENCIAS QUIMICAS',NULL,826,'2017-10-24 04:44:44','2017-10-24 04:44:44'),(29,'1','1','1','3',NULL,'FARMACIA Y BIOQUIMICA',827,'2017-10-24 04:44:44','2017-10-24 04:44:44'),(30,'3','1','1','1','FARMACIA Y BIOQUIMICA:PROD. NAT. TERAPEUTICOS',NULL,828,'2017-10-24 04:44:44','2017-10-24 04:44:44'),(31,'2','1','1','3','CIENCIAS MENCION FARMACIA CLINICA','FARMACIA Y BIOQUIMICA',829,'2017-10-24 04:44:44','2017-10-24 04:44:44'),(32,'3','2','1','3','FARMACIA Y BIOQUIMICA : PROD. NATURALES TERAPEUTICOS','FARMACIA Y BIOQUIMICA',830,'2017-10-24 04:44:44','2017-10-24 04:44:44'),(33,'2','1','1','1','CIENCIAS QUIMICAS','FARMACIA Y BIOQUIMICA',831,'2017-10-24 04:44:44','2017-10-24 04:44:44'),(34,'1','1','1','2','CIENCIAS QUIMICAS','CIENCIAS BIOMEDICAS',832,'2017-10-24 04:44:44','2017-10-24 04:44:44'),(35,'3','1','1','3','GERENCIA EN SERVICIOS DE SALUD',NULL,833,'2017-10-24 04:44:44','2017-10-24 04:44:44'),(36,'3','1','1','3','FARMACIA Y BIOQUIMICA: PROD. NAT. TERAPUTICOS','FARMACIA Y BIOQUIMICA',834,'2017-10-24 04:44:44','2017-10-24 04:44:44'),(37,'1','1','1','1','FARMACIA Y BIOQUIMICA MENCION: PRODUCTOS NATURALES TERAPEUTICOS',NULL,835,'2017-10-24 04:44:44','2017-10-24 04:44:44'),(38,'2','2','1','2','FARMACIA Y BIOQUIMICA MENCION: FARMACIA CLINICA','FARMACIA Y BIOQUIMICA',836,'2017-10-24 04:44:44','2017-10-24 04:44:44'),(39,'2','1','1','3',NULL,NULL,837,'2017-10-24 04:44:44','2017-10-24 04:44:44'),(40,'3','2','2','1',NULL,NULL,838,'2017-10-24 04:44:44','2017-10-24 04:44:44'),(41,'3','2','2','2','SALU PUBLICA - MENCION: PLANIFICACION Y GESTION',NULL,839,'2017-10-24 04:44:44','2017-10-24 04:44:44'),(42,'4','2','2','2',NULL,NULL,840,'2017-10-24 04:44:44','2017-10-24 04:44:44'),(43,'4','2','2','2',NULL,NULL,841,'2017-10-24 04:44:44','2017-10-24 04:44:44'),(44,'3','2','2','3','CIENCIAS',NULL,842,'2017-10-24 04:44:44','2017-10-24 04:44:44'),(45,'3','2','2','3','FARMACIA Y BIOQUIMICA: FARMACIA CLINICA','CIENCIAS BIOMÉDICAS',843,'2017-10-24 04:44:44','2017-10-24 04:44:44'),(46,'1','1','1','1',NULL,NULL,847,'2017-10-26 07:52:43','2017-10-26 07:52:43');
/*!40000 ALTER TABLE `docente` ENABLE KEYS */;
UNLOCK TABLES;

--
-- Table structure for table `egresado`
--

DROP TABLE IF EXISTS `egresado`;
/*!40101 SET @saved_cs_client     = @@character_set_client */;
/*!40101 SET character_set_client = utf8 */;
CREATE TABLE `egresado` (
  `idEgresado` int(10) unsigned NOT NULL AUTO_INCREMENT,
  `grado` enum('1','2','3','4') COLLATE utf8_unicode_ci NOT NULL,
  `nombre` varchar(45) COLLATE utf8_unicode_ci NOT NULL,
  `apellidoPaterno` varchar(20) COLLATE utf8_unicode_ci NOT NULL,
  `apellidoMaterno` varchar(20) COLLATE utf8_unicode_ci NOT NULL,
  `direccion` varchar(50) COLLATE utf8_unicode_ci DEFAULT NULL,
  `telefono` varchar(15) COLLATE utf8_unicode_ci DEFAULT NULL,
  `celular` varchar(15) COLLATE utf8_unicode_ci DEFAULT NULL,
  `email` varchar(100) COLLATE utf8_unicode_ci NOT NULL,
  `codigo` varchar(20) COLLATE utf8_unicode_ci NOT NULL,
  `anioEgreso` smallint(6) NOT NULL,
  `numeroSemestre` enum('1','2','3') COLLATE utf8_unicode_ci NOT NULL,
  `created_at` timestamp NULL DEFAULT NULL,
  `updated_at` timestamp NULL DEFAULT NULL,
  PRIMARY KEY (`idEgresado`),
  UNIQUE KEY `egresado_email_unique` (`email`),
  UNIQUE KEY `egresado_codigo_unique` (`codigo`)
) ENGINE=InnoDB DEFAULT CHARSET=utf8 COLLATE=utf8_unicode_ci;
/*!40101 SET character_set_client = @saved_cs_client */;

--
-- Dumping data for table `egresado`
--

LOCK TABLES `egresado` WRITE;
/*!40000 ALTER TABLE `egresado` DISABLE KEYS */;
/*!40000 ALTER TABLE `egresado` ENABLE KEYS */;
UNLOCK TABLES;

--
-- Table structure for table `encuesta`
--

DROP TABLE IF EXISTS `encuesta`;
/*!40101 SET @saved_cs_client     = @@character_set_client */;
/*!40101 SET character_set_client = utf8 */;
CREATE TABLE `encuesta` (
  `idEncuesta` int(10) unsigned NOT NULL AUTO_INCREMENT,
  `titulo` varchar(250) COLLATE utf8_unicode_ci NOT NULL,
  `destino` enum('r','i') COLLATE utf8_unicode_ci NOT NULL,
  `idTipoActividad` int(10) unsigned NOT NULL,
  PRIMARY KEY (`idEncuesta`),
  KEY `encuesta_idtipoactividad_foreign` (`idTipoActividad`),
  CONSTRAINT `encuesta_idtipoactividad_foreign` FOREIGN KEY (`idTipoActividad`) REFERENCES `tipoactividad` (`idTipoActividad`)
) ENGINE=InnoDB AUTO_INCREMENT=3 DEFAULT CHARSET=utf8 COLLATE=utf8_unicode_ci;
/*!40101 SET character_set_client = @saved_cs_client */;

--
-- Dumping data for table `encuesta`
--

LOCK TABLES `encuesta` WRITE;
/*!40000 ALTER TABLE `encuesta` DISABLE KEYS */;
INSERT INTO `encuesta` VALUES (1,'Cuestionario de evaluación del desempeño del estudiante','r',4),(2,'Cuestionario de evaluación del desempeño del profesor tutor','i',4);
/*!40000 ALTER TABLE `encuesta` ENABLE KEYS */;
UNLOCK TABLES;

--
-- Table structure for table `encuestarespondidainsc`
--

DROP TABLE IF EXISTS `encuestarespondidainsc`;
/*!40101 SET @saved_cs_client     = @@character_set_client */;
/*!40101 SET character_set_client = utf8 */;
CREATE TABLE `encuestarespondidainsc` (
  `idEncuestaRespondidaInsc` int(10) unsigned NOT NULL AUTO_INCREMENT,
  `idInscripcionADA` int(10) unsigned NOT NULL,
  `idEncuesta` int(10) unsigned NOT NULL,
  `created_at` timestamp NULL DEFAULT NULL,
  `updated_at` timestamp NULL DEFAULT NULL,
  PRIMARY KEY (`idEncuestaRespondidaInsc`),
  KEY `encuestarespondidainsc_idinscripcionada_foreign` (`idInscripcionADA`),
  KEY `encuestarespondidainsc_idencuesta_foreign` (`idEncuesta`),
  CONSTRAINT `encuestarespondidainsc_idencuesta_foreign` FOREIGN KEY (`idEncuesta`) REFERENCES `encuesta` (`idEncuesta`) ON DELETE CASCADE,
  CONSTRAINT `encuestarespondidainsc_idinscripcionada_foreign` FOREIGN KEY (`idInscripcionADA`) REFERENCES `inscripcionada` (`idInscripcionADA`) ON DELETE CASCADE
) ENGINE=InnoDB DEFAULT CHARSET=utf8 COLLATE=utf8_unicode_ci;
/*!40101 SET character_set_client = @saved_cs_client */;

--
-- Dumping data for table `encuestarespondidainsc`
--

LOCK TABLES `encuestarespondidainsc` WRITE;
/*!40000 ALTER TABLE `encuestarespondidainsc` DISABLE KEYS */;
/*!40000 ALTER TABLE `encuestarespondidainsc` ENABLE KEYS */;
UNLOCK TABLES;

--
-- Table structure for table `encuestarespondidaresp`
--

DROP TABLE IF EXISTS `encuestarespondidaresp`;
/*!40101 SET @saved_cs_client     = @@character_set_client */;
/*!40101 SET character_set_client = utf8 */;
CREATE TABLE `encuestarespondidaresp` (
  `idEncuestaRespondidaResp` int(10) unsigned NOT NULL AUTO_INCREMENT,
  `idActividad` int(10) unsigned NOT NULL,
  `idEncuesta` int(10) unsigned NOT NULL,
  `created_at` timestamp NULL DEFAULT NULL,
  `updated_at` timestamp NULL DEFAULT NULL,
  PRIMARY KEY (`idEncuestaRespondidaResp`),
  KEY `encuestarespondidaresp_idactividad_foreign` (`idActividad`),
  KEY `encuestarespondidaresp_idencuesta_foreign` (`idEncuesta`),
  CONSTRAINT `encuestarespondidaresp_idactividad_foreign` FOREIGN KEY (`idActividad`) REFERENCES `actividad` (`idActividad`) ON DELETE CASCADE,
  CONSTRAINT `encuestarespondidaresp_idencuesta_foreign` FOREIGN KEY (`idEncuesta`) REFERENCES `encuesta` (`idEncuesta`) ON DELETE CASCADE
) ENGINE=InnoDB DEFAULT CHARSET=utf8 COLLATE=utf8_unicode_ci;
/*!40101 SET character_set_client = @saved_cs_client */;

--
-- Dumping data for table `encuestarespondidaresp`
--

LOCK TABLES `encuestarespondidaresp` WRITE;
/*!40000 ALTER TABLE `encuestarespondidaresp` DISABLE KEYS */;
/*!40000 ALTER TABLE `encuestarespondidaresp` ENABLE KEYS */;
UNLOCK TABLES;

--
-- Table structure for table `evidenciaactividad`
--

DROP TABLE IF EXISTS `evidenciaactividad`;
/*!40101 SET @saved_cs_client     = @@character_set_client */;
/*!40101 SET character_set_client = utf8 */;
CREATE TABLE `evidenciaactividad` (
  `idEvidenciaActividad` int(10) unsigned NOT NULL AUTO_INCREMENT,
  `nombre` varchar(100) COLLATE utf8_unicode_ci NOT NULL DEFAULT 'Evidencia',
  `ruta` mediumtext COLLATE utf8_unicode_ci,
  `idActividad` int(10) unsigned NOT NULL,
  `created_at` timestamp NULL DEFAULT NULL,
  `updated_at` timestamp NULL DEFAULT NULL,
  PRIMARY KEY (`idEvidenciaActividad`),
  KEY `evidenciaactividad_idactividad_foreign` (`idActividad`),
  CONSTRAINT `evidenciaactividad_idactividad_foreign` FOREIGN KEY (`idActividad`) REFERENCES `actividad` (`idActividad`)
) ENGINE=InnoDB DEFAULT CHARSET=utf8 COLLATE=utf8_unicode_ci;
/*!40101 SET character_set_client = @saved_cs_client */;

--
-- Dumping data for table `evidenciaactividad`
--

LOCK TABLES `evidenciaactividad` WRITE;
/*!40000 ALTER TABLE `evidenciaactividad` DISABLE KEYS */;
/*!40000 ALTER TABLE `evidenciaactividad` ENABLE KEYS */;
UNLOCK TABLES;

--
-- Table structure for table `evidenciamovilidad`
--

DROP TABLE IF EXISTS `evidenciamovilidad`;
/*!40101 SET @saved_cs_client     = @@character_set_client */;
/*!40101 SET character_set_client = utf8 */;
CREATE TABLE `evidenciamovilidad` (
  `idEvidenciaMovilidad` int(10) unsigned NOT NULL AUTO_INCREMENT,
  `ruta` mediumtext COLLATE utf8_unicode_ci NOT NULL,
  `idBeneficiaroMovilidad` int(10) unsigned NOT NULL,
  `created_at` timestamp NULL DEFAULT NULL,
  `updated_at` timestamp NULL DEFAULT NULL,
  PRIMARY KEY (`idEvidenciaMovilidad`),
  KEY `evidenciamovilidad_idbeneficiaromovilidad_foreign` (`idBeneficiaroMovilidad`),
  CONSTRAINT `evidenciamovilidad_idbeneficiaromovilidad_foreign` FOREIGN KEY (`idBeneficiaroMovilidad`) REFERENCES `beneficiaromovilidad` (`idBeneficiaroMovilidad`) ON DELETE CASCADE
) ENGINE=InnoDB DEFAULT CHARSET=utf8 COLLATE=utf8_unicode_ci;
/*!40101 SET character_set_client = @saved_cs_client */;

--
-- Dumping data for table `evidenciamovilidad`
--

LOCK TABLES `evidenciamovilidad` WRITE;
/*!40000 ALTER TABLE `evidenciamovilidad` DISABLE KEYS */;
/*!40000 ALTER TABLE `evidenciamovilidad` ENABLE KEYS */;
UNLOCK TABLES;

--
-- Table structure for table `failed_jobs`
--

DROP TABLE IF EXISTS `failed_jobs`;
/*!40101 SET @saved_cs_client     = @@character_set_client */;
/*!40101 SET character_set_client = utf8 */;
CREATE TABLE `failed_jobs` (
  `id` bigint(20) unsigned NOT NULL AUTO_INCREMENT,
  `connection` text COLLATE utf8_unicode_ci NOT NULL,
  `queue` text COLLATE utf8_unicode_ci NOT NULL,
  `payload` longtext COLLATE utf8_unicode_ci NOT NULL,
  `exception` longtext COLLATE utf8_unicode_ci NOT NULL,
  `failed_at` timestamp NOT NULL DEFAULT CURRENT_TIMESTAMP,
  PRIMARY KEY (`id`)
) ENGINE=InnoDB DEFAULT CHARSET=utf8 COLLATE=utf8_unicode_ci;
/*!40101 SET character_set_client = @saved_cs_client */;

--
-- Dumping data for table `failed_jobs`
--

LOCK TABLES `failed_jobs` WRITE;
/*!40000 ALTER TABLE `failed_jobs` DISABLE KEYS */;
/*!40000 ALTER TABLE `failed_jobs` ENABLE KEYS */;
UNLOCK TABLES;

--
-- Table structure for table `habitoestudio`
--

DROP TABLE IF EXISTS `habitoestudio`;
/*!40101 SET @saved_cs_client     = @@character_set_client */;
/*!40101 SET character_set_client = utf8 */;
CREATE TABLE `habitoestudio` (
  `idHabitoEstudio` int(10) unsigned NOT NULL AUTO_INCREMENT,
  `idTutorTutorado` int(10) unsigned NOT NULL,
  `created_at` timestamp NULL DEFAULT NULL,
  `updated_at` timestamp NULL DEFAULT NULL,
  PRIMARY KEY (`idHabitoEstudio`),
  KEY `habitoestudio_idtutortutorado_foreign` (`idTutorTutorado`),
  CONSTRAINT `habitoestudio_idtutortutorado_foreign` FOREIGN KEY (`idTutorTutorado`) REFERENCES `tutortutorado` (`idTutorTutorado`)
) ENGINE=InnoDB DEFAULT CHARSET=utf8 COLLATE=utf8_unicode_ci;
/*!40101 SET character_set_client = @saved_cs_client */;

--
-- Dumping data for table `habitoestudio`
--

LOCK TABLES `habitoestudio` WRITE;
/*!40000 ALTER TABLE `habitoestudio` DISABLE KEYS */;
/*!40000 ALTER TABLE `habitoestudio` ENABLE KEYS */;
UNLOCK TABLES;

--
-- Table structure for table `horariodisponible`
--

DROP TABLE IF EXISTS `horariodisponible`;
/*!40101 SET @saved_cs_client     = @@character_set_client */;
/*!40101 SET character_set_client = utf8 */;
CREATE TABLE `horariodisponible` (
  `idHorarioDisponible` int(10) unsigned NOT NULL AUTO_INCREMENT,
  `dia` enum('1','2','3','4','5','6','7') COLLATE utf8_unicode_ci NOT NULL,
  `horaInicio` time NOT NULL,
  `horaFin` time NOT NULL,
  `lugar` varchar(100) COLLATE utf8_unicode_ci NOT NULL,
  `anioSemestre` smallint(6) NOT NULL,
  `numeroSemestre` enum('1','2','3') COLLATE utf8_unicode_ci NOT NULL,
  `idDocente` int(10) unsigned NOT NULL,
  `created_at` timestamp NULL DEFAULT NULL,
  `updated_at` timestamp NULL DEFAULT NULL,
  PRIMARY KEY (`idHorarioDisponible`),
  KEY `horariodisponible_iddocente_foreign` (`idDocente`),
  CONSTRAINT `horariodisponible_iddocente_foreign` FOREIGN KEY (`idDocente`) REFERENCES `docente` (`idDocente`) ON DELETE CASCADE
) ENGINE=InnoDB DEFAULT CHARSET=utf8 COLLATE=utf8_unicode_ci;
/*!40101 SET character_set_client = @saved_cs_client */;

--
-- Dumping data for table `horariodisponible`
--

LOCK TABLES `horariodisponible` WRITE;
/*!40000 ALTER TABLE `horariodisponible` DISABLE KEYS */;
/*!40000 ALTER TABLE `horariodisponible` ENABLE KEYS */;
UNLOCK TABLES;

--
-- Table structure for table `infogeneral`
--

DROP TABLE IF EXISTS `infogeneral`;
/*!40101 SET @saved_cs_client     = @@character_set_client */;
/*!40101 SET character_set_client = utf8 */;
CREATE TABLE `infogeneral` (
  `idInfoGeneral` int(10) unsigned NOT NULL AUTO_INCREMENT,
  `sexo` enum('0','1') COLLATE utf8_unicode_ci NOT NULL,
  `fechaNacimiento` date NOT NULL,
  `estadoCivil` enum('1','2','3','4') COLLATE utf8_unicode_ci NOT NULL,
  `ocupacion` varchar(50) COLLATE utf8_unicode_ci NOT NULL,
  `nombreApoderado` varchar(50) COLLATE utf8_unicode_ci DEFAULT NULL,
  `apellidoApoderado` varchar(50) COLLATE utf8_unicode_ci DEFAULT NULL,
  `relacionApoderado` enum('1','2','3','4','5','6') COLLATE utf8_unicode_ci NOT NULL,
  `telefonoApoderado` varchar(15) COLLATE utf8_unicode_ci DEFAULT NULL,
  `planVida` mediumtext COLLATE utf8_unicode_ci NOT NULL,
  `planInmediato` mediumtext COLLATE utf8_unicode_ci NOT NULL,
  `metasVida` mediumtext COLLATE utf8_unicode_ci NOT NULL,
  `idAlumno` int(10) unsigned NOT NULL,
  `created_at` timestamp NULL DEFAULT NULL,
  `updated_at` timestamp NULL DEFAULT NULL,
  PRIMARY KEY (`idInfoGeneral`),
  KEY `infogeneral_idalumno_foreign` (`idAlumno`),
  CONSTRAINT `infogeneral_idalumno_foreign` FOREIGN KEY (`idAlumno`) REFERENCES `alumno` (`idAlumno`) ON DELETE CASCADE
) ENGINE=InnoDB DEFAULT CHARSET=utf8 COLLATE=utf8_unicode_ci;
/*!40101 SET character_set_client = @saved_cs_client */;

--
-- Dumping data for table `infogeneral`
--

LOCK TABLES `infogeneral` WRITE;
/*!40000 ALTER TABLE `infogeneral` DISABLE KEYS */;
/*!40000 ALTER TABLE `infogeneral` ENABLE KEYS */;
UNLOCK TABLES;

--
-- Table structure for table `inscripcionada`
--

DROP TABLE IF EXISTS `inscripcionada`;
/*!40101 SET @saved_cs_client     = @@character_set_client */;
/*!40101 SET character_set_client = utf8 */;
CREATE TABLE `inscripcionada` (
  `idInscripcionADA` int(10) unsigned NOT NULL AUTO_INCREMENT,
  `idActividad` int(10) unsigned NOT NULL,
  `created_at` timestamp NULL DEFAULT NULL,
  `updated_at` timestamp NULL DEFAULT NULL,
  PRIMARY KEY (`idInscripcionADA`),
  KEY `inscripcionada_idactividad_foreign` (`idActividad`),
  CONSTRAINT `inscripcionada_idactividad_foreign` FOREIGN KEY (`idActividad`) REFERENCES `actividad` (`idActividad`)
) ENGINE=InnoDB AUTO_INCREMENT=78 DEFAULT CHARSET=utf8 COLLATE=utf8_unicode_ci;
/*!40101 SET character_set_client = @saved_cs_client */;

--
-- Dumping data for table `inscripcionada`
--

LOCK TABLES `inscripcionada` WRITE;
/*!40000 ALTER TABLE `inscripcionada` DISABLE KEYS */;
INSERT INTO `inscripcionada` VALUES (49,27,'2017-11-01 01:26:45','2017-11-01 01:26:45'),(50,28,'2017-11-01 01:36:50','2017-11-01 01:36:50'),(51,29,'2017-11-01 02:05:14','2017-11-01 02:05:14'),(52,29,'2017-11-01 02:10:39','2017-11-01 02:10:39'),(53,29,'2017-11-01 02:13:14','2017-11-01 02:13:14'),(54,29,'2017-11-01 02:14:23','2017-11-01 02:14:23'),(55,29,'2017-11-01 02:14:26','2017-11-01 02:14:26'),(56,31,'2017-11-01 02:18:06','2017-11-01 02:18:06'),(57,32,'2017-11-01 02:25:48','2017-11-01 02:25:48'),(58,32,'2017-11-01 02:25:48','2017-11-01 02:25:48'),(59,29,'2017-11-01 02:31:46','2017-11-01 02:31:46'),(60,29,'2017-11-01 02:34:02','2017-11-01 02:34:02'),(61,33,'2017-11-01 02:38:22','2017-11-01 02:38:22'),(62,33,'2017-11-01 02:38:44','2017-11-01 02:38:44'),(63,33,'2017-11-01 02:38:51','2017-11-01 02:38:51'),(64,34,'2017-11-01 02:51:52','2017-11-01 02:51:52'),(65,33,'2017-11-01 02:51:56','2017-11-01 02:51:56'),(66,36,'2017-11-02 17:37:29','2017-11-02 17:37:29'),(67,38,'2017-11-02 17:42:58','2017-11-02 17:42:58'),(68,29,'2017-11-02 17:49:43','2017-11-02 17:49:43'),(69,29,'2017-11-02 17:50:20','2017-11-02 17:50:20'),(70,29,'2017-11-02 17:51:02','2017-11-02 17:51:02'),(71,33,'2017-11-02 18:00:22','2017-11-02 18:00:22'),(72,38,'2017-11-02 20:02:14','2017-11-02 20:02:14'),(73,41,'2017-11-02 20:36:07','2017-11-02 20:36:07'),(74,38,'2017-11-02 20:48:53','2017-11-02 20:48:53'),(75,33,'2017-11-02 20:51:19','2017-11-02 20:51:19'),(76,42,'2017-11-02 21:10:11','2017-11-02 21:10:11'),(77,35,'2017-11-08 21:03:49','2017-11-08 21:03:49');
/*!40000 ALTER TABLE `inscripcionada` ENABLE KEYS */;
UNLOCK TABLES;

--
-- Table structure for table `inscripcionadministrativo`
--

DROP TABLE IF EXISTS `inscripcionadministrativo`;
/*!40101 SET @saved_cs_client     = @@character_set_client */;
/*!40101 SET character_set_client = utf8 */;
CREATE TABLE `inscripcionadministrativo` (
  `idInscripcionAdministrativo` int(10) unsigned NOT NULL AUTO_INCREMENT,
  `asistencia` enum('0','1') COLLATE utf8_unicode_ci NOT NULL DEFAULT '0',
  `idActividad` int(11) NOT NULL,
  `idAdministrativo` int(10) unsigned NOT NULL,
  `idInscripcionADA` int(10) unsigned NOT NULL,
  `created_at` timestamp NULL DEFAULT NULL,
  `updated_at` timestamp NULL DEFAULT NULL,
  PRIMARY KEY (`idInscripcionAdministrativo`),
  KEY `inscripcionadministrativo_idadministrativo_foreign` (`idAdministrativo`),
  KEY `inscripcionadministrativo_idinscripcionada_foreign` (`idInscripcionADA`),
  CONSTRAINT `inscripcionadministrativo_idadministrativo_foreign` FOREIGN KEY (`idAdministrativo`) REFERENCES `administrativo` (`idAdministrativo`),
  CONSTRAINT `inscripcionadministrativo_idinscripcionada_foreign` FOREIGN KEY (`idInscripcionADA`) REFERENCES `inscripcionada` (`idInscripcionADA`)
) ENGINE=InnoDB AUTO_INCREMENT=9 DEFAULT CHARSET=utf8 COLLATE=utf8_unicode_ci;
/*!40101 SET character_set_client = @saved_cs_client */;

--
-- Dumping data for table `inscripcionadministrativo`
--

LOCK TABLES `inscripcionadministrativo` WRITE;
/*!40000 ALTER TABLE `inscripcionadministrativo` DISABLE KEYS */;
INSERT INTO `inscripcionadministrativo` VALUES (5,'0',36,26,66,'2017-11-02 17:37:29','2017-11-02 17:37:29'),(6,'0',33,26,71,'2017-11-02 18:00:22','2017-11-02 18:00:22'),(7,'0',38,26,72,'2017-11-02 20:02:14','2017-11-02 20:02:14'),(8,'0',35,26,77,'2017-11-08 21:03:50','2017-11-08 21:03:50');
/*!40000 ALTER TABLE `inscripcionadministrativo` ENABLE KEYS */;
UNLOCK TABLES;

--
-- Table structure for table `inscripcionalumno`
--

DROP TABLE IF EXISTS `inscripcionalumno`;
/*!40101 SET @saved_cs_client     = @@character_set_client */;
/*!40101 SET character_set_client = utf8 */;
CREATE TABLE `inscripcionalumno` (
  `idInscripcionAlumno` int(10) unsigned NOT NULL AUTO_INCREMENT,
  `asistencia` enum('0','1') COLLATE utf8_unicode_ci NOT NULL DEFAULT '0',
  `idActividad` int(11) NOT NULL,
  `idAlumno` int(10) unsigned NOT NULL,
  `idInscripcionADA` int(10) unsigned NOT NULL,
  `created_at` timestamp NULL DEFAULT NULL,
  `updated_at` timestamp NULL DEFAULT NULL,
  PRIMARY KEY (`idInscripcionAlumno`),
  KEY `inscripcionalumno_idalumno_foreign` (`idAlumno`),
  KEY `inscripcionalumno_idinscripcionada_foreign` (`idInscripcionADA`),
  CONSTRAINT `inscripcionalumno_idalumno_foreign` FOREIGN KEY (`idAlumno`) REFERENCES `alumno` (`idAlumno`),
  CONSTRAINT `inscripcionalumno_idinscripcionada_foreign` FOREIGN KEY (`idInscripcionADA`) REFERENCES `inscripcionada` (`idInscripcionADA`)
) ENGINE=InnoDB AUTO_INCREMENT=52 DEFAULT CHARSET=utf8 COLLATE=utf8_unicode_ci;
/*!40101 SET character_set_client = @saved_cs_client */;

--
-- Dumping data for table `inscripcionalumno`
--

LOCK TABLES `inscripcionalumno` WRITE;
/*!40000 ALTER TABLE `inscripcionalumno` DISABLE KEYS */;
INSERT INTO `inscripcionalumno` VALUES (33,'0',27,683,49,'2017-11-01 01:26:45','2017-11-01 01:26:45'),(34,'0',28,1,50,'2017-11-01 01:36:50','2017-11-01 01:36:50'),(35,'0',29,683,51,'2017-11-01 02:05:14','2017-11-01 02:05:14'),(36,'0',29,92,52,'2017-11-01 02:10:39','2017-11-01 02:10:39'),(37,'0',29,92,53,'2017-11-01 02:13:14','2017-11-01 02:13:14'),(38,'0',29,92,54,'2017-11-01 02:14:23','2017-11-01 02:14:23'),(39,'0',29,92,55,'2017-11-01 02:14:26','2017-11-01 02:14:26'),(40,'0',31,207,56,'2017-11-01 02:18:06','2017-11-01 02:18:06'),(41,'0',32,204,57,'2017-11-01 02:25:48','2017-11-01 02:25:48'),(42,'0',32,205,58,'2017-11-01 02:25:48','2017-11-01 02:25:48'),(43,'0',29,1,59,'2017-11-01 02:31:46','2017-11-01 02:31:46'),(44,'0',33,1,62,'2017-11-01 02:38:44','2017-11-01 02:38:44'),(45,'0',33,1,63,'2017-11-01 02:38:51','2017-11-01 02:38:51'),(46,'0',38,683,67,'2017-11-02 17:42:58','2017-11-02 17:42:58'),(47,'0',29,649,68,'2017-11-02 17:49:43','2017-11-02 17:49:43'),(48,'0',29,646,69,'2017-11-02 17:50:20','2017-11-02 17:50:20'),(49,'0',29,623,70,'2017-11-02 17:51:02','2017-11-02 17:51:02'),(50,'0',33,640,75,'2017-11-02 20:51:19','2017-11-02 20:51:19'),(51,'0',42,1,76,'2017-11-02 21:10:12','2017-11-02 21:10:12');
/*!40000 ALTER TABLE `inscripcionalumno` ENABLE KEYS */;
UNLOCK TABLES;

--
-- Table structure for table `inscripciondocente`
--

DROP TABLE IF EXISTS `inscripciondocente`;
/*!40101 SET @saved_cs_client     = @@character_set_client */;
/*!40101 SET character_set_client = utf8 */;
CREATE TABLE `inscripciondocente` (
  `idInscripcionDocente` int(10) unsigned NOT NULL AUTO_INCREMENT,
  `asistencia` enum('0','1') COLLATE utf8_unicode_ci NOT NULL,
  `idActividad` int(11) NOT NULL,
  `idDocente` int(10) unsigned NOT NULL,
  `idInscripcionADA` int(10) unsigned NOT NULL,
  `created_at` timestamp NULL DEFAULT NULL,
  `updated_at` timestamp NULL DEFAULT NULL,
  PRIMARY KEY (`idInscripcionDocente`),
  KEY `inscripciondocente_iddocente_foreign` (`idDocente`),
  KEY `inscripciondocente_idinscripcionada_foreign` (`idInscripcionADA`),
  CONSTRAINT `inscripciondocente_iddocente_foreign` FOREIGN KEY (`idDocente`) REFERENCES `docente` (`idDocente`),
  CONSTRAINT `inscripciondocente_idinscripcionada_foreign` FOREIGN KEY (`idInscripcionADA`) REFERENCES `inscripcionada` (`idInscripcionADA`)
) ENGINE=InnoDB AUTO_INCREMENT=6 DEFAULT CHARSET=utf8 COLLATE=utf8_unicode_ci;
/*!40101 SET character_set_client = @saved_cs_client */;

--
-- Dumping data for table `inscripciondocente`
--

LOCK TABLES `inscripciondocente` WRITE;
/*!40000 ALTER TABLE `inscripciondocente` DISABLE KEYS */;
INSERT INTO `inscripciondocente` VALUES (2,'0',34,2,64,'2017-11-01 02:51:52','2017-11-01 02:51:52'),(3,'0',33,2,65,'2017-11-01 02:51:56','2017-11-01 02:51:56'),(4,'0',41,46,73,'2017-11-02 20:36:07','2017-11-02 20:36:07'),(5,'0',38,2,74,'2017-11-02 20:48:53','2017-11-02 20:48:53');
/*!40000 ALTER TABLE `inscripciondocente` ENABLE KEYS */;
UNLOCK TABLES;

--
-- Table structure for table `jobs`
--

DROP TABLE IF EXISTS `jobs`;
/*!40101 SET @saved_cs_client     = @@character_set_client */;
/*!40101 SET character_set_client = utf8 */;
CREATE TABLE `jobs` (
  `id` bigint(20) unsigned NOT NULL AUTO_INCREMENT,
  `queue` varchar(191) COLLATE utf8_unicode_ci NOT NULL,
  `payload` longtext COLLATE utf8_unicode_ci NOT NULL,
  `attempts` bigint(20) unsigned NOT NULL,
  `reserved_at` int(10) unsigned DEFAULT NULL,
  `available_at` int(10) unsigned NOT NULL,
  `created_at` int(10) unsigned NOT NULL,
  PRIMARY KEY (`id`),
  KEY `jobs_queue_reserved_at_index` (`queue`,`reserved_at`)
) ENGINE=InnoDB AUTO_INCREMENT=8 DEFAULT CHARSET=utf8 COLLATE=utf8_unicode_ci;
/*!40101 SET character_set_client = @saved_cs_client */;

--
-- Dumping data for table `jobs`
--

LOCK TABLES `jobs` WRITE;
/*!40000 ALTER TABLE `jobs` DISABLE KEYS */;
INSERT INTO `jobs` VALUES (1,'default','{\"displayName\":\"BienestarWeb\\\\Jobs\\\\JobEmailNuevaAct\",\"job\":\"Illuminate\\\\Queue\\\\CallQueuedHandler@call\",\"maxTries\":null,\"timeout\":null,\"timeoutAt\":null,\"data\":{\"commandName\":\"BienestarWeb\\\\Jobs\\\\JobEmailNuevaAct\",\"command\":\"O:34:\\\"BienestarWeb\\\\Jobs\\\\JobEmailNuevaAct\\\":12:{s:45:\\\"\\u0000BienestarWeb\\\\Jobs\\\\JobEmailNuevaAct\\u0000actividad\\\";O:45:\\\"Illuminate\\\\Contracts\\\\Database\\\\ModelIdentifier\\\":3:{s:5:\\\"class\\\";s:22:\\\"BienestarWeb\\\\Actividad\\\";s:2:\\\"id\\\";i:35;s:10:\\\"connection\\\";s:5:\\\"mysql\\\";}s:42:\\\"\\u0000BienestarWeb\\\\Jobs\\\\JobEmailNuevaAct\\u0000userAl\\\";N;s:44:\\\"\\u0000BienestarWeb\\\\Jobs\\\\JobEmailNuevaAct\\u0000userResp\\\";O:45:\\\"Illuminate\\\\Contracts\\\\Database\\\\ModelIdentifier\\\":3:{s:5:\\\"class\\\";s:17:\\\"BienestarWeb\\\\User\\\";s:2:\\\"id\\\";i:39;s:10:\\\"connection\\\";s:5:\\\"mysql\\\";}s:44:\\\"\\u0000BienestarWeb\\\\Jobs\\\\JobEmailNuevaAct\\u0000mensajeR\\\";s:54:\\\"Ud. ha sido asignado como responsable de una actividad\\\";s:44:\\\"\\u0000BienestarWeb\\\\Jobs\\\\JobEmailNuevaAct\\u0000mensajeA\\\";s:42:\\\"Se le invita a participar de una actividad\\\";s:45:\\\"\\u0000BienestarWeb\\\\Jobs\\\\JobEmailNuevaAct\\u0000tutorados\\\";N;s:49:\\\"\\u0000BienestarWeb\\\\Jobs\\\\JobEmailNuevaAct\\u0000tipoActividad\\\";s:1:\\\"5\\\";s:6:\\\"\\u0000*\\u0000job\\\";N;s:10:\\\"connection\\\";N;s:5:\\\"queue\\\";N;s:5:\\\"delay\\\";O:13:\\\"Carbon\\\\Carbon\\\":3:{s:4:\\\"date\\\";s:26:\\\"2017-10-31 21:57:06.498090\\\";s:13:\\\"timezone_type\\\";i:3;s:8:\\\"timezone\\\";s:3:\\\"UTC\\\";}s:7:\\\"chained\\\";a:0:{}}\"}}',0,NULL,1509487026,1509487021),(2,'default','{\"displayName\":\"BienestarWeb\\\\Jobs\\\\JobEmailNuevaAct\",\"job\":\"Illuminate\\\\Queue\\\\CallQueuedHandler@call\",\"maxTries\":null,\"timeout\":null,\"timeoutAt\":null,\"data\":{\"commandName\":\"BienestarWeb\\\\Jobs\\\\JobEmailNuevaAct\",\"command\":\"O:34:\\\"BienestarWeb\\\\Jobs\\\\JobEmailNuevaAct\\\":12:{s:45:\\\"\\u0000BienestarWeb\\\\Jobs\\\\JobEmailNuevaAct\\u0000actividad\\\";O:45:\\\"Illuminate\\\\Contracts\\\\Database\\\\ModelIdentifier\\\":3:{s:5:\\\"class\\\";s:22:\\\"BienestarWeb\\\\Actividad\\\";s:2:\\\"id\\\";i:36;s:10:\\\"connection\\\";s:5:\\\"mysql\\\";}s:42:\\\"\\u0000BienestarWeb\\\\Jobs\\\\JobEmailNuevaAct\\u0000userAl\\\";N;s:44:\\\"\\u0000BienestarWeb\\\\Jobs\\\\JobEmailNuevaAct\\u0000userResp\\\";O:45:\\\"Illuminate\\\\Contracts\\\\Database\\\\ModelIdentifier\\\":3:{s:5:\\\"class\\\";s:17:\\\"BienestarWeb\\\\User\\\";s:2:\\\"id\\\";i:47;s:10:\\\"connection\\\";s:5:\\\"mysql\\\";}s:44:\\\"\\u0000BienestarWeb\\\\Jobs\\\\JobEmailNuevaAct\\u0000mensajeR\\\";s:54:\\\"Ud. ha sido asignado como responsable de una actividad\\\";s:44:\\\"\\u0000BienestarWeb\\\\Jobs\\\\JobEmailNuevaAct\\u0000mensajeA\\\";s:42:\\\"Se le invita a participar de una actividad\\\";s:45:\\\"\\u0000BienestarWeb\\\\Jobs\\\\JobEmailNuevaAct\\u0000tutorados\\\";N;s:49:\\\"\\u0000BienestarWeb\\\\Jobs\\\\JobEmailNuevaAct\\u0000tipoActividad\\\";s:1:\\\"6\\\";s:6:\\\"\\u0000*\\u0000job\\\";N;s:10:\\\"connection\\\";N;s:5:\\\"queue\\\";N;s:5:\\\"delay\\\";O:13:\\\"Carbon\\\\Carbon\\\":3:{s:4:\\\"date\\\";s:26:\\\"2017-10-31 21:59:07.536598\\\";s:13:\\\"timezone_type\\\";i:3;s:8:\\\"timezone\\\";s:3:\\\"UTC\\\";}s:7:\\\"chained\\\";a:0:{}}\"}}',0,NULL,1509487147,1509487142),(3,'default','{\"displayName\":\"BienestarWeb\\\\Jobs\\\\JobEmailNuevaAct\",\"job\":\"Illuminate\\\\Queue\\\\CallQueuedHandler@call\",\"maxTries\":null,\"timeout\":null,\"timeoutAt\":null,\"data\":{\"commandName\":\"BienestarWeb\\\\Jobs\\\\JobEmailNuevaAct\",\"command\":\"O:34:\\\"BienestarWeb\\\\Jobs\\\\JobEmailNuevaAct\\\":12:{s:45:\\\"\\u0000BienestarWeb\\\\Jobs\\\\JobEmailNuevaAct\\u0000actividad\\\";O:45:\\\"Illuminate\\\\Contracts\\\\Database\\\\ModelIdentifier\\\":3:{s:5:\\\"class\\\";s:22:\\\"BienestarWeb\\\\Actividad\\\";s:2:\\\"id\\\";i:37;s:10:\\\"connection\\\";s:5:\\\"mysql\\\";}s:42:\\\"\\u0000BienestarWeb\\\\Jobs\\\\JobEmailNuevaAct\\u0000userAl\\\";N;s:44:\\\"\\u0000BienestarWeb\\\\Jobs\\\\JobEmailNuevaAct\\u0000userResp\\\";O:45:\\\"Illuminate\\\\Contracts\\\\Database\\\\ModelIdentifier\\\":3:{s:5:\\\"class\\\";s:17:\\\"BienestarWeb\\\\User\\\";s:2:\\\"id\\\";i:138;s:10:\\\"connection\\\";s:5:\\\"mysql\\\";}s:44:\\\"\\u0000BienestarWeb\\\\Jobs\\\\JobEmailNuevaAct\\u0000mensajeR\\\";s:54:\\\"Ud. ha sido asignado como responsable de una actividad\\\";s:44:\\\"\\u0000BienestarWeb\\\\Jobs\\\\JobEmailNuevaAct\\u0000mensajeA\\\";s:42:\\\"Se le invita a participar de una actividad\\\";s:45:\\\"\\u0000BienestarWeb\\\\Jobs\\\\JobEmailNuevaAct\\u0000tutorados\\\";N;s:49:\\\"\\u0000BienestarWeb\\\\Jobs\\\\JobEmailNuevaAct\\u0000tipoActividad\\\";s:1:\\\"6\\\";s:6:\\\"\\u0000*\\u0000job\\\";N;s:10:\\\"connection\\\";N;s:5:\\\"queue\\\";N;s:5:\\\"delay\\\";O:13:\\\"Carbon\\\\Carbon\\\":3:{s:4:\\\"date\\\";s:26:\\\"2017-10-31 22:04:50.590312\\\";s:13:\\\"timezone_type\\\";i:3;s:8:\\\"timezone\\\";s:3:\\\"UTC\\\";}s:7:\\\"chained\\\";a:0:{}}\"}}',0,NULL,1509487490,1509487485),(4,'default','{\"displayName\":\"BienestarWeb\\\\Jobs\\\\JobEmailNuevaAct\",\"job\":\"Illuminate\\\\Queue\\\\CallQueuedHandler@call\",\"maxTries\":null,\"timeout\":null,\"timeoutAt\":null,\"data\":{\"commandName\":\"BienestarWeb\\\\Jobs\\\\JobEmailNuevaAct\",\"command\":\"O:34:\\\"BienestarWeb\\\\Jobs\\\\JobEmailNuevaAct\\\":12:{s:45:\\\"\\u0000BienestarWeb\\\\Jobs\\\\JobEmailNuevaAct\\u0000actividad\\\";O:45:\\\"Illuminate\\\\Contracts\\\\Database\\\\ModelIdentifier\\\":3:{s:5:\\\"class\\\";s:22:\\\"BienestarWeb\\\\Actividad\\\";s:2:\\\"id\\\";i:38;s:10:\\\"connection\\\";s:5:\\\"mysql\\\";}s:42:\\\"\\u0000BienestarWeb\\\\Jobs\\\\JobEmailNuevaAct\\u0000userAl\\\";N;s:44:\\\"\\u0000BienestarWeb\\\\Jobs\\\\JobEmailNuevaAct\\u0000userResp\\\";O:45:\\\"Illuminate\\\\Contracts\\\\Database\\\\ModelIdentifier\\\":3:{s:5:\\\"class\\\";s:17:\\\"BienestarWeb\\\\User\\\";s:2:\\\"id\\\";i:8;s:10:\\\"connection\\\";s:5:\\\"mysql\\\";}s:44:\\\"\\u0000BienestarWeb\\\\Jobs\\\\JobEmailNuevaAct\\u0000mensajeR\\\";s:54:\\\"Ud. ha sido asignado como responsable de una actividad\\\";s:44:\\\"\\u0000BienestarWeb\\\\Jobs\\\\JobEmailNuevaAct\\u0000mensajeA\\\";s:42:\\\"Se le invita a participar de una actividad\\\";s:45:\\\"\\u0000BienestarWeb\\\\Jobs\\\\JobEmailNuevaAct\\u0000tutorados\\\";N;s:49:\\\"\\u0000BienestarWeb\\\\Jobs\\\\JobEmailNuevaAct\\u0000tipoActividad\\\";s:1:\\\"7\\\";s:6:\\\"\\u0000*\\u0000job\\\";N;s:10:\\\"connection\\\";N;s:5:\\\"queue\\\";N;s:5:\\\"delay\\\";O:13:\\\"Carbon\\\\Carbon\\\":3:{s:4:\\\"date\\\";s:26:\\\"2017-10-31 22:10:10.808986\\\";s:13:\\\"timezone_type\\\";i:3;s:8:\\\"timezone\\\";s:3:\\\"UTC\\\";}s:7:\\\"chained\\\";a:0:{}}\"}}',0,NULL,1509487810,1509487805),(5,'default','{\"displayName\":\"BienestarWeb\\\\Jobs\\\\JobEmailNuevaAct\",\"job\":\"Illuminate\\\\Queue\\\\CallQueuedHandler@call\",\"maxTries\":null,\"timeout\":null,\"timeoutAt\":null,\"data\":{\"commandName\":\"BienestarWeb\\\\Jobs\\\\JobEmailNuevaAct\",\"command\":\"O:34:\\\"BienestarWeb\\\\Jobs\\\\JobEmailNuevaAct\\\":12:{s:45:\\\"\\u0000BienestarWeb\\\\Jobs\\\\JobEmailNuevaAct\\u0000actividad\\\";O:45:\\\"Illuminate\\\\Contracts\\\\Database\\\\ModelIdentifier\\\":3:{s:5:\\\"class\\\";s:22:\\\"BienestarWeb\\\\Actividad\\\";s:2:\\\"id\\\";i:39;s:10:\\\"connection\\\";s:5:\\\"mysql\\\";}s:42:\\\"\\u0000BienestarWeb\\\\Jobs\\\\JobEmailNuevaAct\\u0000userAl\\\";N;s:44:\\\"\\u0000BienestarWeb\\\\Jobs\\\\JobEmailNuevaAct\\u0000userResp\\\";O:45:\\\"Illuminate\\\\Contracts\\\\Database\\\\ModelIdentifier\\\":3:{s:5:\\\"class\\\";s:17:\\\"BienestarWeb\\\\User\\\";s:2:\\\"id\\\";i:6;s:10:\\\"connection\\\";s:5:\\\"mysql\\\";}s:44:\\\"\\u0000BienestarWeb\\\\Jobs\\\\JobEmailNuevaAct\\u0000mensajeR\\\";s:54:\\\"Ud. ha sido asignado como responsable de una actividad\\\";s:44:\\\"\\u0000BienestarWeb\\\\Jobs\\\\JobEmailNuevaAct\\u0000mensajeA\\\";s:42:\\\"Se le invita a participar de una actividad\\\";s:45:\\\"\\u0000BienestarWeb\\\\Jobs\\\\JobEmailNuevaAct\\u0000tutorados\\\";N;s:49:\\\"\\u0000BienestarWeb\\\\Jobs\\\\JobEmailNuevaAct\\u0000tipoActividad\\\";s:1:\\\"7\\\";s:6:\\\"\\u0000*\\u0000job\\\";N;s:10:\\\"connection\\\";N;s:5:\\\"queue\\\";N;s:5:\\\"delay\\\";O:13:\\\"Carbon\\\\Carbon\\\":3:{s:4:\\\"date\\\";s:26:\\\"2017-10-31 22:11:40.005767\\\";s:13:\\\"timezone_type\\\";i:3;s:8:\\\"timezone\\\";s:3:\\\"UTC\\\";}s:7:\\\"chained\\\";a:0:{}}\"}}',0,NULL,1509487900,1509487895),(6,'default','{\"displayName\":\"BienestarWeb\\\\Jobs\\\\JobEmailNuevaAct\",\"job\":\"Illuminate\\\\Queue\\\\CallQueuedHandler@call\",\"maxTries\":null,\"timeout\":null,\"timeoutAt\":null,\"data\":{\"commandName\":\"BienestarWeb\\\\Jobs\\\\JobEmailNuevaAct\",\"command\":\"O:34:\\\"BienestarWeb\\\\Jobs\\\\JobEmailNuevaAct\\\":12:{s:45:\\\"\\u0000BienestarWeb\\\\Jobs\\\\JobEmailNuevaAct\\u0000actividad\\\";O:45:\\\"Illuminate\\\\Contracts\\\\Database\\\\ModelIdentifier\\\":3:{s:5:\\\"class\\\";s:22:\\\"BienestarWeb\\\\Actividad\\\";s:2:\\\"id\\\";i:40;s:10:\\\"connection\\\";s:5:\\\"mysql\\\";}s:42:\\\"\\u0000BienestarWeb\\\\Jobs\\\\JobEmailNuevaAct\\u0000userAl\\\";N;s:44:\\\"\\u0000BienestarWeb\\\\Jobs\\\\JobEmailNuevaAct\\u0000userResp\\\";O:45:\\\"Illuminate\\\\Contracts\\\\Database\\\\ModelIdentifier\\\":3:{s:5:\\\"class\\\";s:17:\\\"BienestarWeb\\\\User\\\";s:2:\\\"id\\\";i:837;s:10:\\\"connection\\\";s:5:\\\"mysql\\\";}s:44:\\\"\\u0000BienestarWeb\\\\Jobs\\\\JobEmailNuevaAct\\u0000mensajeR\\\";s:54:\\\"Ud. ha sido asignado como responsable de una actividad\\\";s:44:\\\"\\u0000BienestarWeb\\\\Jobs\\\\JobEmailNuevaAct\\u0000mensajeA\\\";s:42:\\\"Se le invita a participar de una actividad\\\";s:45:\\\"\\u0000BienestarWeb\\\\Jobs\\\\JobEmailNuevaAct\\u0000tutorados\\\";N;s:49:\\\"\\u0000BienestarWeb\\\\Jobs\\\\JobEmailNuevaAct\\u0000tipoActividad\\\";s:1:\\\"7\\\";s:6:\\\"\\u0000*\\u0000job\\\";N;s:10:\\\"connection\\\";N;s:5:\\\"queue\\\";N;s:5:\\\"delay\\\";O:13:\\\"Carbon\\\\Carbon\\\":3:{s:4:\\\"date\\\";s:26:\\\"2017-11-02 06:46:37.953482\\\";s:13:\\\"timezone_type\\\";i:3;s:8:\\\"timezone\\\";s:3:\\\"UTC\\\";}s:7:\\\"chained\\\";a:0:{}}\"}}',0,NULL,1509605197,1509605193),(7,'default','{\"displayName\":\"BienestarWeb\\\\Jobs\\\\JobEmailNuevaAct\",\"job\":\"Illuminate\\\\Queue\\\\CallQueuedHandler@call\",\"maxTries\":null,\"timeout\":null,\"timeoutAt\":null,\"data\":{\"commandName\":\"BienestarWeb\\\\Jobs\\\\JobEmailNuevaAct\",\"command\":\"O:34:\\\"BienestarWeb\\\\Jobs\\\\JobEmailNuevaAct\\\":12:{s:45:\\\"\\u0000BienestarWeb\\\\Jobs\\\\JobEmailNuevaAct\\u0000actividad\\\";O:45:\\\"Illuminate\\\\Contracts\\\\Database\\\\ModelIdentifier\\\":3:{s:5:\\\"class\\\";s:22:\\\"BienestarWeb\\\\Actividad\\\";s:2:\\\"id\\\";i:41;s:10:\\\"connection\\\";s:5:\\\"mysql\\\";}s:42:\\\"\\u0000BienestarWeb\\\\Jobs\\\\JobEmailNuevaAct\\u0000userAl\\\";N;s:44:\\\"\\u0000BienestarWeb\\\\Jobs\\\\JobEmailNuevaAct\\u0000userResp\\\";O:45:\\\"Illuminate\\\\Contracts\\\\Database\\\\ModelIdentifier\\\":3:{s:5:\\\"class\\\";s:17:\\\"BienestarWeb\\\\User\\\";s:2:\\\"id\\\";i:343;s:10:\\\"connection\\\";s:5:\\\"mysql\\\";}s:44:\\\"\\u0000BienestarWeb\\\\Jobs\\\\JobEmailNuevaAct\\u0000mensajeR\\\";s:54:\\\"Ud. ha sido asignado como responsable de una actividad\\\";s:44:\\\"\\u0000BienestarWeb\\\\Jobs\\\\JobEmailNuevaAct\\u0000mensajeA\\\";s:42:\\\"Se le invita a participar de una actividad\\\";s:45:\\\"\\u0000BienestarWeb\\\\Jobs\\\\JobEmailNuevaAct\\u0000tutorados\\\";N;s:49:\\\"\\u0000BienestarWeb\\\\Jobs\\\\JobEmailNuevaAct\\u0000tipoActividad\\\";s:1:\\\"7\\\";s:6:\\\"\\u0000*\\u0000job\\\";N;s:10:\\\"connection\\\";N;s:5:\\\"queue\\\";N;s:5:\\\"delay\\\";O:13:\\\"Carbon\\\\Carbon\\\":3:{s:4:\\\"date\\\";s:26:\\\"2017-11-02 15:33:59.665654\\\";s:13:\\\"timezone_type\\\";i:3;s:8:\\\"timezone\\\";s:3:\\\"UTC\\\";}s:7:\\\"chained\\\";a:0:{}}\"}}',0,NULL,1509636839,1509636834);
/*!40000 ALTER TABLE `jobs` ENABLE KEYS */;
UNLOCK TABLES;

--
-- Table structure for table `migrations`
--

DROP TABLE IF EXISTS `migrations`;
/*!40101 SET @saved_cs_client     = @@character_set_client */;
/*!40101 SET character_set_client = utf8 */;
CREATE TABLE `migrations` (
  `id` int(10) unsigned NOT NULL AUTO_INCREMENT,
  `migration` varchar(255) COLLATE utf8_unicode_ci NOT NULL,
  `batch` int(11) NOT NULL,
  PRIMARY KEY (`id`)
) ENGINE=InnoDB AUTO_INCREMENT=28 DEFAULT CHARSET=utf8 COLLATE=utf8_unicode_ci;
/*!40101 SET character_set_client = @saved_cs_client */;

--
-- Dumping data for table `migrations`
--

LOCK TABLES `migrations` WRITE;
/*!40000 ALTER TABLE `migrations` DISABLE KEYS */;
INSERT INTO `migrations` VALUES (1,'2017_08_13_141020_crearTabla_tipoPersona',1),(2,'2017_08_13_141222_crearTabla_tipoActividad',1),(3,'2017_08_13_141256_crearTabla_persona',1),(4,'2017_08_13_141335_crearTabla_actividad',1),(5,'2017_08_15_032357_crearTabla_docente',1),(6,'2017_08_15_032437_crearTabla_administrativo',1),(7,'2017_08_15_032622_crearTabla_alumno',1),(8,'2017_08_15_032704_crearTabla_inscripcionADA',1),(9,'2017_08_17_124628_crearTabla_tutorTutorado',1),(10,'2017_08_17_132641_crearTabla_encuesta',1),(11,'2017_08_17_134355_crearTabla_encuestaRespondidaInsc',1),(12,'2017_08_17_141010_crearTabla_encuestaRespondidaResp',1),(13,'2017_08_17_142219_crearTabla_infoGeneral',1),(14,'2017_08_17_143423_crearTabla_actMovilidad',1),(15,'2017_08_17_144643_crearTabla_beneficiarioMovilidad',1),(16,'2017_08_22_193418_crearTabla_egresado',1),(17,'2017_08_22_194723_crearTabla_actPedagogia',1),(18,'2017_08_22_201516_crearTabla_actGrupal',1),(19,'2017_08_22_201750_crearTabla_actComedor',1),(20,'2017_08_22_201832_crearTabla_beneficiarioComedor',1),(21,'2017_09_20_012448_crearTrigger_habitoEstudioRespuesta',1),(22,'2017_09_25_022710_crearTabla_usuario',1),(23,'2017_09_25_024925_crearTabla_passwordReset',1),(24,'2017_10_18_173127_create_jobs_table',1),(25,'2017_10_18_173307_create_failed_jobs_table',1),(26,'2017_10_18_173417_crearTrigger_registrarCupo',1),(27,'2017_10_18_173445_crearTrigger_eliminarCupo',1);
/*!40000 ALTER TABLE `migrations` ENABLE KEYS */;
UNLOCK TABLES;

--
-- Table structure for table `password_resets`
--

DROP TABLE IF EXISTS `password_resets`;
/*!40101 SET @saved_cs_client     = @@character_set_client */;
/*!40101 SET character_set_client = utf8 */;
CREATE TABLE `password_resets` (
  `email` varchar(255) COLLATE utf8_unicode_ci NOT NULL,
  `token` varchar(255) COLLATE utf8_unicode_ci NOT NULL,
  `created_at` timestamp NULL DEFAULT NULL,
  KEY `password_resets_email_index` (`email`)
) ENGINE=InnoDB DEFAULT CHARSET=utf8 COLLATE=utf8_unicode_ci;
/*!40101 SET character_set_client = @saved_cs_client */;

--
-- Dumping data for table `password_resets`
--

LOCK TABLES `password_resets` WRITE;
/*!40000 ALTER TABLE `password_resets` DISABLE KEYS */;
/*!40000 ALTER TABLE `password_resets` ENABLE KEYS */;
UNLOCK TABLES;

--
-- Table structure for table `preguntaencuesta`
--

DROP TABLE IF EXISTS `preguntaencuesta`;
/*!40101 SET @saved_cs_client     = @@character_set_client */;
/*!40101 SET character_set_client = utf8 */;
CREATE TABLE `preguntaencuesta` (
  `idPreguntaEncuesta` int(10) unsigned NOT NULL AUTO_INCREMENT,
  `enunciado` mediumtext COLLATE utf8_unicode_ci NOT NULL,
  `estado` int(11) NOT NULL DEFAULT '1',
  `idEncuesta` int(10) unsigned NOT NULL,
  PRIMARY KEY (`idPreguntaEncuesta`),
  KEY `preguntaencuesta_idencuesta_foreign` (`idEncuesta`),
  CONSTRAINT `preguntaencuesta_idencuesta_foreign` FOREIGN KEY (`idEncuesta`) REFERENCES `encuesta` (`idEncuesta`)
) ENGINE=InnoDB AUTO_INCREMENT=24 DEFAULT CHARSET=utf8 COLLATE=utf8_unicode_ci;
/*!40101 SET character_set_client = @saved_cs_client */;

--
-- Dumping data for table `preguntaencuesta`
--

LOCK TABLES `preguntaencuesta` WRITE;
/*!40000 ALTER TABLE `preguntaencuesta` DISABLE KEYS */;
INSERT INTO `preguntaencuesta` VALUES (5,'Asistió con puntualidad a las sesiones individuales.',1,1),(6,'Es una persona que solicita tener comunicación con usted.',1,1),(7,'Demostró interés por las actividades programadas.',1,1),(8,'Muestra respeto hacia usted y demás compañeros de aula.',1,1),(9,'Brindó apoyo para identificar sus dificultades académicas, personal, vocacional, etc.',1,1),(10,'Colaboró en la búsqueda de soluciones para superar las deficiencias.',1,1),(11,'Le proporcionó la información necesaria para derivarlo a las diferentes áreas de servicio de la escuela de Farmacia y Bioquímica de la UNT.',1,1),(12,'Mantuvo un seguimiento sistemático de las actividades programadas.',1,1),(13,'Asistió puntualmente a las sesiones grupales.',1,1),(14,'Demostró interés por las actividades relacionadas a investigación, cursos de especialidad.',1,1),(15,'El profesor tutor asistió a las sesiones programadas en su horario de tutoría académica.',1,2),(16,'El profesor tutor lo orientó e incentivó a mejorar y desarrollarse como persona.',1,2),(17,'El profesor tutor le brindó la confianza como para poder expresar sus problemas, deficiencias, virtudes, entre otros.',1,2),(18,'El profesor tutor le informó y orientó acerca de técnicas para mejorar su aprendizaje.',1,2),(19,'El profesor tutor lo derivó a las diferentes dependencias de la UNT y de la escuela para solucionar sus problemas.',1,2),(20,'El profesor tutor estuvo dispuesto a atenderlo cada vez que usted lo solicitó.',1,2),(21,'El profesor tutor planificó las actividades a realizar.',1,2),(22,'El profesor tutor cumplió con las horas programadas de tutoría académica.',1,2),(23,'Está conforme con la tutoría académica brindada por su profesor tutor.',1,2);
/*!40000 ALTER TABLE `preguntaencuesta` ENABLE KEYS */;
UNLOCK TABLES;

--
-- Table structure for table `preguntahabito`
--

DROP TABLE IF EXISTS `preguntahabito`;
/*!40101 SET @saved_cs_client     = @@character_set_client */;
/*!40101 SET character_set_client = utf8 */;
CREATE TABLE `preguntahabito` (
  `idPreguntaHabito` int(10) unsigned NOT NULL AUTO_INCREMENT,
  `enunciado` mediumtext COLLATE utf8_unicode_ci NOT NULL,
  `idTipoHabito` int(10) unsigned NOT NULL,
  PRIMARY KEY (`idPreguntaHabito`),
  KEY `preguntahabito_idtipohabito_foreign` (`idTipoHabito`),
  CONSTRAINT `preguntahabito_idtipohabito_foreign` FOREIGN KEY (`idTipoHabito`) REFERENCES `tipohabito` (`idTipoHabito`)
) ENGINE=InnoDB AUTO_INCREMENT=55 DEFAULT CHARSET=utf8 COLLATE=utf8_unicode_ci;
/*!40101 SET character_set_client = @saved_cs_client */;

--
-- Dumping data for table `preguntahabito`
--

LOCK TABLES `preguntahabito` WRITE;
/*!40000 ALTER TABLE `preguntahabito` DISABLE KEYS */;
INSERT INTO `preguntahabito` VALUES (1,'Cuando estudia normalmente está alegre y de buen humor',5),(2,'Se siente tranquilo aunque no comprenda bien los temas de clase',5),(3,'El sistema digestivo le funciona bien aún en situaciones de estrés',5),(4,'Mantiene la calma ante las dificultades',5),(5,'Generalmente tiene pensamientos positivo',5),(6,'Ha notado que aumenta su atención, concentración y memoria',5),(7,'Controla perfectamente sus métodos de estudio',5),(8,'Se siente tranquilo aunque se le dificulte comprender lo que',5),(9,'Puede controlar sus nervios cuando expone frente al grupo de',5),(10,'Puede desarrollar su examen sin ningún problema',5),(11,'Realiza cuadros sinópticos tratando de ordenar la información que',4),(12,'Señala las ideas que no entiende o comprende',4),(13,'Realiza resúmenes de los temas estudiados',4),(14,'Expone sus dudas ante él o los docentes de la asignatura',4),(15,'En caso de necesitar ayuda, solicita asesoría',4),(16,'Explica lo que lee en forma verbal y/o por escrito',4),(17,'Busca mantener un orden en sus anotaciones',4),(18,'Realiza ejercicios hasta comprender el procedimiento de estudio',4),(19,'Organiza lo estudiado en mapas mentales',4),(20,'El lugar donde estudia es tranquilo',3),(21,'El lugar donde estudia es ventilado',3),(22,'El lugar donde estudia está iluminado',3),(23,'El lugar donde estudia tiene distracciones',3),(24,'Cuenta con el apoyo de la familia para mantener un ambiente',3),(25,'Evita distracctores como televisión, radio, internet, etc. mientras',3),(26,'El lugar de estudio cuenta con agua, frutas, etc',3),(27,'Alterna los materiales de estudio de los cursos que lleva',3),(28,'Su espacio de estudio es amplio,',3),(29,'Recuerda sin problemas lo que estudia',2),(30,'Puede centrar su atención en las lecturas',2),(31,'Logra concentrarse a pesar de los ruidos externos',2),(32,'Puede concentrarse en el estudio a pesar de que tenga problemas',2),(33,'Puede concentrarse a pesar de que le estén distrayendo',2),(34,'Busca asegurarse entender lo solicitado por sus docentes en las',2),(35,'Considera que aprende en forma efectiva',2),(36,'Considera que su estado físico, mental y nutricional son buenos',2),(37,'Cuando tiene demasiado Trabajo toma pequeños descansos',2),(38,'Organiza sus actividades de estudio',1),(39,'Le es fácil estudiar de manera independiente',1),(40,'Relaciona fácilmente el contenido de las asignaturas',1),(41,'Sabe lo que debe estudiar en cada asignatura',1),(42,'Cuenta con los materiales necesarios de estudio',1),(43,'Es ordenador en sus espacios y materiales de estudio',1),(44,'Presenta a tiempo las tareas',1),(45,'Se concentra sin dificultad al estudiar',1),(46,'Realiza una autoevaluación para saber lo que aprendió',1),(47,'Resuelve sus dudasrealizando preguntas a las personas indicadas',1),(48,'Programa su tiempo para la realización de sus actividades',1),(49,'Realiza sus actividades en el tiempo previsto',1),(50,'Anticipa los materiales que necesitará',1),(51,'El tiempo le alcanza para realizar sus actividades',1),(52,'Organiza sus tareas por grado de complejidad',1),(53,'Entrega puntualmente sus tareas',1),(54,'Establece metas realistas y las cumple',1);
/*!40000 ALTER TABLE `preguntahabito` ENABLE KEYS */;
UNLOCK TABLES;

--
-- Table structure for table `recomendaciontutor`
--

DROP TABLE IF EXISTS `recomendaciontutor`;
/*!40101 SET @saved_cs_client     = @@character_set_client */;
/*!40101 SET character_set_client = utf8 */;
CREATE TABLE `recomendaciontutor` (
  `idRecomendacionTutor` int(10) unsigned NOT NULL AUTO_INCREMENT,
  `situacionEspecifica` mediumtext COLLATE utf8_unicode_ci NOT NULL,
  `recomendacion` mediumtext COLLATE utf8_unicode_ci NOT NULL,
  PRIMARY KEY (`idRecomendacionTutor`)
) ENGINE=InnoDB AUTO_INCREMENT=17 DEFAULT CHARSET=utf8 COLLATE=utf8_unicode_ci;
/*!40101 SET character_set_client = @saved_cs_client */;

--
-- Dumping data for table `recomendaciontutor`
--

LOCK TABLES `recomendaciontutor` WRITE;
/*!40000 ALTER TABLE `recomendaciontutor` DISABLE KEYS */;
INSERT INTO `recomendaciontutor` VALUES (1,'Alto rendimiento académico.','Canalizar a cursos avanzados. Canalizar a la incorporación de grupos estudiantiles y de investigación.'),(2,'Deficiencias en el acceso a textos en idiomas diferentes al español.','Sugerir ir al Centro de Idiomas de la UNT.'),(3,'Depresión, baja autoestima, falta de motivación, embarazo, rompimiento con la pareja, problemas familiares, etc.','Escuchar, orientar y canalizar a las instancias correspondientes.'),(4,'Dificultad en los hábitos y métodos de estudio.','Escuchar, aconsejar; además, canalizar a talleres para el desarrollo de hábitos de estudio.'),(5,'Dificultad en la toma de decisiones académicas.','Escuchar, aconsejar y orientar mediante la experiencia y trayectoria académica.'),(6,'Dificultad en el uso de nuevas tecnologías.','Canalizar a talleres de cómputo.'),(7,'Escasos recursos.','Canalizar a programas de becas y bolsa de trabajo.'),(8,'Errores en la realización de trámites y procedimientos correspondientes a su situación académica.','Orientar sobre la Normatividad Institucional.'),(9,'Estudiantes que trabajan.','Escuchar y orientar, mediante el asesoramiento en el ajuste de carga académica, acorde a las posibilidades del estudiante, además de analizar la bolsa de trabajo.'),(10,'Inadecuada opción vocacional.','Canalizar a programas de orientación vocacional.'),(11,'Inadaptación al nivel académico.','Canalizar a cursos para el desarrollo de hábitos de estudio.'),(12,'Problemas de lenguaje.','Escuchar, orientar y canalizar a Psicología.'),(13,'Problemas personales.','Escuchar y aconsejar. Canalizar a programas de orientación psicológica.'),(14,'Problemas de salud.','Canalizar a programas de salud.'),(15,'Problemas de salud o discapacidad.','Canalizar a servicios médicos, entre otros.'),(16,'Uso inadecuado de los servicios y apoyos institucionales.','Escuchar y aconsejar.');
/*!40000 ALTER TABLE `recomendaciontutor` ENABLE KEYS */;
UNLOCK TABLES;

--
-- Table structure for table `rptaencuestainsc`
--

DROP TABLE IF EXISTS `rptaencuestainsc`;
/*!40101 SET @saved_cs_client     = @@character_set_client */;
/*!40101 SET character_set_client = utf8 */;
CREATE TABLE `rptaencuestainsc` (
  `idRptaEncuestaInsc` int(10) unsigned NOT NULL AUTO_INCREMENT,
  `respuesta` varchar(20) COLLATE utf8_unicode_ci NOT NULL,
  `idPreguntaEncuesta` int(10) unsigned NOT NULL,
  `idEncuestaRespondidaInsc` int(10) unsigned NOT NULL,
  PRIMARY KEY (`idRptaEncuestaInsc`),
  KEY `rptaencuestainsc_idpreguntaencuesta_foreign` (`idPreguntaEncuesta`),
  KEY `rptaencuestainsc_idencuestarespondidainsc_foreign` (`idEncuestaRespondidaInsc`),
  CONSTRAINT `rptaencuestainsc_idencuestarespondidainsc_foreign` FOREIGN KEY (`idEncuestaRespondidaInsc`) REFERENCES `encuestarespondidainsc` (`idEncuestaRespondidaInsc`) ON DELETE CASCADE,
  CONSTRAINT `rptaencuestainsc_idpreguntaencuesta_foreign` FOREIGN KEY (`idPreguntaEncuesta`) REFERENCES `preguntaencuesta` (`idPreguntaEncuesta`) ON DELETE CASCADE
) ENGINE=InnoDB DEFAULT CHARSET=utf8 COLLATE=utf8_unicode_ci;
/*!40101 SET character_set_client = @saved_cs_client */;

--
-- Dumping data for table `rptaencuestainsc`
--

LOCK TABLES `rptaencuestainsc` WRITE;
/*!40000 ALTER TABLE `rptaencuestainsc` DISABLE KEYS */;
/*!40000 ALTER TABLE `rptaencuestainsc` ENABLE KEYS */;
UNLOCK TABLES;

--
-- Table structure for table `rptaencuestaresp`
--

DROP TABLE IF EXISTS `rptaencuestaresp`;
/*!40101 SET @saved_cs_client     = @@character_set_client */;
/*!40101 SET character_set_client = utf8 */;
CREATE TABLE `rptaencuestaresp` (
  `idRptaEncuestaResp` int(10) unsigned NOT NULL AUTO_INCREMENT,
  `respuesta` varchar(20) COLLATE utf8_unicode_ci NOT NULL,
  `idPreguntaEncuesta` int(10) unsigned NOT NULL,
  `idEncuestaRespondidaResp` int(10) unsigned NOT NULL,
  PRIMARY KEY (`idRptaEncuestaResp`),
  KEY `rptaencuestaresp_idpreguntaencuesta_foreign` (`idPreguntaEncuesta`),
  KEY `rptaencuestaresp_idencuestarespondidaresp_foreign` (`idEncuestaRespondidaResp`),
  CONSTRAINT `rptaencuestaresp_idencuestarespondidaresp_foreign` FOREIGN KEY (`idEncuestaRespondidaResp`) REFERENCES `encuestarespondidaresp` (`idEncuestaRespondidaResp`) ON DELETE CASCADE,
  CONSTRAINT `rptaencuestaresp_idpreguntaencuesta_foreign` FOREIGN KEY (`idPreguntaEncuesta`) REFERENCES `preguntaencuesta` (`idPreguntaEncuesta`) ON DELETE CASCADE
) ENGINE=InnoDB DEFAULT CHARSET=utf8 COLLATE=utf8_unicode_ci;
/*!40101 SET character_set_client = @saved_cs_client */;

--
-- Dumping data for table `rptaencuestaresp`
--

LOCK TABLES `rptaencuestaresp` WRITE;
/*!40000 ALTER TABLE `rptaencuestaresp` DISABLE KEYS */;
/*!40000 ALTER TABLE `rptaencuestaresp` ENABLE KEYS */;
UNLOCK TABLES;

--
-- Table structure for table `tipoactividad`
--

DROP TABLE IF EXISTS `tipoactividad`;
/*!40101 SET @saved_cs_client     = @@character_set_client */;
/*!40101 SET character_set_client = utf8 */;
CREATE TABLE `tipoactividad` (
  `idTipoActividad` int(10) unsigned NOT NULL AUTO_INCREMENT,
  `tipo` varchar(45) COLLATE utf8_unicode_ci NOT NULL,
  `rutaImagen` mediumtext COLLATE utf8_unicode_ci NOT NULL,
  PRIMARY KEY (`idTipoActividad`),
  UNIQUE KEY `tipoactividad_tipo_unique` (`tipo`)
) ENGINE=InnoDB AUTO_INCREMENT=11 DEFAULT CHARSET=utf8 COLLATE=utf8_unicode_ci;
/*!40101 SET character_set_client = @saved_cs_client */;

--
-- Dumping data for table `tipoactividad`
--

LOCK TABLES `tipoactividad` WRITE;
/*!40000 ALTER TABLE `tipoactividad` DISABLE KEYS */;
INSERT INTO `tipoactividad` VALUES (1,'Atención Médica','actividades/tipoActividad/medica.jpg'),(2,'Psicología','actividades/tipoActividad/psicologia.png'),(3,'Servicio Social','actividades/tipoActividad/social.jpg'),(4,'Tutoría','actividades/tipoActividad/tutoria.jpg'),(5,'Deportes','actividades/tipoActividad/deportes.jpg'),(6,'Culturales','actividades/tipoActividad/culturales.jpg'),(7,'Esparcimiento','actividades/tipoActividad/esparcimiento.jpg'),(8,'Movilidad','actividades/tipoActividad/movilidad.png'),(9,'Comedor','actividades/tipoActividad/comedor.jpg'),(10,'Reforzamiento','actividades/tipoActividad/reforzamiento.jpg');
/*!40000 ALTER TABLE `tipoactividad` ENABLE KEYS */;
UNLOCK TABLES;

--
-- Table structure for table `tipohabito`
--

DROP TABLE IF EXISTS `tipohabito`;
/*!40101 SET @saved_cs_client     = @@character_set_client */;
/*!40101 SET character_set_client = utf8 */;
CREATE TABLE `tipohabito` (
  `idTipoHabito` int(10) unsigned NOT NULL AUTO_INCREMENT,
  `tipo` varchar(50) COLLATE utf8_unicode_ci NOT NULL,
  `estado` int(11) NOT NULL DEFAULT '1',
  PRIMARY KEY (`idTipoHabito`)
) ENGINE=InnoDB AUTO_INCREMENT=6 DEFAULT CHARSET=utf8 COLLATE=utf8_unicode_ci;
/*!40101 SET character_set_client = @saved_cs_client */;

--
-- Dumping data for table `tipohabito`
--

LOCK TABLES `tipohabito` WRITE;
/*!40000 ALTER TABLE `tipohabito` DISABLE KEYS */;
INSERT INTO `tipohabito` VALUES (1,'Estudio Independiente',1),(2,'Concentración',1),(3,'Lugar de Estudio',1),(4,'Habilidades para procesar información',1),(5,'Control de ansiedad',1);
/*!40000 ALTER TABLE `tipohabito` ENABLE KEYS */;
UNLOCK TABLES;

--
-- Table structure for table `tipopersona`
--

DROP TABLE IF EXISTS `tipopersona`;
/*!40101 SET @saved_cs_client     = @@character_set_client */;
/*!40101 SET character_set_client = utf8 */;
CREATE TABLE `tipopersona` (
  `idTipoPersona` int(10) unsigned NOT NULL AUTO_INCREMENT,
  `tipo` varchar(15) COLLATE utf8_unicode_ci NOT NULL,
  PRIMARY KEY (`idTipoPersona`),
  UNIQUE KEY `tipopersona_tipo_unique` (`tipo`)
) ENGINE=InnoDB AUTO_INCREMENT=4 DEFAULT CHARSET=utf8 COLLATE=utf8_unicode_ci;
/*!40101 SET character_set_client = @saved_cs_client */;

--
-- Dumping data for table `tipopersona`
--

LOCK TABLES `tipopersona` WRITE;
/*!40000 ALTER TABLE `tipopersona` DISABLE KEYS */;
INSERT INTO `tipopersona` VALUES (3,'administrativo'),(1,'alumno'),(2,'docente');
/*!40000 ALTER TABLE `tipopersona` ENABLE KEYS */;
UNLOCK TABLES;

--
-- Table structure for table `trabajo`
--

DROP TABLE IF EXISTS `trabajo`;
/*!40101 SET @saved_cs_client     = @@character_set_client */;
/*!40101 SET character_set_client = utf8 */;
CREATE TABLE `trabajo` (
  `idTrabajo` int(10) unsigned NOT NULL AUTO_INCREMENT,
  `institucion` varchar(100) COLLATE utf8_unicode_ci NOT NULL,
  `lugar` varchar(100) COLLATE utf8_unicode_ci NOT NULL,
  `fechaInicio` date NOT NULL,
  `fechaFin` date DEFAULT NULL,
  `nivelSatisfaccion` int(11) NOT NULL,
  `recomendaciones` mediumtext COLLATE utf8_unicode_ci,
  `observaciones` mediumtext COLLATE utf8_unicode_ci,
  `idEgresado` int(10) unsigned NOT NULL,
  PRIMARY KEY (`idTrabajo`),
  KEY `trabajo_idegresado_foreign` (`idEgresado`),
  CONSTRAINT `trabajo_idegresado_foreign` FOREIGN KEY (`idEgresado`) REFERENCES `egresado` (`idEgresado`) ON DELETE CASCADE
) ENGINE=InnoDB DEFAULT CHARSET=utf8 COLLATE=utf8_unicode_ci;
/*!40101 SET character_set_client = @saved_cs_client */;

--
-- Dumping data for table `trabajo`
--

LOCK TABLES `trabajo` WRITE;
/*!40000 ALTER TABLE `trabajo` DISABLE KEYS */;
/*!40000 ALTER TABLE `trabajo` ENABLE KEYS */;
UNLOCK TABLES;

--
-- Table structure for table `tutortutorado`
--

DROP TABLE IF EXISTS `tutortutorado`;
/*!40101 SET @saved_cs_client     = @@character_set_client */;
/*!40101 SET character_set_client = utf8 */;
CREATE TABLE `tutortutorado` (
  `idTutorTutorado` int(10) unsigned NOT NULL AUTO_INCREMENT,
  `anioSemestre` smallint(6) NOT NULL,
  `numeroSemestre` enum('1','2') COLLATE utf8_unicode_ci NOT NULL,
  `habitoEstudioRespondido` enum('0','1') COLLATE utf8_unicode_ci NOT NULL DEFAULT '0',
  `idAlumno` int(10) unsigned NOT NULL,
  `idDocente` int(10) unsigned NOT NULL,
  `created_at` timestamp NULL DEFAULT NULL,
  `updated_at` timestamp NULL DEFAULT NULL,
  PRIMARY KEY (`idTutorTutorado`),
  KEY `tutortutorado_idalumno_foreign` (`idAlumno`),
  KEY `tutortutorado_iddocente_foreign` (`idDocente`),
  CONSTRAINT `tutortutorado_idalumno_foreign` FOREIGN KEY (`idAlumno`) REFERENCES `alumno` (`idAlumno`),
  CONSTRAINT `tutortutorado_iddocente_foreign` FOREIGN KEY (`idDocente`) REFERENCES `docente` (`idDocente`)
) ENGINE=InnoDB AUTO_INCREMENT=16 DEFAULT CHARSET=utf8 COLLATE=utf8_unicode_ci;
/*!40101 SET character_set_client = @saved_cs_client */;

--
-- Dumping data for table `tutortutorado`
--

LOCK TABLES `tutortutorado` WRITE;
/*!40000 ALTER TABLE `tutortutorado` DISABLE KEYS */;
INSERT INTO `tutortutorado` VALUES (1,2017,'1','0',204,1,NULL,NULL),(2,2017,'1','0',205,1,NULL,NULL),(3,2017,'1','0',206,1,NULL,NULL),(4,2017,'1','0',207,2,NULL,NULL),(5,2017,'1','0',208,2,NULL,NULL),(6,2017,'1','0',209,2,NULL,NULL),(7,2017,'1','0',210,2,NULL,NULL),(8,2017,'1','0',211,6,NULL,NULL),(9,2017,'1','0',212,6,NULL,NULL),(10,2017,'1','0',213,6,NULL,NULL),(11,2017,'1','0',214,39,NULL,NULL),(12,2017,'1','0',215,39,NULL,NULL),(13,2017,'1','0',216,39,NULL,NULL),(14,2017,'1','0',217,39,NULL,NULL),(15,2017,'1','0',218,39,NULL,NULL);
/*!40000 ALTER TABLE `tutortutorado` ENABLE KEYS */;
UNLOCK TABLES;

--
-- Table structure for table `user`
--

DROP TABLE IF EXISTS `user`;
/*!40101 SET @saved_cs_client     = @@character_set_client */;
/*!40101 SET character_set_client = utf8 */;
CREATE TABLE `user` (
  `id` int(10) unsigned NOT NULL AUTO_INCREMENT,
  `nombre` varchar(45) COLLATE utf8_unicode_ci NOT NULL,
  `apellidoPaterno` varchar(20) COLLATE utf8_unicode_ci NOT NULL,
  `apellidoMaterno` varchar(20) COLLATE utf8_unicode_ci NOT NULL,
  `fechaNacimiento` date DEFAULT NULL,
  `sexo` enum('h','m') COLLATE utf8_unicode_ci DEFAULT NULL,
  `codigo` varchar(20) COLLATE utf8_unicode_ci NOT NULL,
  `email` varchar(100) COLLATE utf8_unicode_ci NOT NULL,
  `password` varchar(200) COLLATE utf8_unicode_ci NOT NULL,
  `direccion` varchar(100) COLLATE utf8_unicode_ci DEFAULT NULL,
  `telefono` varchar(15) COLLATE utf8_unicode_ci DEFAULT NULL,
  `celular` varchar(15) COLLATE utf8_unicode_ci DEFAULT NULL,
  `foto` mediumtext COLLATE utf8_unicode_ci,
  `funcion` enum('1','2','3') COLLATE utf8_unicode_ci NOT NULL,
  `estado` enum('0','1') COLLATE utf8_unicode_ci NOT NULL,
  `idTipoPersona` int(10) unsigned NOT NULL,
  `remember_token` varchar(100) COLLATE utf8_unicode_ci DEFAULT NULL,
  `created_at` timestamp NULL DEFAULT NULL,
  `updated_at` timestamp NULL DEFAULT NULL,
  PRIMARY KEY (`id`),
  UNIQUE KEY `user_codigo_unique` (`codigo`),
  UNIQUE KEY `user_email_unique` (`email`),
  KEY `user_idtipopersona_foreign` (`idTipoPersona`),
  CONSTRAINT `user_idtipopersona_foreign` FOREIGN KEY (`idTipoPersona`) REFERENCES `tipopersona` (`idTipoPersona`)
) ENGINE=InnoDB AUTO_INCREMENT=848 DEFAULT CHARSET=utf8 COLLATE=utf8_unicode_ci;
/*!40101 SET character_set_client = @saved_cs_client */;

--
-- Dumping data for table `user`
--

LOCK TABLES `user` WRITE;
/*!40000 ALTER TABLE `user` DISABLE KEYS */;
INSERT INTO `user` VALUES (1,'DINA ELIZABETH','ALCANTARA','CONDOR',NULL,'m','1011101115','love_eliza_95@hotmail.com','$2y$10$aAMEIW2YALtaSi2c2VheDuboHOX7y/UWpEA7ITAlEbn9VTm6XhmJK','GUADALUPE VICTORIA 713 - LA ESPERANZA','947707558',NULL,NULL,'1','1',1,'Yad8pWZZs8UiSysKHS0jrSU6xDsupfVPtf7FAXZpxHLCPgXsnD3hKg6PBBSD','2017-10-24 04:42:31','2017-10-24 04:42:31'),(2,'YOEL SEGUNDO','ALCANTARA','GUTIERREZ',NULL,'h','1051100914','yoel_54_87@hotmail.com','$2y$10$oy/Iw8YgpQ5AqApy9WgV2e7wwMr0Twrg1kE4EGszGdj1wImAXNm2y','PSJE. CIRO ALEGRÍA MZ. B LT. 5 PESQUEDA I','978117741','978117741',NULL,'1','1',1,NULL,'2017-10-24 04:42:31','2017-10-24 04:42:31'),(3,'GERSON BRANDOL','ALFARO','CADILLOS',NULL,'h','1051101812','alfaro.130693@hotmail.com','$2y$10$24DDNS/h3lbvVhzHQ.cNE.8RAm.2S69nlKXEfbN03VOkHRXCP9DTK','SINCHI ROCA N°617 BARRIO 3. EL PORVENIR','44401178','995656135',NULL,'1','1',1,NULL,'2017-10-24 04:42:31','2017-10-24 04:42:31'),(4,'KAREN ELIZABETH','ALFARO','LEYVA',NULL,'m','1011102313','karelis_12_10@hotmail.com','$2y$10$fADX022212Jn2zR43mrUaO5RIDUXNwJCStS5nsa4n2Wjd/RuheLk2','MZ D LOTE 13 LA ESMERALDA','44204598','994410777',NULL,'1','1',1,NULL,'2017-10-24 04:42:31','2017-10-24 04:42:31'),(5,'BERTHA MIRELLA','ALFARO','TTITO',NULL,'m','1021100511','mire12_237@hotmail.com','$2y$10$2qdu3407IkenNoYyhG9EjObW6PeZZc60HCxJvxX5/l9emPAoQibGm','FRANCISCO DE PAULA Nº 237 EL PORVENIR',NULL,'999096951',NULL,'1','1',1,NULL,'2017-10-24 04:42:31','2017-10-24 04:42:31'),(6,'LIZET JANET','ALFARO','VERDE',NULL,'m','1011101512','lizet_22_12@hotmail.com','$2y$10$IUZwOUy6swUiGg4b79qi0OdgVpt/mgsQnriRCbAn3jfqqvFXl4u/a','JR. UNION 312','435946','990084821',NULL,'1','1',1,NULL,'2017-10-24 04:42:31','2017-10-24 04:42:31'),(7,'DAPHNEE KARINA','ALVA','BAZAN',NULL,'m','1511103013','kaarii.18@hotmail.com','$2y$10$BzkK4TQKswPqn/AywXA2Ie7Db9ntqVwpG7JUOt64QzhH6qbMIVQfW','URBANIZACION MONSERRATE MZ. F LOTE 5','44636544','948098074',NULL,'1','1',1,NULL,'2017-10-24 04:42:31','2017-10-24 04:42:31'),(8,'RUTH KARINA','ALVA','SALAS',NULL,'m','1051102413','nakary_as_15@hotmail.com','$2y$10$Naft06ACgMIsAIj7ySygF.p1q0dUxw5Ggar7WXscLM4xkH0hQZgmG','CALLE SEÑOR DE LOS MILAGROS - MZ 22 LT 46 - CHOCOPE',NULL,'998778666',NULL,'1','1',1,NULL,'2017-10-24 04:42:31','2017-10-24 04:42:31'),(9,'LEONEL JESUS','ALVARADO','LUIS',NULL,'h','1011101912','alvaradoleonel91@gmail.com','$2y$10$svZsEXQyIhQq8zfXifmdwejw9TWFqvlXPRnX9XSGbXL1QExS0wzLK','PRLG. UNION-1577 URB. DANYEL HOYLE',NULL,'987044501',NULL,'1','1',1,NULL,'2017-10-24 04:42:31','2017-10-24 04:42:31'),(10,'ALFREDO ENRIQUE','ALVARADO','QUIROZ',NULL,'h','1051102316','alfredo_enrique1326@hotmail.com','$2y$10$C8CjASVkhi445jnvqaY/eubxjAMziaUwHIfGYnmq8VvbwP5vA6KFO','17 DE AGOSTO #1055 - FLORENCIA DE MORA',NULL,'975427095',NULL,'1','1',1,NULL,'2017-10-24 04:42:31','2017-10-24 04:42:31'),(11,'SELENY JOMIRA','ALVARADO','RODRIGUEZ',NULL,'m','1011100716','unapersonadesconocida@hotmail.com','$2y$10$Fc9t9w7.N9n5SWXdncj8yOTFjV8BjcYMvsRECtxU9a.oqJO/e7lPa','AV. ASCENCIO DE SALAS MZ. LL LOTE 4B URB. EL BOSQU',NULL,'969860865',NULL,'1','1',1,NULL,'2017-10-24 04:42:31','2017-10-24 04:42:31'),(12,'JHON ALEX','ALVARADO','SANDOVAL',NULL,'h','1051101117','jhon_alianza_12@hotmail.com','$2y$10$u/PwuAF8U0eMTBBqCEnD8.nl5U7lUC4KPnp7LSq.lBNzgANv5ROT6','CPM. ALTO TRUJILLO BARRIO 5-A MZ. Z LT 3',NULL,'945199868',NULL,'1','1',1,NULL,'2017-10-24 04:42:31','2017-10-24 04:42:31'),(13,'CRISTOFER','ALVAREZ','ABANTO',NULL,'h','1051101617','crixito_44@hotmail.com','$2y$10$T/HbQ2zhTOyontfi.CmNbOBFiaR.dAkipg5c/yPQPzSG8kwPSqgSO','CALLE JOSE ARTIAGAS ASENT.H.ALBERTO FUJIMORI MZ 10 LT18','44269900','933714647',NULL,'1','1',1,NULL,'2017-10-24 04:42:31','2017-10-24 04:42:31'),(14,'SALVADOR ANGELO','ALVAREZ','LUJAN',NULL,'h','1051100917','angelo-geminis-2011@hotmail.com','$2y$10$SBIDTlx2mTbkg3Nq0I7o1eG24Srl2YWK8ZoqS/EkghtCiLfa.0LFm','SAN FRANCISCO 366 ALTO MOCHE','958118954',NULL,NULL,'1','1',1,NULL,'2017-10-24 04:42:31','2017-10-24 04:42:31'),(15,'THALIA','ALVAREZ','MEZA',NULL,'m','1021100115','thalialvarezmeza.56@gmail.com','$2y$10$IIoh8GieFO3esEpYzQ66Pua.E7tG4.SvDfxYMqec9aFC9X7KcJgR.','MZ.V LT.1 ASENT.H. VILLA JUDICIAL',NULL,'972635580',NULL,'1','1',1,NULL,'2017-10-24 04:42:31','2017-10-24 04:42:31'),(16,'CARMEN VICTORIA','AMAYA','HILARIO',NULL,'m','1511100911','vick2386@hotmail.com','$2y$10$NLS/WrzE91numJTBCat7qe1kgZ9NECrCUNnUKTDTU/oU9IaDtXVLa','Av. cesar vallejo Nª 1302 Urb. Puerta del sol',NULL,'986939024',NULL,'1','1',1,NULL,'2017-10-24 04:42:31','2017-10-24 04:42:31'),(17,'DIANA CAROLINA','ANGULO','DIAZ',NULL,'m','1521100411','diana_caro_04@hotmail.com','$2y$10$eVSSi.aJCXBV6aorsTG84.mXmm21831zJiKDQpXjG27md2JuciQ9C','Av. Daniel Alcides Carrion 428. Urb. San Nicolas','261230','957154357',NULL,'1','1',1,NULL,'2017-10-24 04:42:31','2017-10-24 04:42:31'),(18,'SANTIAGO','ANTICONA','POLO',NULL,'h','1051100514','santiago_210_6@hotmail.ccom','$2y$10$e8/t0uIwwoPW7j7urjWJ4uPpCau6eff3r9a6QNAxHZEU3hUjFypGm','CESAR VALLEJO # 798 FLORENCIA DE MORA',NULL,'983613752',NULL,'1','1',1,NULL,'2017-10-24 04:42:31','2017-10-24 04:42:31'),(19,'ENRIQUE JUNIOR','ANTICONA','SALAZAR',NULL,'h','1011101813','junioransa_0402@hotmail.com','$2y$10$XXa1pPEpJBw5YqlfOkcRm.cwV0IR75AWf.oUrZP88cTkkX64eWRxK','SANTIAGO MARIÑOS 955 - LA ESPERANZA','624550','936341272',NULL,'1','1',1,NULL,'2017-10-24 04:42:31','2017-10-24 04:42:31'),(20,'DANITZA WENDY','ARANGURI','CAMACHO',NULL,'m','1011100713','danitza_ac_93@hotmail.com','$2y$10$FqYbSACgywQAD70T3FxRJu.ovH8FmOOSrlRcIYjBQ6IphLSkDt8UK','JR. ORBEGOSO 315','998629987',NULL,NULL,'1','1',1,NULL,'2017-10-24 04:42:31','2017-10-24 04:42:31'),(21,'WENDY LILIBETH','ARAUJO','CAPUÑAY',NULL,'m','1011100315','wendy_escorpio31@hotmail.com','$2y$10$w4spdqDk4P9KcCisxR8vye7ctt3bRcqL0ZHoxCsblzr2.rtRydwum','URB.MANUEL AREVALO MZ.A44 LT.15','44313325','931204685',NULL,'1','1',1,NULL,'2017-10-24 04:42:31','2017-10-24 04:42:31'),(22,'ANTONELLA STEFANY','ARAUJO','FERNANDEZ',NULL,'m','1531100116','antonellafernan4@hotmail.com','$2y$10$wdWfiMprGL6MvZOO3CfTJewUDBBjlxzdhAPFCgObcb5iiYHPZYFWO','PSJE ORURO MZ F LTE 8 PPJOVEN MONSERRATE',NULL,'949404483',NULL,'1','1',1,NULL,'2017-10-24 04:42:31','2017-10-24 04:42:31'),(23,'JANE THALIA','AREDO','CARMONA',NULL,'m','1511101412','thalia_7_258@hotmail.com','$2y$10$Z75Mvvwcc4UDFnRBiiW2uuwZlLBffEvxSC/Mxza4WD.4K0uIV42YG','AA.HH ANTENOR ORREGO MZ Z4. LOTE 10','44238654','950266376',NULL,'1','1',1,NULL,'2017-10-24 04:42:31','2017-10-24 04:42:31'),(24,'MAGY JAQUELINE','ARENAS','LIMAS',NULL,'m','1011102112','jacky_capri_42@hotmail.com','$2y$10$6RqPEjZlmYtq.2meDHgl4.ksXNproUg3BLpgxcUgrpNbUph/AC9y.','ALTO TRUJILLO MZ:A LT:5 BARRIO 4',NULL,'955298622',NULL,'1','1',1,NULL,'2017-10-24 04:42:31','2017-10-24 04:42:31'),(25,'SERGIO ARMANDO','ARISMENDIZ','CASTILLO',NULL,'h','1011100416','sergioarmando.arismendiz@gmail.com','$2y$10$ffIQyRgaNl5ShaWHkcSlyuTtA6isFqGF4EnYRlxAWNS3A7KMej4f2','31 DE ENERO 1905 FLORENCIA DE MORA','211871','942266929',NULL,'1','1',1,NULL,'2017-10-24 04:42:31','2017-10-24 04:42:31'),(26,'LOURDES MARIA','ARMAS','MIRANDA',NULL,'m','1511102512','miranda26_20@hotmail.com','$2y$10$YTmP0kRFGKbo53Gc3xhGmeKFzDo3wG0CR9J8hkRYh7z5meKnLa2EW','LOS ROSALES DE SAN LUIS MZ F LT 24 - VICTOR LARCO','413376',NULL,NULL,'1','1',1,NULL,'2017-10-24 04:42:31','2017-10-24 04:42:31'),(27,'DIEGO ALFONSO','ARREGUI','RAMOS',NULL,'h','1451100115','kp_aries_12@hotmail.com','$2y$10$mTBqplk.QIzPE7QeJjgcbu9ODjVc1y4LExZZFgZ.K7LhK.YQ08qke','URB.LOS PORTALES MZ.K LT.26','425156','956825031',NULL,'1','1',1,NULL,'2017-10-24 04:42:31','2017-10-24 04:42:31'),(28,'ERIKA JAKELINE','ARRIBASPLATA','CHAMORRO',NULL,'m','1031100113','wonder_girl_29@hotmail.com','$2y$10$juqrz/5opD/Bxneg9JhPHO1aC6njFo3CCq43XC5L.faYJR9rM1eTy','LA ESPERANZA WICHANZAO MZ 15 LT 25 TERCER SECTOR',NULL,'983688212',NULL,'1','1',1,NULL,'2017-10-24 04:42:31','2017-10-24 04:42:31'),(29,'JUAN ARTURO','ARROYO','CORDOVA',NULL,'h','1051101017','arturo2102992102@gmail.com','$2y$10$AyukL7q0CBaVuQ02H1BGyeKL6PXEOpas3iZBm.8JtjpTFrfKhdm4y','CALLE LAS LAS PALMERAS URB. LA ENCALADA MZ. I LT. 21','924029142','924029142',NULL,'1','1',1,NULL,'2017-10-24 04:42:31','2017-10-24 04:42:31'),(30,'CHARITO ESTRELLITA','ARTEAGA','CARRILLO',NULL,'m','1051103215','estrellita_thelove_12@hotmail.com','$2y$10$VlFVhgWGsrRAuZcuU.jQzeEglD5jAnmQsu6zyCbwqb/WXsucRtoce','MANCO INCA 876','970043864',NULL,NULL,'1','1',1,NULL,'2017-10-24 04:42:31','2017-10-24 04:42:31'),(31,'ALVARO GHABRIELL','ARTEAGA','ORTECHO',NULL,'h','1051101315','ghabriellarteaga@gmail.com','$2y$10$fkf43pYJ3.JeKW97ON0utOUxIKQyVUFUiFSaHPqyAlVrAkWF4Zj4m','PROLONGACION UNION 2462',NULL,'971186558',NULL,'1','1',1,NULL,'2017-10-24 04:42:31','2017-10-24 04:42:31'),(32,'MANUEL EDUARDO','ASCATE','PASOS',NULL,'h','1511100713','askt320@gmail.com','$2y$10$5ERisbXlJYBqeqjKbFMkbuMxQkVXB5SArXlmh1J/Z55whH3Vwpd7u','CRISTOBAL LOZANO MZ F LOTE 1',NULL,'976378376',NULL,'1','1',1,NULL,'2017-10-24 04:42:31','2017-10-24 04:42:31'),(33,'LUCERO LILIANA','ASMAD','CRUZ',NULL,'m','1511100816','li_li_t13@hotmail.com','$2y$10$SVH1Y/i.hkAZmkNZWdGU0.FBJnlbWSiTBFLNBOErzGgDXzDbBRivq','FCO. BOLOGNESI 419 MOCHE','465740','937227406',NULL,'1','1',1,NULL,'2017-10-24 04:42:31','2017-10-24 04:42:31'),(34,'ELENA CRISTILA','ASMAT','AGUIRRE',NULL,'m','1511101814','elenacristila@gmail.com','$2y$10$QTp9uW0BxHGGuNAVxmnuZuhhoha0tOq.8ZJdxWp/CHdsLmqFYi3Ta','HUARTACO S/N PUEBLO MOCHE',NULL,'979945496',NULL,'1','1',1,NULL,'2017-10-24 04:42:31','2017-10-24 04:42:31'),(35,'SANDRA NATTIER','ASMAT','AGUIRRE',NULL,'m','1051101012','sandi_1293@hotmail.com','$2y$10$B1ub2aDJDy.y9C/d5OAege68cppIwpAYLi0isOkXN.u0p.TGjMfVa','VIRGEN DEL ALTA GRACIA MZ-70 LOTE-4. ALTO MOCHE',NULL,'948577855',NULL,'1','1',1,NULL,'2017-10-24 04:42:31','2017-10-24 04:42:31'),(36,'SHIRLEY DILEYLA','ASMAT','GARCIA',NULL,'m','1511103415','leyla_tauro.22@hotmail.com','$2y$10$EtI8tEANTcySedzzGO1eDO8VaF5DXlxt.vAaQpAw05xPKcXWJyktO','Calle Santa Rosa #375 Miramar - Alto Moche','389718','959016557',NULL,'1','1',1,NULL,'2017-10-24 04:42:31','2017-10-24 04:42:31'),(37,'LENY FLOR DE MARIA','ASMAT','SIGÜEÑAS',NULL,'m','1011101814','flor_1904aries@hotmail.com','$2y$10$GqGV9JvPYMfIXxjwy4rhfe3fMMnwaiZE5gPBIvXta47PyVpN4n206','RM CURVA DEL SUN 66 CP.CURVA DEL SUN',NULL,'991129472',NULL,'1','1',1,NULL,'2017-10-24 04:42:31','2017-10-24 04:42:31'),(38,'HOLBERT DANIEL','ASUNCION','ALVAREZ',NULL,'h','1051101913','daniel_fbq_15@hotmail.com','$2y$10$h96ZDHJyEZ2Tzoe0CCv62u8YC0cedY1nCLeB.pmJ9UeTO7JB6K9y6','MONSERRATE MZ. H LOTE 9','281248','962681823',NULL,'1','1',1,NULL,'2017-10-24 04:42:31','2017-10-24 04:42:31'),(39,'ROCIO JHOSELIN','ATARAMA','COTRINA',NULL,'m','1051102117','rouce_0398@hotmail.es','$2y$10$uV5bf8ZQuDdNGbgytLsGS.zpv8CWb8i/1KF133vK3zx3bYWdVMqkW','MZ A 26 LTE 25 MANUEL AREVALO',NULL,'949439621',NULL,'1','1',1,NULL,'2017-10-24 04:42:31','2017-10-24 04:42:31'),(40,'LISBETH ANAIS','AVALOS','CHAVEZ',NULL,'m','1051102013','lisbethavalos@outlook.com','$2y$10$5DSw/tT6lKBn1gx0N2/OBu/TBAf7a9ttCmFVi4xaFPDo9njjjVYCe','Calle: David Lozano N° 852 urb. El Bosque',NULL,'974956481',NULL,'1','1',1,NULL,'2017-10-24 04:42:31','2017-10-24 04:42:31'),(41,'SAMIR FIDEL','AVALOS','RODRIGUEZ',NULL,'h','1051100413','tudaddy_aries17@hotmail.com','$2y$10$.XLTq1har30p6MoCpVUty.K0huSyR2BoTphII23JIWNJRIGCLcsaK','MIGUEL ALJOVIN 270.URB CHIMU','44214120','994517075',NULL,'1','1',1,NULL,'2017-10-24 04:42:31','2017-10-24 04:42:31'),(42,'ASTRID CAROLINA','AVALOS','VALDEZ',NULL,'m','1041100212','astrid.escorpio17@hotmail.com','$2y$10$z8RWG8fw68VmCkM8pj0aX.ITklxy.PafXXyVay/m78a61R5Xrf01m','CARRETERA A SIMBAL KM 20 ASENTAM. H. QUIRIHUAC','971303972','971303972',NULL,'1','1',1,NULL,'2017-10-24 04:42:31','2017-10-24 04:42:31'),(43,'MARITHA LUCINDA','AVILA','REYES',NULL,'m','1011101412','mar_27_jhs@hotmail.com','$2y$10$8/gO3bsy8tVXIvzlsA70X.tDHOZ1iuo8.a//E.z5cNpvNEsmVQ6qS','ASENT.H.VICTOR RAUL HAYA DE LA TORRE - MZ.18.LT. 4','445871','973765050',NULL,'1','1',1,NULL,'2017-10-24 04:42:31','2017-10-24 04:42:31'),(44,'WENDI LUCIA','AVILA','RODRIGUEZ',NULL,'m','1051102415','wendi_avila@hotmail.com','$2y$10$ZAn4GWiWj9QGKQjgh23HgOSYKbWoRTVTo16Xq8JVrutnqiBWAF26O','CASERIO SAN MARTIN','44323320','959818665',NULL,'1','1',1,NULL,'2017-10-24 04:42:31','2017-10-24 04:42:31'),(45,'MARTHA JUDITH','AZABACHE','ROSALES',NULL,'m','1511102913','ruth_4525@hotmail.com','$2y$10$4x0XrFsL8xPlHGLZceSNz.2X1KAlNna06qduzrdSC0w9NXdAdMgYm','MIGUEL GRAU 527','958532763',NULL,NULL,'1','1',1,NULL,'2017-10-24 04:42:31','2017-10-24 04:42:31'),(46,'VICTORIA JANET','AZAÑA','DIAZ',NULL,'m','1011101811','victoria_cancer_14@hotmail.com','$2y$10$vSiHSd6ldbOLRWMneEWmYehFIEEIjhAJ00BQIcQJDnXi/RLIB.tdG','Mz A1 Lt10 Covicorti',NULL,'998630158',NULL,'1','1',1,NULL,'2017-10-24 04:42:31','2017-10-24 04:42:31'),(47,'PAOLA SILVIA','BADA','ROSALES',NULL,'m','021102009','lisseth_1679@hotmail.com','$2y$10$XHlznulCgYdjgqdhxW.Mx.hYDY9EPsLwwHb6n9le9HENSerZZEzK.','blas de ostolaza 223',NULL,'43943648958',NULL,'1','1',1,NULL,'2017-10-24 04:42:31','2017-10-24 04:42:31'),(48,'ALEXANDER JORDY VICENTE','BARAS','BLAS',NULL,'h','1021100916','alex_1996_red@hotmail.com','$2y$10$cmpcyETLOXUgzAK4LHZUAucTIcVbFMdlfErJNxRYA9Z5hEDvmwGJe','ASENT. H. NUEVO JERUSALEM ETAPA II MZ. K LT. 6','44270930','967748948',NULL,'1','1',1,NULL,'2017-10-24 04:42:31','2017-10-24 04:42:31'),(49,'SANDRA FIORELLA','BARDALES','CHAVEZ',NULL,'m','1011100513','safiro_sky@hotmail.com','$2y$10$kpXxKoQ4A0F2uK015npfEO1ecex7xRIG90Kuhcw7nSIOkY/LKwP9O','8 DE SETIEMBRE #1050','976989778',NULL,NULL,'1','1',1,NULL,'2017-10-24 04:42:31','2017-10-24 04:42:31'),(50,'MARIA FIORELLA','BARDALES','SANDOVAL',NULL,'m','1011100615','mariabardales_96@hotmail.com','$2y$10$aJFYLn57Y.TIRsVOMRrhgOVYt68YbfDnRDPDBE3uiEw6N52if8mWq','SANTA MAGDALENA 539',NULL,'944581139',NULL,'1','1',1,NULL,'2017-10-24 04:42:31','2017-10-24 04:42:31'),(51,'YNDYRA ELIZABETH','BARRETO','GRADOS',NULL,'m','1011100116','yndyra.045_ybg@hotmail.com','$2y$10$jA5FH/IlryCtFrBSp4BopOPq98aaQxtt1/jd8TgnEwgfEn5DSMl2y','JERUSALÉN 605 ESPERANZA',NULL,'923601422',NULL,'1','1',1,NULL,'2017-10-24 04:42:31','2017-10-24 04:42:31'),(52,'LUIS JUNIOR','BARRIONUEVO','QUINTANA',NULL,'h','1511102015','luis_jbq_07@hotmail.com','$2y$10$PFWqC1SXCPM3bLOhxt7hfuXOtHGWqJ/dIx0hp2lKvkiToOvMRmI/.','AV. BOLOGNESI #977 - CHIMBOTE - ANCASH','990287996','943327700',NULL,'1','1',1,NULL,'2017-10-24 04:42:31','2017-10-24 04:42:31'),(53,'JULIA STEFANNY','BAZAN','ALIAGA',NULL,'m','1021102314','stefanny1207@hotmail.com','$2y$10$wTL80gSYi7s9jbvC8l1aTeyD4Zt8aEfaqfDi5vImeA0D70QuY3Ewa','ASENT.H. RAMON CASTILLA MZ B LT 13','989521581',NULL,NULL,'1','1',1,NULL,'2017-10-24 04:42:31','2017-10-24 04:42:31'),(54,'STEFANY ISABEL','BEJARANO','PLASENCIA',NULL,'m','1021100613','isabel_20_7@hotmail.com','$2y$10$b/8AXLhoj8pEU9jdj6KxOuBjatt3RtcuMYFIP78rVwqZ7pmKtyo/a','CLL AGRICULTURA 194 - HUERTA GRANDE','243706','949961285',NULL,'1','1',1,NULL,'2017-10-24 04:42:31','2017-10-24 04:42:31'),(55,'CINTHIA YENIFER','BENITES','CARRANZA',NULL,'m','1051102112','yenifer_leo20@hotmail.com','$2y$10$VVXoAiUcQ/Qkscqd5nFyaeeV4hDRZuTn/fJxm1QUZtQrDe.7uLTwi','CALLE SINCHI ROCA 1062 SECTOR RIO SECO BARRIO 4','44400824','941793755',NULL,'1','1',1,NULL,'2017-10-24 04:42:31','2017-10-24 04:42:31'),(56,'MARCOS JOSEPH','BENITES','NEYRA',NULL,'h','1021101714','marcos_mjbn@hotmail.com','$2y$10$k9H4zRkV6kmQsH5UN0adh.ao3dKh0iT5bvifVNR95T7gSWoLCJWNy','LA CAPIRONA 2265 GRAN CHIMU EL PORVENIR','976193356','958419877',NULL,'1','1',1,NULL,'2017-10-24 04:42:31','2017-10-24 04:42:31'),(57,'CONSUELO SOLEDAD','BERMUDEZ','OLIVA',NULL,'m','021101608','consue__2201@hotmail.com','$2y$10$JAE2Ety3erXxuMCQDBPL.Oy7lG4S5LLq7TykwvnzrvsKKFlcuL1Xu','jr: huallaga Nº183',NULL,'948591191',NULL,'1','1',1,NULL,'2017-10-24 04:42:31','2017-10-24 04:42:31'),(58,'GERALDINE IVONNE YINGLIN','BOBADILLA','PASTOR',NULL,'m','1511103314','vony25@hotmail.com','$2y$10$HWdRyj7w8W4KH9e.3gKLF.T8fy3vpJLfL3ixdIqpL.eYu6L2ybp56','9 DE OCTUBRE MZ.E LT.1 CPM. VILLA DEL MAR',NULL,'957854883',NULL,'1','1',1,NULL,'2017-10-24 04:42:31','2017-10-24 04:42:31'),(59,'LIZETH MARTINA','BOCANEGRA','SALVATIERRA',NULL,'m','1011101217','lizmar_93@hotmail.com','$2y$10$vwTxGN8ZpXVBJmkiuaYMeeJWH4F3brh3Va5UvSBxdlpD3ETAcz5RC','17 DE DICIEMBRE 497-A FLORENCIA DE MORA',NULL,'938783117',NULL,'1','1',1,NULL,'2017-10-24 04:42:31','2017-10-24 04:42:31'),(60,'CARLOS DANIEL','BOCANEGRA','VELASQUEZ',NULL,'h','1051103413','carlos_kl1994@hotmail.com','$2y$10$8G2B9JCSSmCeiwjyM0PhCOQcdqdg5ufHHhHBNmfa3wnrzBzVNanza','LOS SAFIROS MZ 21 LT 45A URB LA NUEVA RINCONADA',NULL,NULL,NULL,'1','1',1,NULL,'2017-10-24 04:42:31','2017-10-24 04:42:31'),(61,'FERNANDO ALEXANDER','BOY','FERNANDEZ',NULL,'h','1051100512','boyfernandezfa@hotmail.com','$2y$10$AeeWrqlkVfDUlzkXMvGRWeFWc76F3uCFCCP8VxMD8rmtkZwNy0zVW','URB. MARISCAL CASTILLA MZ K - LT 13 CASA GRANDE','44443454','910422633',NULL,'1','1',1,NULL,'2017-10-24 04:42:31','2017-10-24 04:42:31'),(62,'EDGARD GILMER','BRAUL','PORRAS',NULL,'h','1511102612','braul_92@hotmail.com','$2y$10$iM6uydkuclgpZPv0bJ25ve6.T4CwkySp.3CpzgiQUrYOF2mm0io/a','PLATON 365 URB. LA NORIA','444792','954641369',NULL,'1','1',1,NULL,'2017-10-24 04:42:31','2017-10-24 04:42:31'),(63,'RONALDO IVAN','BRICEÑO','HUAMAN',NULL,'h','1511102114','sagitario_10xl@hotmail.com','$2y$10$.hSTgCW5NnwGP8hKQAMFAeiNF0x6yv63KjHcRCiyoR/lS/71CaZZK','Calle Baltazar villalonga 2015 El Porvenir','943259506','984664288',NULL,'1','1',1,NULL,'2017-10-24 04:42:31','2017-10-24 04:42:31'),(64,'IRENA YOLANDA','BROZYNA','HEREDIA',NULL,'m','1021100516','irebo.heredia@hotmail.com','$2y$10$umN6l3BlNvM.cUlqWNQxMecxv4xaJR2D009r/BK.teVNI4GBmHV1i','AV. PIURA MZ C LT 1 HUANCHACO','441362','999109872',NULL,'1','1',1,NULL,'2017-10-24 04:42:31','2017-10-24 04:42:31'),(65,'ROSANA MARIBEL','BURGOS','VELARDE',NULL,'m','1011101917','rburgos.01@hotmail.com','$2y$10$ZrZ8.Boc21VJk9NFZYFQ1eLNFlDjGkhB5NAa2PQZcD4Rf3gRKtNbq','AV AMERICA NORTE 671','293286','992935401',NULL,'1','1',1,NULL,'2017-10-24 04:42:31','2017-10-24 04:42:31'),(66,'DANITZA LISBETH','BUSTAMANTE','IPARRAGUIRRE',NULL,'m','1511102317','danitza.bustamante.18@gmail.com','$2y$10$US9wNIEPdaQIp4QUOHMSaeIH7Y6Z4gGOG6bi5Xx.aQYbHxMLhEpda','urbanización cuatro suyos-sector5-manzana \"A\"/lote 20','966740900','966740900',NULL,'1','1',1,NULL,'2017-10-24 04:42:31','2017-10-24 04:42:31'),(67,'YESENIA MARICELLE','BUSTAMANTE','SALDAÑA',NULL,'m','1011101216','yesima_1@hotmail.com','$2y$10$AC.wx4g.7TLAffBfa6cKjOln1u6Jw8gmbkmVtVmcpCsTOGPYN/XXu','BRILLANTES DE SANTA INES #621',NULL,'932781657',NULL,'1','1',1,NULL,'2017-10-24 04:42:31','2017-10-24 04:42:31'),(68,'CESAR ANTONIO','BUSTAMANTE','VASQUEZ',NULL,'h','1511101216','cesarbustamante.av@gmail.com','$2y$10$mb.ZaZ6AYFxkYD2osuSuduXIN4G68b7sXB3b.FwSh6QsPpM/lzt4G','MZ A LOTE 03 P. JOVEN MONSERRATE','617068','947820192',NULL,'1','1',1,NULL,'2017-10-24 04:42:31','2017-10-24 04:42:31'),(69,'CLAUDIA NAYSER','CABALLERO','ARANA',NULL,'m','1511101316','cncarana@gmail.com','$2y$10$2VCq35ucS8GJSdt6x45T8O/MET6DCdlI.POdaOGyQzTGCSHh/k29.','CALLE HUANCAVELICA 35','44418120','953680766',NULL,'1','1',1,NULL,'2017-10-24 04:42:31','2017-10-24 04:42:31'),(70,'CARLOS ALEXANDER','CABANILLAS','CHAVEZ',NULL,'h','1051100814','carlosalexander_cabanillas20@hotmail.com','$2y$10$v79Or8XoOZHluSD292/ggujvXOqhodJ8PfFf/OdHU1mq9r6G88tHS','WICHANZAO SECTOR 1 MZ 55 LT 13','967911603',NULL,NULL,'1','1',1,NULL,'2017-10-24 04:42:31','2017-10-24 04:42:31'),(71,'EDVIN EDSON','CABANILLAS','MARTINEZ',NULL,'h','1021101312','virgo_unt_27@hotmail.com','$2y$10$D.O3a4Pfjd1Lwq9RaRgltevDsD8hFfUAgQ/pqxI/Qvw5ca1DtsOtG','HUSARES DE JUNIN 1395 FLORENCIA DE MORA',NULL,'948186358',NULL,'1','1',1,NULL,'2017-10-24 04:42:31','2017-10-24 04:42:31'),(72,'RICARDO ANTONIO','CABANILLAS','MARTINEZ',NULL,'h','1011101315','ricardo_25_39@hotmail.com','$2y$10$BRtQIDoA/M/dPJXzVVPU1.QbJzJQsUwW.TGpRNDgGop4pFM7Yv5EK','MZ J LOTE 10 II ETAPA ROSAS DE AMERICA',NULL,'948793826',NULL,'1','1',1,NULL,'2017-10-24 04:42:31','2017-10-24 04:42:31'),(73,'YESICA YANET','CABANILLAS','VARGAS',NULL,'m','1051100312','yesica.cabanillasvargas19@gmail.com','$2y$10$GIEELJfgEpkjzSNqjYuuAuRoLqGrbY0/rU0PB28lZIy2GB0BlJy5m','URB.MANUEL AREVALO III-ETAPA MZ C-26 LT-23 LA ESPERANZA','325977','947010249',NULL,'1','1',1,NULL,'2017-10-24 04:42:31','2017-10-24 04:42:31'),(74,'ELIANA JAZEL','CABRERA','CARRASCO',NULL,'m','1011101516','eliana.cc.2714@gmail.com','$2y$10$1U1L5OZQTRhRmXs4BWj1qual1yLfawJNyfZ4ISaz2ERW2V3dLjvpq','LAS VIOLETAS N° 1339 PAIJAN',NULL,'954962209',NULL,'1','1',1,NULL,'2017-10-24 04:42:31','2017-10-24 04:42:31'),(75,'JANNET MILAGROS','CABRERA','GONZALES',NULL,'m','1031100514','mila_cg97@hotmail.com','$2y$10$XU2umnK91NYua9piDxReeuogfs9DQm8FwC4vdzYPBlmeBEUn53zei','Jhon Kenedy 169 - Urb. La Perla','966882485','948096656',NULL,'1','1',1,NULL,'2017-10-24 04:42:31','2017-10-24 04:42:31'),(76,'CRYS YULISSA','CABRERA','NEIRA',NULL,'m','1051103715','isaa_753@hotmail.com','$2y$10$.85i6/omfrVacktLh.w0Au9.z0xcrMmda/xLNUssALP0hwnhW54gu','MZ 22 LT 3 FRATERNIDAD 1 LA ESPERANZA',NULL,'986004290',NULL,'1','1',1,NULL,'2017-10-24 04:42:31','2017-10-24 04:42:31'),(77,'SANDRA MARILYN','CABRERA','WONG',NULL,'m','1511103514','arapink_28@hotmail.com','$2y$10$8nMeugnKcPd6E4JnEC2YeOdNusvYT1ma1HYMzsxNTx33RlaxBdCQe','BARRIO 3 ASENT.H.ALTO TRUJILLO MZ A LT 22','970950708','954424554',NULL,'1','1',1,NULL,'2017-10-24 04:42:31','2017-10-24 04:42:31'),(78,'DAMIAN ABRAHAN','CALDAS','ABURTO',NULL,'h','1051102511','dca_892@hotmail.com','$2y$10$sYVEjnkSh9W0lQVs4WRUled6zJzTLqxsfvVaTL1Ajk8tcjebeB8Lu','ANTENOR ORREGO MZ 3 - LT 2 - BUENOS AIRES SUR - S','773874','969512375',NULL,'1','1',1,NULL,'2017-10-24 04:42:31','2017-10-24 04:42:31'),(79,'YESICA EDITH','CALDERON','HILARIO',NULL,'m','1511101712','edith_libra15@hotmail.com','$2y$10$FOgUyV./kch.4bq.YwYXQeOJRpirwFG3FkNvtYoqAKBoOB6n2YuKe','MARIA DE ALVEAR MZ8 LT33','273192',NULL,NULL,'1','1',1,NULL,'2017-10-24 04:42:31','2017-10-24 04:42:31'),(80,'DENNIS ALBERTO','CALDERON','PIMINCHUMO',NULL,'h','1051100513','dennis_92_08@live.com','$2y$10$yqVclf33LLtc7V3TX9hSouPzgv7DB3u.va1Mcb8dltvQF/FFPYknu','AV. INDUSTRIAL MZ.19 LT12- EL MILAGRO',NULL,'975755848',NULL,'1','1',1,NULL,'2017-10-24 04:42:31','2017-10-24 04:42:31'),(81,'HEYDY MILAGRITOS','CALDERON','REYES',NULL,'m','1051103115','heydy_9620@hotmail.com','$2y$10$ATyV/mSO6FrQFwxk16PwFersM4EAU3LDD.Z.5hCTd4Y31BTpPiuu2','AV CAHUIDE MZ Q LOTE 36','44414318','943352138',NULL,'1','1',1,NULL,'2017-10-24 04:42:31','2017-10-24 04:42:31'),(82,'SILVIA YENNY','CALVANAPON','MENDOZA',NULL,'m','1511101212','silviaycalvanaponm@gmail.com','$2y$10$NBO4gboZlaYvtoskZyq1NOA2bZxh8Y.f7rtpH0T1wEyoPB/Dhmttm','TAKAYNAMO MZ.10 LT.12 LAS DELICIAS','44381164','963823855',NULL,'1','1',1,NULL,'2017-10-24 04:42:31','2017-10-24 04:42:31'),(83,'NOHELIA ALEJANDRA','CAMPANO','GONZALES',NULL,'m','1511101915','noheliavip17@gmail.com','$2y$10$.pZzzHSnBeJ7YTB1umd7bOgwuQLCuTiVs0Fx1Dc5mctpAbRY5G9Sa','AV. 26 DE MARZO 1840','947139420',NULL,NULL,'1','1',1,NULL,'2017-10-24 04:42:31','2017-10-24 04:42:31'),(84,'ALVARO FRAND','CAMPOS','JIMENEZ',NULL,'h','1511103715','frand96@hotmail.com','$2y$10$vZZX4nXMHqFjZuMU9Fsf2uPgCcFLiawul.2bvQ6agPFpWaJ5wSchS','CLLE LOS CIPRECES 296 LA RINCONADA',NULL,NULL,NULL,'1','1',1,NULL,'2017-10-24 04:42:31','2017-10-24 04:42:31'),(85,'PATRICIA PAMELA','CAPUÑAY','REYES',NULL,'m','1511101911','pamela_714@hotmail.com','$2y$10$miWYQ9VlR5aii4OMuUVeNuOElZJlWZ4KeYsV8FL2cPfa2.kgnQAp2','9 de octubre # 119 Florencia de Mora',NULL,'996749071',NULL,'1','1',1,NULL,'2017-10-24 04:42:31','2017-10-24 04:42:31'),(86,'CAROL ELIANA','CARBAJAL','CABELLOS',NULL,'m','1021100612','careli.carbajal@hotmail.com','$2y$10$TaL232MYLyWPh8TxLOJle.95fjKu08EoCwGjU.fxLly0eQeY21hw6','URB.SANTA VICTORIA MZ.A LT.7',NULL,'989334941',NULL,'1','1',1,NULL,'2017-10-24 04:42:31','2017-10-24 04:42:31'),(87,'LIZ DIRSA','CARBAJAL','PRETEL',NULL,'m','1051101515','forever_l_12@outlook.com.pe','$2y$10$Enk/7nh0KHSDotHHhncXaey3xEDwIV/Thyxmcooi4y2fFGrQP1QMa','BENITO JUAREZ 1954 LA ESPERANZA','44237989','949651360',NULL,'1','1',1,NULL,'2017-10-24 04:42:31','2017-10-24 04:42:31'),(88,'CYNTHYA TATHYANA','CARDENAS','GARCIA',NULL,'m','1051103615','tathyana_12@hotmail.com','$2y$10$cyv5IiIbzzlrEC7u9H7/fO05bOr91G/060UKZl4ImjsCXmXZhCHIC','ASENT.H. LAS LOMAS MZ. 41 LT.01','44501938','971666217',NULL,'1','1',1,NULL,'2017-10-24 04:42:31','2017-10-24 04:42:31'),(89,'GLORIA VIOLETA.','CARRANZA','CASTILLO',NULL,'m','1051101415','gloria_violeta_11@outlook.com','$2y$10$s8J2xCqSi.rpgSBGVQPh6elorAI3PV9xEnkBFFgDZRCcH/Q3pHa6S','Psj. La Rinconada MZ54 L11 URB. LA RINCONADA','384372','937519456',NULL,'1','1',1,NULL,'2017-10-24 04:42:31','2017-10-24 04:42:31'),(90,'CRISTIAN WILL','CARRANZA','EGOAVIL',NULL,'h','1511102814','cristian96_05@hotmail.com','$2y$10$uLlRASINwp4pBi8sUmno6uCyz8jCFcwBYPEPB2HSlA2scXrFIigm2','AV LAS GEMAS 597 URB SANTA INES','44232988',NULL,NULL,'1','1',1,NULL,'2017-10-24 04:42:31','2017-10-24 04:42:31'),(91,'JHISETH MARILIN','CARRASCO','MIRANDA',NULL,'m','1511101213','jhiseth_27@hotmail.com','$2y$10$WiuP1X3hMApYpW0rkO2jBuFeTCExP.RByI8VqkA4qEAnaObNM9IFK','JR FRANCISCO BOLOGNESI 367 EL MILAGRO','270837',NULL,NULL,'1','1',1,NULL,'2017-10-24 04:42:31','2017-10-24 04:42:31'),(92,'NORIS MALU','CARRERA','ALVA',NULL,'m','1521100413','malu_tauro17@hotmail.com','$2y$10$zF52H1VY12tK8jYWCBHDuO6ShQtioivqSASEcbHbINH0j288rgE6O','AV. GRAN CHIMU # 2234-LA ESPERANZA',NULL,'948711231',NULL,'1','1',1,'YSajS818LmT4HOvfrDywW6rPPjWyS0gBdbVFdCIPDuNPhuAtIWA9O26UMDxH','2017-10-24 04:42:31','2017-10-24 04:42:31'),(93,'THAMAR PAMELA','CARRERA','GAMBOA',NULL,'m','1021102113','th.iubesc@hotmail.com','$2y$10$GXHwybbTZVbJ5C3TVBl0p.XjQtLXxD3fgJiGYn.MDXRPpqVx4BgZ6','HIPOLITO UNANUE 598 EL PORVENIR',NULL,'940118894',NULL,'1','1',1,NULL,'2017-10-24 04:42:31','2017-10-24 04:42:31'),(94,'KATHERINE LIZET','CARRERA','GARCIA',NULL,'m','1051100812','katycg.813@gmail.com','$2y$10$QuMzgr3nnCJBBfEcCQ5OveE4nZmg78BCf.xUcA20P8JPUavcdEjWS','JR. JOSE CASTELLI 447.LA ESPERANZA',NULL,'948427436',NULL,'1','1',1,NULL,'2017-10-24 04:42:31','2017-10-24 04:42:31'),(95,'MAYRA JACKELINE','CARRERA','PALOMINO',NULL,'m','1021100713','mayracarrera31@hotmail.com','$2y$10$Cq7RlY5cIHSCf/7pp6WSDOxRLEuTFGP5YvAcUUk4EzPcoFWxsApYy','CALLE GABRIEL AGUILAR 1128 SECTOR RIO SECO',NULL,'942214726',NULL,'1','1',1,NULL,'2017-10-24 04:42:31','2017-10-24 04:42:31'),(96,'JOSE ALBERTO','CARRILLO','CASTILLO',NULL,'h','1021101117','joalcastillo@outlook.com','$2y$10$uiU2cywAd7w0SCiDYu5n2e/xgqI2d0L253InTDGoz01nyiWF.vbAa','DPTO.02 -ASEN.H. STA. ROSA DE MONSERRATE MZ. F LT. 16','984283130',NULL,NULL,'1','1',1,NULL,'2017-10-24 04:42:31','2017-10-24 04:42:31'),(97,'LILA IRINA','CARRILLO','CASTILLO',NULL,'m','1511102316','lila_unt@hotmail.com','$2y$10$XST4uwlD0bQI4C0.Pp07COtctnTtzUbYIGLzvnBVVcQn6nJ.1h7SK','SANTA ROSA DE MONSERRATE Mz F Lote 16','650856','986275045',NULL,'1','1',1,NULL,'2017-10-24 04:42:31','2017-10-24 04:42:31'),(98,'KAREN VANESSA','CARRILLO','RISCO',NULL,'m','1521100315','karencarrillorisco@outlook.es','$2y$10$2RbceOZgzk8tLOtD1kVFQuD6FJS1pLXebM5XtyK5/qRMbFOwVBK3K','AV. LOS LAURELES 1568FLORENCIA DE MORA','996011228','996011228',NULL,'1','1',1,NULL,'2017-10-24 04:42:31','2017-10-24 04:42:31'),(99,'KARIN NICOLN','CARRILLOS','RODRIGUEZ',NULL,'m','1511100317','niki_riki_98@hotmail.com','$2y$10$166sxUdtFLbL3c5TNLR7JeVola0D7p6IVOiTnGQSnD0WLL0Uee48K','CALLE 29 DE AGOSTO 1073','44638463','987063673',NULL,'1','1',1,NULL,'2017-10-24 04:42:31','2017-10-24 04:42:31'),(100,'TERECITA ELIZABETH','CARRION','ZAVALETA',NULL,'m','1011101013','beth_tere11@hotmail.com','$2y$10$NRaNZaMusBRBBS2iSlktFunC31r1MCioKlacenvrWH2myZxVuWQYi','ALTO TRUJILLO BARRIO 5 MZ H LOTE 32',NULL,'942458551',NULL,'1','1',1,NULL,'2017-10-24 04:42:31','2017-10-24 04:42:31'),(101,'LUIS ANTONIO MARTIN','CASANOVA','GODOY',NULL,'h','051103102','a_casanova1@hotmail.com','$2y$10$6oBCCPVtRa.yYtYvBDsRK.JpksXkA4CIPPa/AP.EvRc/VNc3wMb4W','la constancia 172-huerta grande',NULL,'986940151',NULL,'1','1',1,NULL,'2017-10-24 04:42:31','2017-10-24 04:42:31'),(102,'RONNY RICARDO','CASTAÑEDA','CHAVEZ',NULL,'h','1511100116','ricardo_20_roni@hotmail.com','$2y$10$prYyB2.f3jyWhpFRx/pwQOobWKcZdetwYd0YgG.c.PGCIstz02b4C','CALLE LOS ANGELES ASENT.H. MANUEL SEOANE CORRALES MZ. 28 LT.','276258','935709588',NULL,'1','1',1,NULL,'2017-10-24 04:42:31','2017-10-24 04:42:31'),(103,'MARYORY ANAIN','CASTAÑEDA','MINCHOLA',NULL,'m','1521100215','maranain11@hotmail.com','$2y$10$4NWCfgWiWZbxXIPBmN1iZuFpHqqQdsc8L/kw307ErAro2KtPAQtU6','MICAELA BASTIDAS 984',NULL,'944313905',NULL,'1','1',1,NULL,'2017-10-24 04:42:31','2017-10-24 04:42:31'),(104,'KATHERINE DEL PILAR','CASTAÑEDA','RODRIGUEZ',NULL,'m','1511100516','katherine_020597@hotmail.com','$2y$10$NfUYAp1kofO8oKWpkND2Me5gkvR0VLnrKFeneZ8vu9RIEAE0qkMj.','MZ N LOTE 8 SANTA TERESA DE AVILA','210888','983774116',NULL,'1','1',1,NULL,'2017-10-24 04:42:31','2017-10-24 04:42:31'),(105,'STEPHANIE MARINES','CASTILLO','ALZA',NULL,'m','1021102413','tephi_94@hotmail.com','$2y$10$i.kvdC01DctYxmnF9DUnwO33Zm4MZzd6CLzvRE5QYB64lnkzeIeLC','AV.PERU - PASAJE MANU 156',NULL,'962898976',NULL,'1','1',1,NULL,'2017-10-24 04:42:31','2017-10-24 04:42:31'),(106,'ANALI VIANEY','CASTILLO','GARCIA',NULL,'m','1521100313','vianeycas7@hotmail.com','$2y$10$he0aRXl6OtN9cTy.g0Z8I.T6faJLfSULe2RZe83Bdrz0Q/BRzANVm','VINATEA REYNOSO 660 URB SANTO DOMINGUITO',NULL,'979758578',NULL,'1','1',1,NULL,'2017-10-24 04:42:31','2017-10-24 04:42:31'),(107,'THALIA SELENE','CASTILLO','GOMEZ',NULL,'m','1511100815','thalia_piscis97@hotmail.com','$2y$10$BRvmYjfCZMmBSs.qWkvGf.iGPtbvEVBEt4qZO/0KqMmVm425vArfO','URB. MANUEL AREVALO II ET. MZ 49 B LT 45 LA ESPER','272525','962681367',NULL,'1','1',1,NULL,'2017-10-24 04:42:31','2017-10-24 04:42:31'),(108,'THANIA ESTEFANNY','CASTILLO','GONZALES',NULL,'m','1511103515','thanicg@outlook.es','$2y$10$h20F6Y/kbsRo1JWAlIFB5OTpfU88pF9YaBk2K1T/6bRyzV.q1xvza','CALLE BENITO HERRERA MZ18 LT3 VICTOR RAUL','502205','943791622',NULL,'1','1',1,NULL,'2017-10-24 04:42:31','2017-10-24 04:42:31'),(109,'FRANK ALEXIS','CASTILLO','MORALES',NULL,'h','1511101413','facm1121995@gmail.com','$2y$10$G6bZrkADCPEipnA2o3Thx.AayWjJ4lRh7Kt96GUaFKK6o4aRAceM2','URB .COVIPNP SANTA ROSA MZ E LOTE 7','290871','947420535',NULL,'1','1',1,NULL,'2017-10-24 04:42:31','2017-10-24 04:42:31'),(110,'EMERSON MANUEL','CASTILLO','OLIVARES',NULL,'h','1021100811','piscis_ec_12@hotmail.com','$2y$10$SrDD3mOX9rv.qEsySQd7TOE8QSfQbODI4vd8XyjFVo7JmrZ.75NrC','CAHUIDE 631','411160','949338508',NULL,'1','1',1,NULL,'2017-10-24 04:42:31','2017-10-24 04:42:31'),(111,'MARILYN JOSSY','CASTILLO','RODRIGUEZ',NULL,'m','1051102915','mari_20_1996@hotmail.com','$2y$10$UY6XydqFraku/u3hEaWAr.SOr.etJaz1AG3aS8QIQZtPGcM6xSW2W','CALLE DIEGO DE MEDINA 455 INT 201 URB EL BOSQUE','992285047','956938123',NULL,'1','1',1,NULL,'2017-10-24 04:42:31','2017-10-24 04:42:31'),(112,'RAULITO DANIEL','CASTRO','HUAROTO',NULL,'h','1021101414','daniel_castro.17@hotmail.com','$2y$10$1oIoOAZqBWVNKGSmM4mWAe4xRbbUzlRF8U85270SYubbp7bGbqEv.','JOSE DE LA TORRE UGARTE 1169','637382','998904771',NULL,'1','1',1,NULL,'2017-10-24 04:42:31','2017-10-24 04:42:31'),(113,'RICARDO SANTOS','CENAS','ESPINOLA',NULL,'h','511100506','lion_318_1@hotmail.com','$2y$10$Yg2gnOc8h0X8VVNOsbeza.yKbADFONTYPTlxANu4tk1IRxd2CwkmS','calcuchimac 215 mz b lt 15 urb.santa maria',NULL,'946691916',NULL,'1','1',1,NULL,'2017-10-24 04:42:31','2017-10-24 04:42:31'),(114,'SANDRA MARYZETH','CEPEDA','ALFARO',NULL,'m','1051102814','sami.sca46@gmail.com','$2y$10$tb8/WlSHm.Frn11UoPhNvO/B8dgydjqeZEaBPHJdpd7c7AIOF181K','MZ: 6 LT:39 INDOAMERICA','44387232','944312760',NULL,'1','1',1,NULL,'2017-10-24 04:42:31','2017-10-24 04:42:31'),(115,'GENESIS RUBI YAZMIN','CERNA','BARRETO',NULL,'m','1021101416','genesis_sagitario_96@hotmail.com','$2y$10$2bvG2TQxhhDxg2yVN7UNGOOLSNfTR0CU6cXfVYdn5z050wL99NptK','CALLE SAN JOSE 1913',NULL,'994620927',NULL,'1','1',1,NULL,'2017-10-24 04:42:31','2017-10-24 04:42:31'),(116,'JUANA','CERNA','SICCHA',NULL,'m','1011100215','xuanita1068@gmail.com','$2y$10$anfkx32dyjuauKTyJ27lyOHixYBFIoUFeEp47PizdyOQBVCTbrb/2','HUANCHACO - RAMON CASTILLA',NULL,'947800930',NULL,'1','1',1,NULL,'2017-10-24 04:42:31','2017-10-24 04:42:31'),(117,'JOSELYN MARICIELO','CERQUIN','GUEVARA',NULL,'m','1051103016','joselyn_cg_93@outlook.com','$2y$10$6.aGBZxmvq4oTzLFzvnPuuGNMzYQ8Z1fCa3r5ODQcoO97XAfRjsMW','SECTOR INDOAMERICA MZ. 14 LT. 04','413568','974488569',NULL,'1','1',1,NULL,'2017-10-24 04:42:31','2017-10-24 04:42:31'),(118,'BRANDI NEISER','CESIAS','VEJARANO',NULL,'h','1511100615','brandi_65@hotmail.com','$2y$10$vxbGHte6tKGN.DSjyBfDyOiBpXtsXFaPzJnBWSKK9Qw/6sK0bIQfG','CUSIHUIMAN N° 609 ASENT. H. LA MERCED','315132',NULL,NULL,'1','1',1,NULL,'2017-10-24 04:42:31','2017-10-24 04:42:31'),(119,'YESSICA ESMERALDA','CHACON','GUARNIZ',NULL,'m','1021100316','yeg.chacon@hotmail.com','$2y$10$.auGQ1XWwm2DV9OYIIUGLetc8AaRvAUO93VRtzOHgjA9CTQ7NpIHq','AV PACHACUTEC MZ 15 LT 10-A VÍCTOR RAUL-HUANCHACO',NULL,'966175730',NULL,'1','1',1,NULL,'2017-10-24 04:42:31','2017-10-24 04:42:31'),(120,'CINTYA ESTHEFANI','CHAMAYA','BENAVIDES',NULL,'m','1011100717','eli_naomy_05@hotmail.com','$2y$10$BQTMPZ4VS0jFFQOjN2vDPejbEABuArE0JDSbh1m9rAzMLClLjX4Te','CALLE MARAÑON 626','972615214','972615214',NULL,'1','1',1,NULL,'2017-10-24 04:42:31','2017-10-24 04:42:31'),(121,'YSSELA DANNY','CHAMORRO','GONZALES',NULL,'m','1011101413','days_aries_93@hotmail.com','$2y$10$Wgy9BQ.8zPvU4jONmdINz.blk7mKupwHvDilKKCVOh7mN4ut.kKFS','C.P.M. ALTO TRUJILLO BARRIO 4 MZ. P.LT.2','634412',NULL,NULL,'1','1',1,NULL,'2017-10-24 04:42:31','2017-10-24 04:42:31'),(122,'LEYLY NATALY','CHAVEZ','ALCANTARA',NULL,'m','1011101312','chavezalcantara31@gmail.com','$2y$10$RGsSI4zRhFKOiYHCdLk93.vwsJL5gpVMicYu1RfV7C2W1Wdfdjh8i','LOS LIBERTADORES # 153 RAMON CASTILLA - HUANCHACO','323725',NULL,NULL,'1','1',1,NULL,'2017-10-24 04:42:31','2017-10-24 04:42:31'),(123,'MANUEL GIANCARLO','CHAVEZ','ARIAS',NULL,'h','1511100517','gian06_12@hotmail.com','$2y$10$pmC7wYlb4wnY9GykouDMyOw.l9wKNsRF.gMEkV/P3Ro0xSL.J7/ly','CALLE SAN BENITO N°310-URB. SAN ANDRES','43401950','937555493',NULL,'1','1',1,NULL,'2017-10-24 04:42:31','2017-10-24 04:42:31'),(124,'ARMANDO NICOLÁS','CHÁVEZ','LEÓN',NULL,'h','1051100314','shell_movil@hotmail.com','$2y$10$HPxaD/goO8yOoQ55WnyPe.uKmhnehGufSsq6avXFxS7oKCPSVZZou','RAZURI M.D LOTE 16','211513','959594348',NULL,'1','1',1,NULL,'2017-10-24 04:42:31','2017-10-24 04:42:31'),(125,'YELSIN WUENDI','CHAVEZ','ORDOÑEZ',NULL,'m','1051100712','te.amo_21@hotmail.com','$2y$10$UBUjpmmSnXSsie40WgBUu.MYaizrQ08iSfzOblj9EqfRligMG92.e','av. larco cox 105 URB. LAS QUINTANAS','44231077','995192227',NULL,'1','1',1,NULL,'2017-10-24 04:42:31','2017-10-24 04:42:31'),(126,'LAURA LIZBET','CHAVEZ','VALENTIN',NULL,'m','1511100513','lizbeth20_piscis@hotmail.com','$2y$10$IBRjwsxbWFrjxkMCn.pGxepwDV/HsekVCjq4kiPYFq4RCm/Naxb3q','RICARDO PALMA N° 100 - EL PORVENIR','381646',NULL,NULL,'1','1',1,NULL,'2017-10-24 04:42:31','2017-10-24 04:42:31'),(127,'MARCOS JESUS','CHIQUES','URBANO',NULL,'h','1051101316','marcoschiquezurbano@outlook.es','$2y$10$BuwVYIOANyeIb9WS7y.JBe4zx95iyUatPn6a/K6VhiyjaO97wWH3O','QUINTA ETAPA SAN ANDRES',NULL,'948615821',NULL,'1','1',1,NULL,'2017-10-24 04:42:31','2017-10-24 04:42:31'),(128,'LIZ RUBY','CHOTA','VIDAL',NULL,'m','1011101411','rubycv.18@homail.com','$2y$10$9bIquQDhxBQ9GvaYfVHhKO2.PCxABRiS80OHk2nFg1tgL49lHIXnO','Alexander Flemin B 31- Urb Daniel Hoyle','217052','948809936',NULL,'1','1',1,NULL,'2017-10-24 04:42:31','2017-10-24 04:42:31'),(129,'LUIS FERNANDO','CHUAN','RODRIGUEZ',NULL,'h','1051100516','luis.10.love@hotmail.com','$2y$10$mj3a29Nhj5ACL/0/bJYolOOyJKOoZQDxTR//TnSK8FxAvx3eKl8EW','CAJAMBAMBA 25 CAP - LAREDO','342523','949368048',NULL,'1','1',1,NULL,'2017-10-24 04:42:31','2017-10-24 04:42:31'),(130,'ZOILA MARIBEL','CHUQUIBALA','PRETELL',NULL,'m','1011102113','maribel_chuquibala@hotmail.com','$2y$10$GOBwbQr8aXSICd9senEcBe9Kkr3D.5c3uMQQUQeXeLTUmKiZL2uUO','AAHH RAMIRO PRIALE MZ 6 LOTE 04','229270','951460941',NULL,'1','1',1,NULL,'2017-10-24 04:42:31','2017-10-24 04:42:31'),(131,'DEYVI JONATHAN','COLLANTES','RODRIGUEZ',NULL,'h','1021100514','deivisolitario14@gmail.com','$2y$10$eeksfq1eykToOyIRudoLFePzY44ee.l7hNMrWStNL0cA202rBOjzC','AV. SUPERACION 113 CAS. PEDREGAL','948101489','976125043',NULL,'1','1',1,NULL,'2017-10-24 04:42:31','2017-10-24 04:42:31'),(132,'JOSE MARTIN','CONDOR','GOYTIZOLO',NULL,'h','1051101613','jomar_cg92@yahoo.es','$2y$10$aowcFtQ.289jYdTy6bvNPerNbi/z4aiAZyn3vegXbQHcX4lTJd3/G','LOS OLIVOS Nº 235 - LA ESPERANZA','44229343','930224249',NULL,'1','1',1,NULL,'2017-10-24 04:42:31','2017-10-24 04:42:31'),(133,'ELVA ARACELI','CORDOVA','RODRIGUEZ',NULL,'m','1011101812','chely_88a@hotmail.com','$2y$10$Z/su.My5uWHNO167l/zj8uJXnsZmJ37.tuoQ2orrefNdjizztJyde','MZ J LOTE 2 - LOS PORTALES - TRUJILLO','271801',NULL,NULL,'1','1',1,NULL,'2017-10-24 04:42:31','2017-10-24 04:42:31'),(134,'VERONICA YAMILET','CORONEL','VEGA',NULL,'m','1511101317','cveyamil24@hotmail.com','$2y$10$aaghtowrclh9.YYXwHnIcOi0y/s.84QPlNvSFXzQ177JaJ9KFL7Ti','CALLE NICARAGUA 166 ASENT.H. LA VERONICA',NULL,'941882915',NULL,'1','1',1,NULL,'2017-10-24 04:42:31','2017-10-24 04:42:31'),(135,'HADY ESMERALDA','CRESPIN','ALVARADO',NULL,'m','1051103515','hady.ah@hotmail.com','$2y$10$xfsPNz3UnwsClVWZ/BY4WutNphes2rfiE/CVuAue2jK.azB7J63fG','MZ L LOTE 27 BARRIO IV ALTO TRUJILLO','219558','928054416',NULL,'1','1',1,NULL,'2017-10-24 04:42:31','2017-10-24 04:42:31'),(136,'LUIS ANGEL','CRUZ','ARANDA',NULL,'h','1051100415','luis_30_angel@hotmail.com','$2y$10$Qm1WsedZyPjjgcDNVnWNru8nMdo9f3pKrSVAzK6XkQHAlkZgAmPom','JR BAZAR 119','44798214','920023917',NULL,'1','1',1,NULL,'2017-10-24 04:42:31','2017-10-24 04:42:31'),(137,'ARNOL','CRUZ','CANCINO',NULL,'h','1051100612','arnol_11_7@hotmail.com','$2y$10$Po.xW9iG/us5.CsVYuC/U.JiGepteT.veJgd.mWn5h10WYyJAKXku','AV MANSICHE 1283 INT A-17',NULL,NULL,NULL,'1','1',1,NULL,'2017-10-24 04:42:31','2017-10-24 04:42:31'),(138,'JHON FRANCO','CRUZ','FLORES',NULL,'h','1051101616','jhoncruz0109@gmail.com','$2y$10$tWBImLIIODk6QQy06x6j0OxjsqODzZ0h2Dcml.Lm0MCHSa2JgB5a2','PROLONGACION SANTA 1727 INT B-1 SECTOR LA MARQUEZA',NULL,'956197375',NULL,'1','1',1,NULL,'2017-10-24 04:42:31','2017-10-24 04:42:31'),(139,'KEVIN ELVIS','CRUZ','FLORES',NULL,'h','1511101611','cf_03@hotmail.com','$2y$10$ZX8SwZlcAjnVYRbQ2w0MyeEN4VzONdEzDu9CJ2MSUdp3S7AkMU18G','prolongación santa 1727-B',NULL,'968353440',NULL,'1','1',1,NULL,'2017-10-24 04:42:31','2017-10-24 04:42:31'),(140,'CLAUDIA ALEJANDRA','CRUZ','JULCA',NULL,'m','1051102015','claudia_05@hotmail.com','$2y$10$vi7fJQPyHI9OwoDuo2wup.i88Z19roxdwREnw9G0xy1FOf7FMl/ly','20 DE SETIEMBRE #790 Florencia de Mora',NULL,'945205026',NULL,'1','1',1,NULL,'2017-10-24 04:42:31','2017-10-24 04:42:31'),(141,'EVELYN LESLIE','CRUZ','PONCE',NULL,'m','1041100115','eve_lin.cp@hotmail.com','$2y$10$ZcpXE7VPSXT8yhadqoXHG.7zcZhbMPtvmyGP2Fsx/2LdTnUQ5EzHi','URB. TRUPAL TRUJILLO -LA LIBERTAD',NULL,'953267837',NULL,'1','1',1,NULL,'2017-10-24 04:42:31','2017-10-24 04:42:31'),(142,'JONATHAN CARLOS','CRUZ','RENGIFO',NULL,'h','1511101415','alberth_emc2.unt_@hotmail.com','$2y$10$SwuUrT5xP7deS39HXz6YkugRBs3ZXojlzX2nRcQnYu5iGkOp.FEpa','CALLE SAN PEDRO 228 - MIRAMAR','797103','948066218',NULL,'1','1',1,NULL,'2017-10-24 04:42:31','2017-10-24 04:42:31'),(143,'LESLIE MARJORETH','CRUZ','REYNA',NULL,'m','1511101113','leslie_cruzreyna@hotmail.com','$2y$10$ggRzABm/KB6/eH86INHunOTpds0e8f6p2jCGIf3YUWefJoSJpT5x.','CALLE 20 DE JUNIO 917 - B FLORENCIA DE MORA','44620744','943295768',NULL,'1','1',1,NULL,'2017-10-24 04:42:31','2017-10-24 04:42:31'),(144,'BANEZA GHILBERTH','CRUZ','SAAVEDRA',NULL,'m','1021101712','baneza_14_93@hotmail.com','$2y$10$3FTsH7zBbLc2lRIcCjoa7uAfcL9ngV.o32DD45eRL0XmdFcB8UE56','ASENT. HH. TIERRAS DEL SOL LT1A MZ3 - FCIA DE MORA',NULL,'949779455',NULL,'1','1',1,NULL,'2017-10-24 04:42:31','2017-10-24 04:42:31'),(145,'VICTOR ANTONIO','CRUZ','SANDOVAL',NULL,'h','011101509','victor_cs17@hotmail.com','$2y$10$ya2loUbMLSZL0J229TI7GOPo.acCOCz8gIj4PZ//EPOKWbmIAXin.','AV.peru 130',NULL,'947878894',NULL,'1','1',1,NULL,'2017-10-24 04:42:31','2017-10-24 04:42:31'),(146,'JHASMIN ANAIS','CRUZADO','LEON',NULL,'m','1051101414','jhasmin_96_cruzado@hotmail.com','$2y$10$cVVoOfrlkQf9RWRxF1QJ7ey0nLAr.BclnM.H5xTQrht40m976DNjm','MAMA OCLLO 625 RIO SECO',NULL,'981753130',NULL,'1','1',1,NULL,'2017-10-24 04:42:31','2017-10-24 04:42:31'),(147,'EDDUAR JONATHAN','CRUZADO','PEREZ',NULL,'h','1051102216','edduar_jcp18@hotmail.com','$2y$10$GvwhCcWNixYsqfMa5brclOcxawUX8xE9k7HCLfBDG8HCststyse2m','JR. MANCO CAPAC PPJJ EL MILAGRO SEC.02 MZ.11 LT.10','630431','993154087',NULL,'1','1',1,NULL,'2017-10-24 04:42:31','2017-10-24 04:42:31'),(148,'KRIS NATALI','CUBA','GARCIA',NULL,'m','1511101717','natali.cuba.18@gmail.com','$2y$10$6blnwhIOrfOyVi7aapFKw.ric20l2s541iy.rMjY.clTTXjn5tVY6','CASERIO PORVENIR - SAYAPULLO','930161958','938672631',NULL,'1','1',1,NULL,'2017-10-24 04:42:31','2017-10-24 04:42:31'),(149,'KATHERIN GUISSELL','CUEVA','CASTILLO',NULL,'m','1521100214','guisell_libra_234@hotmail.com','$2y$10$7RhQOzXpgwbeeZnFz0gPcuxd8i6NHQA6N.2djVWJPI9pZup1Dt7gu','JOSE OLAYA 1845 - EL PORVENIR','411918','995130917',NULL,'1','1',1,NULL,'2017-10-24 04:42:31','2017-10-24 04:42:31'),(150,'KELLY ESTEFANY','CUEVA','GAVIDIA',NULL,'m','1051102016','estefany98_cg@hotmail.com','$2y$10$iqxZQOKkINxTex.xZbGpPuvNPhiNRQKxvS/kHYjGKKc28B60E6N/O','MZ.7 LT.16 ASENT. H. ALAN GARCIA PEREZ',NULL,'971747888',NULL,'1','1',1,NULL,'2017-10-24 04:42:31','2017-10-24 04:42:31'),(151,'LADY PAMELA','CUEVA','HERNANDEZ',NULL,'m','1511101616','cueva_hernandez@hotmail.com','$2y$10$be3ssKUIxWNjj0Sofj.0qOLLdce/LVmrnmZccVIC6RTsWExnnq13K','URB. MAUEL AREBALO ETAPA III MZ A17 LT . 27',NULL,'948596166',NULL,'1','1',1,NULL,'2017-10-24 04:42:31','2017-10-24 04:42:31'),(152,'DENNYS YAMER','CUEVA','TANDAIPAN',NULL,'h','1021100717','igunzelwt@gmail.com','$2y$10$QewsUd9e35KKGgBrXOMO1OyVOfch7VlPPNajJl3t8NazFTdBZjkim','JOSE MARIA MORELOS 1610','44239214','928318325',NULL,'1','1',1,NULL,'2017-10-24 04:42:31','2017-10-24 04:42:31'),(153,'STEFHANY ANHTUANET','CUNYA','MARCHAN',NULL,'m','1021100617','stefhanymar18@gmail.com','$2y$10$EVnwweim908lAcJ6MsbQyOU5nIaSs8kZBTxsHC.j1H.iNAQOhKG5S','AAHH LOS PEDREGALES - EL MILAGRO SECTOR 7 MZ. K LT','949610084','934027486',NULL,'1','1',1,NULL,'2017-10-24 04:42:31','2017-10-24 04:42:31'),(154,'GLORIA MALENA','DE','LA CRUZ AGUILAR',NULL,'m','1051101712','malena_aries_g@hotmail.com','$2y$10$5I2btshhehIrW7YpZ7SwHecBU/DNRqQm7DtJiY1fEcvYlNt3QFVSa','LIBERACION SOCIAL MZ H LOTE 5 VICTOR LARCO','383254','982277604',NULL,'1','1',1,NULL,'2017-10-24 04:42:31','2017-10-24 04:42:31'),(155,'NARDA GIANELLA','DE','LA CRUZ BALLARDO',NULL,'m','1051100915','nardag.17@hotmail.com','$2y$10$7VBA0H/0t0ukSxISlCCw8eemS/Aq8KzCIYOF55g9yicU4KpwRcJVe','ANTONIO RIVERO 2060 EL PORVENIR','385159','944467953',NULL,'1','1',1,NULL,'2017-10-24 04:42:31','2017-10-24 04:42:31'),(156,'MELINA ELIZABETH','DE','LA CRUZ MARCO',NULL,'m','1011100916','melina_20_1997@hotmail.com','$2y$10$let2wVeC/wmNZC6ihe7Htu77nggY19VR7e8r.v60s55XEFD29DHtG','GARCILAZO DE LA VEGA 5 URB. JUAN VELASCO','442503','948334949',NULL,'1','1',1,NULL,'2017-10-24 04:42:31','2017-10-24 04:42:31'),(157,'DIEGO IVAN','DE','LA CRUZ PAUCAR',NULL,'h','1051100116','diegodelacruz98@hotmail.com','$2y$10$UUSbag45U9Iju9bOjPgH.O8hp8oHKBpGW9LRutgTJ6MXjrujTs1iy','JOSE CASTELLI 913 LA ESPERANZA','622420',NULL,NULL,'1','1',1,NULL,'2017-10-24 04:42:31','2017-10-24 04:42:31'),(158,'LEYDI VITALIA','DE','LA CRUZ RODRIGUEZ',NULL,'m','1051102012','leydid_princesk@hotmail.com','$2y$10$bHmw2J7f.E8K3IqQHxwkOuv/ACnlO2ou2X1sjoAUutVBSFNy/DC2K','AV MIGUEL GRAU 1010 - EL MILAGRO',NULL,'968542550',NULL,'1','1',1,NULL,'2017-10-24 04:42:31','2017-10-24 04:42:31'),(159,'MONICA LIZETH','DELGADO','GARRIDO',NULL,'m','1021100114','mikita_95@hotmail.com','$2y$10$bhEShtsMm8ogauHyle4xxOiN/MbHgFMCazeT7GBbUXt2Pt2T0s/1y','CALLE LAMBAYEQUE 296 ARANJUEZ','232553','969191221',NULL,'1','1',1,NULL,'2017-10-24 04:42:31','2017-10-24 04:42:31'),(160,'MARCK ANTHONY','DEZA','PEÑA',NULL,'h','1521100513','anthony_93_12@hotmail.com','$2y$10$FusjtFimrTXNDtyvAv8azeODdq9c6NoXjc1NxYZnPXpbHAIgzKJ26','LIBERTAD #433','44585194','961044119',NULL,'1','1',1,NULL,'2017-10-24 04:42:31','2017-10-24 04:42:31'),(161,'BORITZ STING','DIAZ','AZABACHE',NULL,'h','1511100316','sting_1020@hotmail.com','$2y$10$w91VAIVP5S1qHYyRkC5lDeJjNjiCEjarTcAaWI3h/JIXNJXDFPL2S','SEC. LAS DUNAS - ALTO MOCHE MZ 76 LOTE 19 .','44587977','934932993',NULL,'1','1',1,NULL,'2017-10-24 04:42:31','2017-10-24 04:42:31'),(162,'BRIAM ARNOL','DIAZ','ESQUIVEL',NULL,'h','1511100113','jx19_38@hotmail.com','$2y$10$arHzpPi4.RsC8Q9jLGaLJ..bidIJy0uJEBAHaxhSPLGcLtmzhjyU2','AV. PERU MZ 5 LT 4 ASENT. H. INDOAMERICA','44270947','990101861',NULL,'1','1',1,NULL,'2017-10-24 04:42:31','2017-10-24 04:42:31'),(163,'LYNDA YORIANI','DIAZ','PAICO',NULL,'m','1521100112','yoriani_9@hotmail.com','$2y$10$wWDsPmAYQxuangd8vRTVAeLFdMJbverfWJmp2gThzNq5i69aSSVpy','AV. Espana n 1080 - centro cercado-TRUJILLO','979239483','944442351',NULL,'1','1',1,NULL,'2017-10-24 04:42:31','2017-10-24 04:42:31'),(164,'LISBETH DEL ROCIO','ECHEVARRIA','VILLAJULCA',NULL,'m','011102210','love_lisbeth16@hotmail.com','$2y$10$BquxS90hbsvYDA8tSl5n4OW/cRiM3DNiI3e.wmG.0bECQFiWZ.vEO','manila 364 el alambre',NULL,'980905037',NULL,'1','1',1,NULL,'2017-10-24 04:42:31','2017-10-24 04:42:31'),(165,'ADOLFO DANIEL','ENCO','CABALLERO',NULL,'h','1021101417','caballero.daniel204@gmail.com','$2y$10$cPfbpCAI0PS0MBnwfIQ64./tX5UTiQ49jMDdurTylpdaAATqPgqNa','PORVENIR ( SANCHES CARRION )','947383514',NULL,NULL,'1','1',1,NULL,'2017-10-24 04:42:31','2017-10-24 04:42:31'),(166,'CINTHYA FIORELLA','ENRIQUEZ','LARA',NULL,'m','1051100114','fioutuane@hotmail.com','$2y$10$.16m2IzrpIJmROqosNkaXe2QRCFxOS1vnVYctKdlZa/x7e2sAznAi','URB. SAN ISIDRO II ETAP. MZ. L\' - LOTE 34',NULL,'989017523',NULL,'1','1',1,NULL,'2017-10-24 04:42:31','2017-10-24 04:42:31'),(167,'BECTSY ARACELY','ESCOBAR','HOYOS',NULL,'m','1011101817','alisson.199731@gmail.com','$2y$10$2pXqnUvPJyods1nkzAYkMeblNjtl4FznofQEiW/CNiSeR.XdgxESa','VIA DE EVITAMIENTO C.P. EL PROGRESO MZ 113 LOTE 09','998864744','998864744',NULL,'1','1',1,NULL,'2017-10-24 04:42:31','2017-10-24 04:42:31'),(168,'DALHIN ITAMAR','ESCOBAR','VILLANUEVA',NULL,'h','1051100414','dalin_scobar@hotmail.com','$2y$10$xzEBQUD.2cnbCh4ueoJqeeyDJj184IJxnjq8R9ZTIiWlG9iCIUbj.','MZ C11 LT 53 URB MANUEL AREVALO',NULL,'955240514',NULL,'1','1',1,NULL,'2017-10-24 04:42:31','2017-10-24 04:42:31'),(169,'YULENY','ESPARRAGA','PEREZ',NULL,'m','1511103815','yuleny2308@hotmail.com','$2y$10$cscXNNTaQXGolHgWYAx.fe4rNXvAnyclsdBXjIVd4J4GrW9pBwg0K','los jardines del golf mz 14 Lte8 int103','468444','959990157',NULL,'1','1',1,NULL,'2017-10-24 04:42:31','2017-10-24 04:42:31'),(170,'SUSAN FIORELA','ESPEJO','VALDERRAMA',NULL,'m','1511101215','susanesva@hotmail.com','$2y$10$8KxcPSSFM.rqDEYdXmkELethzMNfLohD7r2pXOauvliaLBcCZhGrW','MZ 8 LOTE 48 URB MANUEL AREVALO III ETAPA',NULL,'981793463',NULL,'1','1',1,NULL,'2017-10-24 04:42:31','2017-10-24 04:42:31'),(171,'BECKY GIANELLA','ESPINOLA','ALVARADO',NULL,'m','1051101814','becky_06g@hotmail.com','$2y$10$o6.N/Pofd.CK8vjuSnQppe/elwphy5iYt/dkT0A1bYIlHMSZJeQSq','victor larco',NULL,NULL,NULL,'1','1',1,NULL,'2017-10-24 04:42:31','2017-10-24 04:42:31'),(172,'MARGARITA IRENE','ESPINOLA','SANDOVAL',NULL,'m','1051102014','irene250396@gmail.com','$2y$10$zqNbGp3lJ2BougngmnU7jOnQJdT1CfH2/LB4vZ.EsElNZF/HVF.ba','AV. FEDERICO VILLAREAL URB. PAY PAY MZ. C LT. 14','44231032','949174430',NULL,'1','1',1,NULL,'2017-10-24 04:42:31','2017-10-24 04:42:31'),(173,'ARTURO ISRAEL','ESPINOZA','CALDERON',NULL,'h','1511100315','arturoemo.1@hotmail.com','$2y$10$/4DgOrAK9ho4zSbNtIab/eS4SjfbuxwROiu1p36pv8GEvkNb/FMOG','AV LAS HUERTAS 16 CARTAVIO','948857819',NULL,NULL,'1','1',1,NULL,'2017-10-24 04:42:31','2017-10-24 04:42:31'),(174,'MIGUEL ANGEL','ESQUIVEL','BRICEÑO',NULL,'h','1051101412','miguel_tauro23@hotmail.com','$2y$10$pUPzA1/3iTtIxTh29X6ALOUM6rZjdiR2WlmTdSQNlIHrg6M1M/l2K','MANUEL AREVALO II ETAPA MZA49 LT45- LA ESPERANZA',NULL,'968893733',NULL,'1','1',1,NULL,'2017-10-24 04:42:31','2017-10-24 04:42:31'),(175,'JOSÉ JAVIER','ESQUIVEL','CHUQUIMANGO',NULL,'h','1051101912','joseje_111@hotmail.com','$2y$10$bD2NydLBpm9fALiu2jHjCuvLwqrBAPuK0xBxpy9Y6dmLWaNFJ7A0S','RESIDENCIAL ALBRECHT BLOQUE B DPTO. 101','442948','976915262',NULL,'1','1',1,NULL,'2017-10-24 04:42:31','2017-10-24 04:42:31'),(176,'LETICIA JACKELINE','ESQUIVEL','ULLOA',NULL,'m','1511102012','letica_e3@hotmail.com','$2y$10$yPzOSwZJNYULOEu.rYGdauXjU0YRuHX/zniSXbQ7iiTS8/oFGOIlO','PASAJE ATAHUALPA #170 BUENOS AIRES SUR','44661816','930146841',NULL,'1','1',1,NULL,'2017-10-24 04:42:31','2017-10-24 04:42:31'),(177,'KENNIA BRICETH','FABIAN','PAUCAR',NULL,'m','1021100913','kbriceth53@hotmail.com','$2y$10$4eGfxjHWofHwFAltN2E2eeHhCQlyyhOaBybS2rd1btdoDBmyob88K','LOS ROBLES - 920 - PT BAJA LA ESPERANZA','948958541',NULL,NULL,'1','1',1,NULL,'2017-10-24 04:42:31','2017-10-24 04:42:31'),(178,'MERY EDITHA','FABIAN','ROJAS',NULL,'m','1511102617','edith_07_69@hotmail.com','$2y$10$j9Ai5fhVHfAV9usCzKQojeOb2DPlEk2C/1.5xVhRSRP4JLl7BUvkO','MANUEL CEDEÑO 599','957530498','957530498',NULL,'1','1',1,NULL,'2017-10-24 04:42:31','2017-10-24 04:42:31'),(179,'LUIS ENRRIQUE','FAJARDO','MONTENEGRO',NULL,'h','1031100112','lamk7513@hotmail.com','$2y$10$7OxeFUPlF8hAYy7Gf53O6.s3d0Yr0nNdYDjfal67OwK7ZbuersWO.','MIGUEL GRAU ETP. III LT. 15.CASA GRANDE','444338','999494910',NULL,'1','1',1,NULL,'2017-10-24 04:42:31','2017-10-24 04:42:31'),(180,'LUIS ENRIQUE','FERNANDEZ','AURELIANO',NULL,'h','1051100815','luis_acuario_19@outlook.es','$2y$10$SLFKIZByxuYofcvQZ7Cmg.I/yU2Vs.lWjnhyxtAfBJ7w3BnaBPq7K','CALLE UNION MZ.1 LT.3 TIERRAS DEL SOL','44427502','955529710',NULL,'1','1',1,NULL,'2017-10-24 04:42:31','2017-10-24 04:42:31'),(181,'PATRICIA ELIZABETH','FERNANDEZ','BURGOS',NULL,'m','1021100214','patty_eliza07@hotmail.com','$2y$10$OLIvAK9XCH9v4wWqPys18uaSQr6P/h/zBK6qcOIR/mV4GL.FHnYm.','MANUEL ASENCIO SEGURA # 271 EL PORVENIR','411663','946864344',NULL,'1','1',1,NULL,'2017-10-24 04:42:31','2017-10-24 04:42:31'),(182,'MONICA EDITH','FERNANDEZ','DIAZ',NULL,'m','1021100312','leo_12_237@hotmail.com','$2y$10$iThjwvmQszjINbP/34fkTeZw.SIzdQXdMxDSGR6ZcUFNuZPISxFQS','MANUEL AREVALO MZ. 1 LT. 22','411807','955509554',NULL,'1','1',1,NULL,'2017-10-24 04:42:31','2017-10-24 04:42:31'),(183,'RAMIRO','FIESTAS','JACINTO',NULL,'h','1511100412','rami_fiestas@hotmail.com','$2y$10$SRJUE1cgq2Y/DtYRkI/QfuUzRDbNu0a68pGiEz.V/rbhVaPG3v6ku','calle Londres 256 .Urb .San Nicolás',NULL,'978004379',NULL,'1','1',1,NULL,'2017-10-24 04:42:31','2017-10-24 04:42:31'),(184,'MONICA NATHALY MADLYN','FLOREANO','SALINAS',NULL,'m','1011101514','MNathM03@hotmail.com','$2y$10$q6pUuOuJvcdQ.6MRNAsUN.D2mtuGXtaIQTxqvAKmRzCvF0Dr/YKE.','JR. BARCELONA 2148 ASENT. H. MIGUEL GRAU',NULL,'938531577',NULL,'1','1',1,NULL,'2017-10-24 04:42:31','2017-10-24 04:42:31'),(185,'GERSON BRAYAN','FLORES','ALZA',NULL,'h','1041100515','gerson_fenixclb123@hotmail.com','$2y$10$ASWglKOZbPSRtWZVtAHh9eC66kjZsllspnN2iKpRyaQrqwgxsZ0Ci','AV EL BARRIO V Y -16','944365783',NULL,NULL,'1','1',1,NULL,'2017-10-24 04:42:31','2017-10-24 04:42:31'),(186,'LUCIA FATIMA','FLORES','ATOCHE',NULL,'m','1021100216','lucia.fa.16.12@gmail.com','$2y$10$oKh0ALFbqzNRWto17nRQ.OFRrxWLHmzGwTmfb3OR3USt5inALM3xm','MZ ARICA 0002 SAN MARTIN - ASCOPE',NULL,NULL,NULL,'1','1',1,NULL,'2017-10-24 04:42:31','2017-10-24 04:42:31'),(187,'MELIZZA YAJAIRA','FLORES','CARRANZA',NULL,'m','1021100814','melii_fc_10@hotmail.com','$2y$10$MaJcwDeDqtOTbY/1aSyeA.eZq7tXdbR4AbaUg0hC8.N.HLk6A5lbu','MZ Z LT 13 ALTO TRUJILLO BARRIO 2 A - EL PORVENIR',NULL,'961717573',NULL,'1','1',1,NULL,'2017-10-24 04:42:31','2017-10-24 04:42:31'),(188,'DENIS ENRIQUE','FLORES','LOPEZ',NULL,'h','1011101911','piscis_1816@hotmail.com','$2y$10$bktp4mNH9U0E0.tvjscjdeag1w6nCR2vjscoAeuE6MdhNJaDXP3Pu','leoncio prado mz-14 lt-12 sectorlll el milagro','382144','979934051',NULL,'1','1',1,NULL,'2017-10-24 04:42:31','2017-10-24 04:42:31'),(189,'KATHERIN VANESSA','FLORES','MENDIETA',NULL,'m','1041100312','vanessita_flores_mendieta@hotmail.com','$2y$10$Covp3wOomlN9flY/fi4sw.Dq89FkVEQlSbhQ7ShQavQzXsk7p3/Ke','ALTO TRUJILLO MANZANA Ñ LOTE 18 BARRIO II','479648','995951590',NULL,'1','1',1,NULL,'2017-10-24 04:42:31','2017-10-24 04:42:31'),(190,'JUDITH ARACELY','FLORES','NUREÑA',NULL,'m','1511102716','aracely_love_baby@hotmail.com','$2y$10$esfQZsI5bitPwkLCikzUXeuwcxwvBr99PHvWKp3FSCWr0oLQj80Bm','LOS REYES 802 - LA ESPERANZA',NULL,'989417888',NULL,'1','1',1,NULL,'2017-10-24 04:42:31','2017-10-24 04:42:31'),(191,'GIANELLA LIZBETH','FLORES','ZAVALETA',NULL,'m','1511101517','griselitaz_librra96@hotmail.com','$2y$10$omChrI1zJeUpLgUYp/sGZ.5YvldWWs0293HETzi436WKokCGSFR0W','CALLE 8 DE SETIEMBRE 933PP.JJ FLORENCIA DE MORA','966878161','938200555',NULL,'1','1',1,NULL,'2017-10-24 04:42:31','2017-10-24 04:42:31'),(192,'YOAO MIGUEL FABIAN','FLORIAN','ALVA',NULL,'h','1511102517','fabian559@hotmail.com','$2y$10$WSPSFEx03RZ0APtql2/0v.MjQFBL6wui0VnGnc1kvk./OYAsebsWm','Ca. Las Gaviotas 1124, Dpto. 202 - Urb. Los Pinos','44288565','956764448',NULL,'1','1',1,NULL,'2017-10-24 04:42:31','2017-10-24 04:42:31'),(193,'GLADYS ISABEL','GALLIANI','HUAMANCHUMO',NULL,'m','1051102913','gladys_igh1@hotmail.com','$2y$10$/cUpMkCSAsC5OWC3XSgf7OEWF1XeR8evE0uQaRDm5UKo1EeTi0ZO.','AV.VICTOR LARCO 394 BUENOS AIRES',NULL,'976431287',NULL,'1','1',1,NULL,'2017-10-24 04:42:31','2017-10-24 04:42:31'),(194,'JENNY GUADALUPE','GALVEZ','CHOMBA',NULL,'m','1041100114','jechme@hotmail.com','$2y$10$f.mozJ4dF9xyMUol0esxWesODp8n/NYXpmWu/RNEe/Vr2Bn3tZUl2','AV. 5 DE DICIEMBRE # 609 - GUADALUPE','981768132',NULL,NULL,'1','1',1,NULL,'2017-10-24 04:42:31','2017-10-24 04:42:31'),(195,'KEVIN ASLEYN','GAMBOA','VILLANUEVA',NULL,'h','1021100315','kgv_villanueva@hotmail.es','$2y$10$30elQ8g/q9VkRqM7eMyA9uGDlpxzHgcfuyTeNgt.Etp27LQcRhOvy','FRANCISCO LAZO 309 SANTO DOMINGUITO','995276255','995276255',NULL,'1','1',1,NULL,'2017-10-24 04:42:31','2017-10-24 04:42:31'),(196,'KELLY GIANNINA','GANOZA','CULQUI',NULL,'m','1051102412','kelly_lovecrazy@hotmail.com','$2y$10$due3GeAx4LxP0fLovARDZOs9NbvvOXRkn6xMBLLdOravU15vrjsfi','TUPAC YUPANQUI 589 - FLORENCIA DE MORA',NULL,'965655632',NULL,'1','1',1,NULL,'2017-10-24 04:42:31','2017-10-24 04:42:31'),(197,'LESLY FABIOLA','GARCIA','ARTEAGA',NULL,'m','1511101615','lesly_ga@hotmail.es','$2y$10$MyTbujJpcGoWSkT0jR4lLOrJkq83Y8EGP/aM.UM0vFUBbk/WNlmbW','AV. MONTEVIDEO A-3 BUENOS AIRES SUR',NULL,'961306239',NULL,'1','1',1,NULL,'2017-10-24 04:42:31','2017-10-24 04:42:31'),(198,'VILMA JHOVANA','GARCIA','CABALLERO',NULL,'m','1021102212','jcs94_2007@hotmail.com','$2y$10$GQj.tMSFo7GhDIPdXUHhmeBkmk2b1Vz0hCGhypdIhbP91soQnpxhG','PRLG.UNION 1379.DANIEL HOYLE','44211382','956542922',NULL,'1','1',1,NULL,'2017-10-24 04:42:31','2017-10-24 04:42:31'),(199,'WENDY ELIZABETH','GARCIA','DEPAZ',NULL,'m','1021101615','wen_acuario_8@hotmail.com','$2y$10$JTntFp2jZT8RSRCQC2/dwucUFa7TmziHnPCezABFYEwVfVgyfGe.u','RAMAL PIZUN CAMPIÑA DE MOCHE S_N',NULL,'990904025',NULL,'1','1',1,NULL,'2017-10-24 04:42:31','2017-10-24 04:42:31'),(200,'ABIGAIL TEHINA','GARCIA','GUEVARA',NULL,'m','1511103215','abigail_g95@hotmail.com','$2y$10$R3TcDTbHK9TRpvRSGefZbuh89GK/xPputoL2/o50QhaUt0/ENTXyW','SECTOR BARRIO III B MZ. K LTE. 7 EL PORVENIR',NULL,'969088253',NULL,'1','1',1,NULL,'2017-10-24 04:42:31','2017-10-24 04:42:31'),(201,'YESICA PAOLA','GARCIA','RODRIGUEZ',NULL,'m','1021101511','yesi6_601@hotmail.com','$2y$10$wboXvGlNE1jCRtfvSu6v8uYCUace/rzUNWBfdV0cG2e5znZX1JlEu','CONACHE S/N - LAREDO',NULL,'999431463',NULL,'1','1',1,NULL,'2017-10-24 04:42:31','2017-10-24 04:42:31'),(202,'ESTHEFFANY DEL PILAR','GARCIA','ROJAS',NULL,'m','1051102916','pilar_aries_98@hotmail.com','$2y$10$BQmyh69JzXwQdvHzvbdrVOiVIoeVeEIkPmPTG3RpiKTg392iA7.Bq','CALLE MANUEL AREVALO 330 VICTOR RAUL-EL PORVENIR',NULL,'948190449',NULL,'1','1',1,NULL,'2017-10-24 04:42:31','2017-10-24 04:42:31'),(203,'LUCERO ESTHEFANY','GARCIA','ULLOA',NULL,'m','1511103015','aries_34_2009@hotmail.com','$2y$10$ircByzjUa7lukcCiyGjL0u9RrJD1nbQlnWScGKljfjhIue45fmw.e','CESAR VALLEJO 1627',NULL,'945366467',NULL,'1','1',1,NULL,'2017-10-24 04:42:31','2017-10-24 04:42:31'),(204,'ABELARDO','ABAD','GIRON',NULL,'h','1051101317','clafer_2015@hotmail.com','$2y$10$xy4x4A6Joq.Mg0iWLQ4ZMuQdFn2SvHDQJVxD4ZCRjAfLpuGGntMmm','URB. SAN ANDRES MZ A1 LT 11 VICTOR LARCO','44537866','954319757',NULL,'1','1',1,NULL,'2017-10-24 04:42:31','2017-10-24 04:42:31'),(205,'JHORDY ALDAIER','ABANTO','CASTILLO',NULL,'h','1011101916','aldaier_98@hotmail.com','$2y$10$IKb1QfMfyIKcAT6HlcWyZO/HzqoJYmrpiR3jsX8GdamRJ6aR7Ye2y','CALLE LUIS DE LA PUENTE UCEDA MZ. A-14 LT. 14','214837','945339502',NULL,'1','1',1,NULL,'2017-10-24 04:42:31','2017-10-24 04:42:31'),(206,'JORDY JEREMI','ABANTO','REYES',NULL,'h','1021102112','grone_93_geminis@hotmail.com','$2y$10$fwVOfxRc6uPgaRY5QKn9Gub39BKSEAFBT7CC9cxi.vw/fZwYCoFwK','CALLE VICTOR RAUL S/N C.P. MACABI BAJO','44271279','971203520',NULL,'1','1',1,NULL,'2017-10-24 04:42:31','2017-10-24 04:42:31'),(207,'ESTHER DEL ROCIO','ABANTO','ROBLES',NULL,'m','1041100415','rocio.love17@hotmail.com','$2y$10$g0.OHz4Ajk1WPg2ZHcFHrOEXcCYfjnugXSgIbWzizMtXcyyMi1EWO','MZ DV LT 6B CP ROMA',NULL,'949594137',NULL,'1','1',1,NULL,'2017-10-24 04:42:31','2017-10-24 04:42:31'),(208,'EVELYN SOLANHS','ACERO','RODRIGUEZ',NULL,'m','1051100117','solansh_11_99@hotmail.com','$2y$10$ZxRLyBVzmK6RfR8lWuY2kuYE11AULnJtdIb/MeJM7mZpNF0Qwq2Mm','ANDRES BELAUNDE 354 URB. EL BOSQUE','976038041',NULL,NULL,'1','1',1,NULL,'2017-10-24 04:42:31','2017-10-24 04:42:31'),(209,'KATIA JHASMIN','ACUÑA','SIFUENTES',NULL,'m','1051101813','sofi_loff18@hotmail.com','$2y$10$7QApLBieZSBu/Q7IwhBa2eYgTsujoYpM2XMWnTNtriJSejRp/U03S','CRISTOVAL DE MOLINA 236',NULL,'970312121',NULL,'1','1',1,NULL,'2017-10-24 04:42:31','2017-10-24 04:42:31'),(210,'EDWIN ERNESTO','ACUÑA','TARRILLO',NULL,'h','1051102716','edwinacunatarrillo@gmail.com','$2y$10$NfCAAq2O.c.tfzhycIPbwuV7rSvBhoaS/96owtJQEf5aHvIfmg47y','JIRON MANCO CAPAC 1005-AROMO BAJO','44662684','961618638',NULL,'1','1',1,NULL,'2017-10-24 04:42:31','2017-10-24 04:42:31'),(211,'DIANA LUCIA','ACUÑA','TRUJILLO',NULL,'m','1511100515','diana_lu_1998@hotmail.com','$2y$10$TZSrtDm27sXfiVzR76TvMeMedd8a0PJX5Xyxc6TzZWkcHf28H1ps6','AV. LIBERTAD 215','985777457','934649659',NULL,'1','1',1,NULL,'2017-10-24 04:42:31','2017-10-24 04:42:31'),(212,'MARIO ANDRES','ADRIANZEN','TOLENTINO',NULL,'h','1051102512','mario_adrianzen_94@hotmail.com','$2y$10$eIdPHbHIdvG0XDIi6LKKKe7UwOjR7XFtmXHmvQnKXpQekbCiAevj2','AMARILIS 671 URB PALERMO','44537182','961386978',NULL,'1','1',1,NULL,'2017-10-24 04:42:31','2017-10-24 04:42:31'),(213,'VANESSA ALEXANDRA','AGUILAR','ARTEAGA',NULL,'m','1451100317','aguilarvanessa501@gmail.com','$2y$10$b.XD/zDhy48pQ3dnmBFOd.RQcHJwkcyr3UdwjWEAaep6BIqsKSBNe','MANUEL UBALDE 856 EL PORVENIR','539917','948732403',NULL,'1','1',1,NULL,'2017-10-24 04:42:31','2017-10-24 04:42:31'),(214,'PAUL ESTEWARD','AGUILAR','JULCA',NULL,'h','1051100115','peaj_29@hotmail.com','$2y$10$0UbD5oOUriZ778zW1dBUju83iA01G5ZQrJOmyE.7Y/BlAbIKyX2Mu','AV. INDUSTRIAL MZ B LOTE 1 CARTAVIO','944954726',NULL,NULL,'1','1',1,NULL,'2017-10-24 04:42:31','2017-10-24 04:42:31'),(215,'JAYRO MANUEL','AGUILAR','LARRAONDO',NULL,'h','1511100514','caroly.al01@gmail.com','$2y$10$B8r5K5pZzNbAO6KRAWCa7e1EITwg0cG5Y.OsddEu94OlzzFoSVsgu','MZ.R LOTE 11 ALTO TRUJILLO BARRIO 1','44380776','951734452',NULL,'1','1',1,NULL,'2017-10-24 04:42:31','2017-10-24 04:42:31'),(216,'YUSARA SUGEY','AGUILAR','LOPEZ',NULL,'m','1511102217','yusarasugey.aguilarl@gmail.com','$2y$10$67S75I/ZA4yxiA7FiZswweS4m9GxqUYo7jhbAx9ho.TqTVc8sQrvi','ALTO TRUJILLO BARRIO VI A MZ Ñ LT.6',NULL,'973770877',NULL,'1','1',1,NULL,'2017-10-24 04:42:31','2017-10-24 04:42:31'),(217,'DIANA MARYSOL','AGUILAR','PAREDES',NULL,'m','1051102712','diana_sweeth19@hotmail.com','$2y$10$K76AHXtPjUAQwWcvEvWDtOLfeIRw6lfxXbjsVITFx4zxQl9Y3kDpC','CALLE JOSE CRESPO 1386','410133','983979394',NULL,'1','1',1,NULL,'2017-10-24 04:42:31','2017-10-24 04:42:31'),(218,'VERONICA MILAGRITOS','AGUILAR','REYES',NULL,'m','1451100215','Veronica.Milagritos.Aguilar@hotmail.com','$2y$10$LdqHGLgby4Z5n0w1qbSoCOcFtlZHWxR.gWBGQaitHtfQWnGWBBsVe','CHIQUITOY ASENT.H.AMARU MZ.GLT.6','980185558',NULL,NULL,'1','1',1,NULL,'2017-10-24 04:42:31','2017-10-24 04:42:31'),(219,'JOSE LUIS','AGUIRRE','RODRIGUEZ',NULL,'h','1011100814','jose_ryaasesoresdeseguros@hotmail.com','$2y$10$JLjssf4Bo01YI8fXWHT82u6LILHr0kAhvoIc9Oa1GGFmXcQ/phZwS','PASAJE FORTUNATO HERRERA 561 URB CHIMU','44215832','987153064',NULL,'1','1',1,NULL,'2017-10-24 04:42:31','2017-10-24 04:42:31'),(220,'EVELYN MARICRUZ','AGUIRRE','VELASQUEZ',NULL,'m','1021101015','evelin_av_112@hotmail.com','$2y$10$I1ZOWaSRD/n9L/1oB0FVJe31K3sx3exI45l9WqXx7ogaaD01wIeam','URB. COVICORTI LT. 8 MZ. 3','44281567','973325433',NULL,'1','1',1,NULL,'2017-10-24 04:42:31','2017-10-24 04:42:31'),(221,'RORY ANTHONY','AGUIRRE','VELASQUEZ',NULL,'h','1021102114','nachosyo_23@hotmail.com','$2y$10$QIsFmq8Zwic5JxxG3E2ywuUlm9DSnuAH3zNAuqG049aD51oE0XC5i','CALLE GALLARDO 113','973310442',NULL,NULL,'1','1',1,NULL,'2017-10-24 04:42:31','2017-10-24 04:42:31'),(222,'ZAYRA JHOSSELYN','ALARCON','PAREDES',NULL,'m','1011100517','zayra.1998@hotmail.com','$2y$10$BzVjszRci5oreLJxRlDcoulKncV4kpyI254zPzFB0BsfASEIqNuHG','A.V 21 DE SETIEMBRE LAS AMERICAS MZ.B LOT.4','996160229',NULL,NULL,'1','1',1,NULL,'2017-10-24 04:42:31','2017-10-24 04:42:31'),(223,'WILY EDGARDO','ALAYO','MENDOZA',NULL,'h','1011100112','wily.quimico@gmail.com','$2y$10$CnT6lnNHmGgHyqfqR9.AouhbeYfVsoAgrEUM5zuMldh64eFzoZ/p6','Av.Juan Pablo II Mz C lt 3 frente a liberación social','44611387','954773180',NULL,'1','1',1,NULL,'2017-10-24 04:42:31','2017-10-24 04:42:31'),(224,'TANIA JAMILE','ALBURQUEQUE','SANCHEZ',NULL,'m','1051100216','jamile.as.97@hotmail.com','$2y$10$H0PDMmj6tlLtQOrab2mQnemsxzWxqnZayFdpvovSB2I82aNOmhCRi','URBA. LA ALAMEDA DE HUANCHACO MZ. H LT.06',NULL,'969531758',NULL,'1','1',1,NULL,'2017-10-24 04:42:31','2017-10-24 04:42:31'),(225,'KATHERINE NATALIA','GERMAN','AVILA',NULL,'m','1021101912','katy_01_naty@hotmail.com','$2y$10$6/S8qhYVqjS5uXvnZGZ4s.5XGmeoUvvBP1DOqrbS3iWFmFLla4IW.','MAYTA CAPAC 656','444789','958503736',NULL,'1','1',1,NULL,'2017-10-24 04:42:31','2017-10-24 04:42:31'),(226,'LUCINDA JUANITA','GERVACIO','OTINIANO',NULL,'m','1511101117','gervacio202@hotmail.com','$2y$10$0QQlXsYpL2Ngkn1FEO3r6uN5iyXJz1yDT.y9Dqssb9rGzYqPmxfY.','CALLE 08 DE SETIEMBRE 130A FLORENCIA DE MORA',NULL,'986439038',NULL,'1','1',1,NULL,'2017-10-24 04:42:31','2017-10-24 04:42:31'),(227,'NADIA LORENA','GIL','PRADO',NULL,'m','1011101714','nadiagp2907@gmail.com','$2y$10$2ifM1k70KjRYPrZefkw6Xe8YeuGNjeK6vVYdzVgPiWVM38kxB7N6q','TUPAC YUPANQUI 645 URBANIZACION SANTA MARIA - TRUJILLO','227455','951890087',NULL,'1','1',1,NULL,'2017-10-24 04:42:31','2017-10-24 04:42:31'),(228,'JENNER OMAR','GIL','VELASQUEZ',NULL,'h','1011101011','jener_17@hotmail.com','$2y$10$7EmNY5xUCoDSVIDGpU/SBeB3m6iM4vjTuyxN5xFGLrjWzj7TDri0.','jose olaya 1793','44400344','976501419',NULL,'1','1',1,NULL,'2017-10-24 04:42:31','2017-10-24 04:42:31'),(229,'ARNOLD MANUEL','GOMEZ','ALVA',NULL,'h','1511100314','gomezalvaarnold@gmail.com','$2y$10$V8byTZ0D1FIZSPH2kgtRxu6dNHoxKxgz3dPYyxae3buaS6DV3L1f2','HUAYNA CAPAC 458 URB. SANTA MARIA','992722454','992722454',NULL,'1','1',1,NULL,'2017-10-24 04:42:31','2017-10-24 04:42:31'),(230,'EMILY NOHELY','GOMEZ','CUEVA',NULL,'m','1021101914','egomezcueva@gmail.com','$2y$10$/iOjfqxoc3Otd1f84wrCP.44KNGHM7u3Zu.VcNJv/MsaFDVq/yV66','Av. España 124','956291122',NULL,NULL,'1','1',1,NULL,'2017-10-24 04:42:31','2017-10-24 04:42:31'),(231,'MARILYN STEFFANNIE','GOMEZ','CUEVA',NULL,'m','1021102414','gomezcmarilyn@gmail.com','$2y$10$QjEQtgbu80NUwg8FZGiDg.NJcKLzpJEXGPEkGr8zmegNIswn87Bnm','COVICORTI X3 LOTE4',NULL,'941825209',NULL,'1','1',1,NULL,'2017-10-24 04:42:31','2017-10-24 04:42:31'),(232,'MAYCOL','GOMEZ','DOMINGUEZ',NULL,'h','1511100414','elfo_125@hotmail.com','$2y$10$cKS/3jeYbTQdUfOI1uH3s.boqhnePavqoKJo4DMhQhHoXa7xgvpbi','AV.PANAMA 569','948424293',NULL,NULL,'1','1',1,NULL,'2017-10-24 04:42:31','2017-10-24 04:42:31'),(233,'GERALD AUGUSTO','GOMEZ','SARACHAGA',NULL,'h','1511101917','gerald_balbol@hotmail.com','$2y$10$Z5r49h7b516YA8m0JB88VucBvZJ5hoBZVBlLuhCnBU0Mm.f9e6jgi','AV. HONORIO DELGADO 582 URB. EL BOSQUE','44212260','950623100',NULL,'1','1',1,NULL,'2017-10-24 04:42:31','2017-10-24 04:42:31'),(234,'MARIA CAROLINA','GONZALES','LA CUNZA',NULL,'m','1511102013','mariagon1805@hotmail.com','$2y$10$NyaLf0w5dASsjtn//hasMeK3CYhE4aDazx1VZB/yWT.ZTDWJJJ5Fy','FLORENCIA DE MORA 8 DE SETIEMBRE 1758','999711218','999711218',NULL,'1','1',1,NULL,'2017-10-24 04:42:31','2017-10-24 04:42:31'),(235,'ALDAIR JUNIOR','GONZALES','LOZANO',NULL,'h','1011101913','aldair_960@hotmail.com','$2y$10$6kzKGLnNKTAU5tCWtNWr1uVrusz1yQ4vS1zdalwDB9Pzyne1hbWzi','JOSE DE LA RIVA AGUERO NÂ° 1300',NULL,'952317317',NULL,'1','1',1,NULL,'2017-10-24 04:42:31','2017-10-24 04:42:31'),(236,'LUCIA GEORGINA','GONZALES','MENDEZ',NULL,'m','1021101516','sarangh16@hotmail.com','$2y$10$1uRUYMrDhhe3ckqQHUkzMOU6.z.vpryKCoLKyN/1hTVsJhekJqJhC','JR. SANCHEZ CARRION 488 VISTA ALEGE',NULL,'978786473',NULL,'1','1',1,NULL,'2017-10-24 04:42:31','2017-10-24 04:42:31'),(237,'EDMAR JEANPIERE','GONZALES','ZAVALETA',NULL,'h','051102710','edmar_goza_tk@hotmail.com','$2y$10$Q5o9.HN1HmxDTQkH1p2FfuLiUA/2nKDRh7kBB3LtCfb0EP2KRBT.C','Calle San Andres # 321',NULL,NULL,NULL,'1','1',1,NULL,'2017-10-24 04:42:31','2017-10-24 04:42:31'),(238,'LAURA SELENE','GONZALEZ','RIVERA',NULL,'m','1021101311','lasegori_20@hotmail.com','$2y$10$umQVY/kRWEh.HWmfVxlz4umOKLftjZKJMPrgT.r3oZWTrAt3qTIEK','URB. LA MERCED MANZANA H LOTE 12','284785','944024296',NULL,'1','1',1,NULL,'2017-10-24 04:42:31','2017-10-24 04:42:31'),(239,'FIORELLA','GRANDEZ','VELASQUEZ',NULL,'m','1511102812','fiogv_love@hotmail.com','$2y$10$U0YwWtgbQwVaT4DJm7MAPumZRGkjWKGN4.n0rZFYlmKcfpAz69qFy','MZ H LT12 - URB.MONSERRATE','207504','999050281',NULL,'1','1',1,NULL,'2017-10-24 04:42:31','2017-10-24 04:42:31'),(240,'LUCY MIRIAN','GRAOS','AVILA',NULL,'m','1511100716','lumi_abhl@hotmail.com','$2y$10$9PKHxW3FrltViBozb6C7ze4yukqAVYSIG2I7oRS9MwmmBGGIKAnqC','CALLE EL PROGRESO 330',NULL,'973303007',NULL,'1','1',1,NULL,'2017-10-24 04:42:31','2017-10-24 04:42:31'),(241,'ANGELICA DAGMARALI','GUANILO','DELGADO',NULL,'m','1511101014','aligd_acuario@hotmail.com','$2y$10$iYg2gFUiobOi1I3I5EJ/e.rJVpxKQ5icy1VNT643lW30tVbZn8/Ra','AV. INDOAMERICA A - 37 URB. PARQUE INDUSTRIAL',NULL,'941310429',NULL,'1','1',1,NULL,'2017-10-24 04:42:31','2017-10-24 04:42:31'),(242,'LAURA MARYORI','GUANILO','SILVA',NULL,'m','1051100816','maryori_love_libra@hotmail.com','$2y$10$1fpsTS5A0HkUjtw.VsSNduJOSiIddXdNWO/rVHaeaKbVKu6wDxNty','AV SANCHEZ CARRION #1200 EL PORVENIR',NULL,'994463962',NULL,'1','1',1,NULL,'2017-10-24 04:42:31','2017-10-24 04:42:31'),(243,'ANGIE ASTRID','GUARNIZ','AYME',NULL,'m','1021101816','angi_guarniz@yahoo.com','$2y$10$YqEFFohM2owS6HgGXn1BxOZ1tGxdWNgLy7jUmXqwX4uFxXoZgdTle','ASENT.H. WICHANZAO SECTOR 2 MZ. 35 LT. 16',NULL,'930388864',NULL,'1','1',1,NULL,'2017-10-24 04:42:31','2017-10-24 04:42:31'),(244,'PAOLA JUDITH','GUERRA','JULCA',NULL,'m','1511101214','paojudith.08@gmail.com','$2y$10$8Lt0KzAofbY/i/dtPX3z7OCO2NBDiKFrJQfmBJ599Tnn915nw73DC','AV.GRAN CHIMU 625 LA ESPERANZA','615659','992533091',NULL,'1','1',1,NULL,'2017-10-24 04:42:31','2017-10-24 04:42:31'),(245,'GLORIA SUSANA','GUEVARA','ANGULO',NULL,'m','1521100212','susii_2_7@hotmail.com','$2y$10$nP/8EX.4ry98PLMbq38BouX8NgqQnN7Nqs7xbSS8V4Rt.3tpbKYuy','MZ B26 LTE 32 AV. CAHUIDE LA ESPERANZA',NULL,'969191029',NULL,'1','1',1,NULL,'2017-10-24 04:42:31','2017-10-24 04:42:31'),(246,'GELISETH PAOLA','GUEVARA','CHONLON',NULL,'m','1021101314','bellanocheazul@hotmail.com','$2y$10$PFJuKxwqsrrOtem9skll9.X01hqk3ChCxuzjW0G0OSb.v3sVqUz9G','VILLA INDUSTRIAL MZ.20 LT.9-EL MILAGRO','972857952','972875952',NULL,'1','1',1,NULL,'2017-10-24 04:42:31','2017-10-24 04:42:31'),(247,'MARIA MIREYA','GUEVARA','CUEVA',NULL,'m','1021101616','denis.tk@hotmail.com','$2y$10$raYoRWE80zBYjKfk4qCH/e7zKdh8BYiCZXnphDNEiWhVBKx1gQ4l6','CALLE JOSE LA MAR ALTO SALAVERRY MZ. O LT. 8',NULL,'935629599',NULL,'1','1',1,NULL,'2017-10-24 04:42:31','2017-10-24 04:42:31'),(248,'KATHERINE MILAGRO','GUEVARA','DE LA CRUZ',NULL,'m','1051101313','katmill_14@hotmail.com','$2y$10$o3spfXGjWYP4DR3JyUK66uoSfgAwAROP8xc6OxNAYBx8SYnxLzqC6','TUPAC AMARU MZ 82 LT 15 FUJIMORI',NULL,'944411710',NULL,'1','1',1,NULL,'2017-10-24 04:42:31','2017-10-24 04:42:31'),(249,'PAUL JAIRO','GUEVARA','IZQUIERDO',NULL,'h','1021101513','guevara_paul@hotmail.com','$2y$10$IMQDx.DLpk08S9.N50eQ2eBkl2r4giv3t4jNLM7im4oSE/QoD436i','AV JAIME BLANCO1960','948187290',NULL,NULL,'1','1',1,NULL,'2017-10-24 04:42:31','2017-10-24 04:42:31'),(250,'HILTON MIGUEL','GUEVARA','OTINIANO',NULL,'h','1021101011','hilton_mgo@hotmail.com','$2y$10$VNRTzEdX0zhadYkEoG43n.knMcP4641ylNX3IX5m.GNTMnvNChKce','Rafael Sancio 347 - URB. EL BOSQUE','44621438','981555229',NULL,'1','1',1,NULL,'2017-10-24 04:42:31','2017-10-24 04:42:31'),(251,'KAROL ANABEL','GUEVARA','SEBASTIAN',NULL,'m','1521100115','anabel_26_01@hotmail.com','$2y$10$GDBBZzWYJWa2aPVeMmA7GOpXsii1oKJOa0Al/W1hOT5xqejwLYYoi','CALLE LA INDEPENDENCIA # 1968','374006','953131760',NULL,'1','1',1,NULL,'2017-10-24 04:42:31','2017-10-24 04:42:31'),(252,'ALICIA MARIELLA.','GUILLEN','CAMPOS',NULL,'m','1051101214','amariella17@gmail.com','$2y$10$VgUttfQbgt5mpAQ/eYi0jO.lX4keoK0psJhr8hC.d1i.e9Qy3U0O2','AV.HONORIO DELGADO MZ.O LTE.6 URB.EL BOSQUE',NULL,'959971282',NULL,'1','1',1,NULL,'2017-10-24 04:42:31','2017-10-24 04:42:31'),(253,'YURACI','GUTIERREZ','C0NTRERAS',NULL,'m','1051102614','naggi_18_7@hotmail.com','$2y$10$nknHlBxWV5Vs2K3CTM2llefYD1t2yBUOZy18l7L5vL36ihnfulvsa','MZ C45 LT 35 M.AREVLO III TAPA','949393666','949393666',NULL,'1','1',1,NULL,'2017-10-24 04:42:31','2017-10-24 04:42:31'),(254,'VALERIA VANESSA','GUTIERREZ','CORDOVA',NULL,'m','1051101917','valeriagutierrezcordova@gmail.com','$2y$10$nuGiylKKbFkpvvAGLV5UQemNGOjQbJGUFxXKoca5OUwKW/bj2fUom','CALLE GRAN CHIMU 1251 - LA ESPERANZA','974866802','974866802',NULL,'1','1',1,NULL,'2017-10-24 04:42:31','2017-10-24 04:42:31'),(255,'LEYCNER JHOSSET','GUTIERREZ','ORBEGOZO',NULL,'h','1011101317','leinerorbegoso25@gmail.com','$2y$10$wamBNqGKwoy1EMWex9mt2uM4FUhQImRlcjC/.9ctYt8p3bfcUXcUi','31 DE ENERO 657 - FLORENCIA DE MORA','948292413','940264605',NULL,'1','1',1,NULL,'2017-10-24 04:42:31','2017-10-24 04:42:31'),(256,'CRISTHIAM ARTURO','GUTIERREZ','SALAZAR',NULL,'h','1011100115','cris_guti01@hotmail.com','$2y$10$ooxFSPOAd36WWGaoUfg5fOzvNMB9FvC1cm.AWLUTGrUNrv7JW12KG','PANAMERICANA NORTE 513 PUENTE VIRU',NULL,'979984280',NULL,'1','1',1,NULL,'2017-10-24 04:42:31','2017-10-24 04:42:31'),(257,'ROSA KATHERINE','GUTIERREZ','VALDERRAMA',NULL,'m','1511102414','eminem_18mza@hotmail.com','$2y$10$8F90vZv2F9UNMEv2f2YoSeR9Qg8s9H6SdpeMZPHzmY47krVMDLghu','LIBERTAD 124',NULL,'964491864',NULL,'1','1',1,NULL,'2017-10-24 04:42:31','2017-10-24 04:42:31'),(258,'LILIA','GUTIERREZ','VALDIVIESO',NULL,'m','1511102117','tauroli13@hotmail.com','$2y$10$usF5axrLOJILio5ACBhkCe2WqldO1Hr9/Hc0gy.8ZbR/rEowfJzPu','Mz. 33 Lote 5 AA.HH. Nuevo Porvenir',NULL,'998920044',NULL,'1','1',1,NULL,'2017-10-24 04:42:31','2017-10-24 04:42:31'),(259,'CLAUDIA SOFIA','GUZMAN','BURGOS',NULL,'m','1511102713','claudia_gb_12@hotmail.com','$2y$10$DJJg4UgrBWnszFRTVAA1yeowtt.ye.b7yuzXFBA4tmuDsFyTM.gli','SECTOR SAN CARLOS-HUANCHAQUITO MZ.F LT. 07','650306','973072650',NULL,'1','1',1,NULL,'2017-10-24 04:42:31','2017-10-24 04:42:31'),(260,'KELY ROCIO','HARO','VEGA',NULL,'m','1511102615','kely_haro25@hotmail.com','$2y$10$kukGLN6PL20fWdSZ8dv2T.nIqBMiBd7.BzAsKHfWPRublAu9ifnGC','A.H. MANUEL SEOANE CORRALES MZ.22 LT.42 LA ESPERANZA','237997','924335555',NULL,'1','1',1,NULL,'2017-10-24 04:42:31','2017-10-24 04:42:31'),(261,'JUAN WILFREDO ROMAN','HERNANDEZ','DIAZ',NULL,'h','1511100917','juanwilfredo.20@hotmail.com','$2y$10$Uyq/hUdF9z/hxf43oBoOEueYX6/HsLog7f3FGF3W9kqyLJhmPYbVe','JR. FRANCISCO DE ZELA Nº 436','614761','933739229',NULL,'1','1',1,NULL,'2017-10-24 04:42:31','2017-10-24 04:42:31'),(262,'JHOJAN LENIM','HERRERA','CASTRO',NULL,'h','1051102516','jhojan_2010gemenis@hotmail.com','$2y$10$r9TsnyPOvX8nqyfTIg.0.OYK5Et/GDm5UeZMjFq9U.knfnUzbuBx2','MZ A8 LT.54 III ETAPA URB.MANUEL AREVALO','697684','961567443',NULL,'1','1',1,NULL,'2017-10-24 04:42:31','2017-10-24 04:42:31'),(263,'FRANK JEFERSON','HERRERA','RODRIGUEZ',NULL,'h','1051103114','jefry_796@hotmail.com','$2y$10$dpUbHZGgpfIPNHWMfFP9.u2jFjR8aOP1HH6uy3YCr1vmKt0OJFmS.','JR. LOS INCAS 467','968680709',NULL,NULL,'1','1',1,NULL,'2017-10-24 04:42:31','2017-10-24 04:42:31'),(264,'KARLA CECILIA','HERRERA','RODRIGUEZ',NULL,'m','1011101612','canela_rbd1@hotmail.com','$2y$10$TyTktX08vA.Eht5QU3XjmuuZT/Bhjkab/6rqW5uvjWOuXrQ2pmRu.','LOS ROSALES DE SAN ANDRES - MZ Ñ 5 - LOTE 12','774275','943744051',NULL,'1','1',1,NULL,'2017-10-24 04:42:31','2017-10-24 04:42:31'),(265,'EMILY MARIBEL','HILARIO','HERMENEGILDO',NULL,'m','1451100116','emilyhilario@hotmail.com','$2y$10$xswlodFVSN2sul2OrP4Jfu2rVHqs8fLYGrk6.f2/TUTyEwiQhuBgC','AV. PUCARA MZ.I LT.5 INT.15',NULL,'949585973',NULL,'1','1',1,NULL,'2017-10-24 04:42:31','2017-10-24 04:42:31'),(266,'CAROLINA PRINCE','HILDEBRANDT','PEREZ',NULL,'m','1021100414','carolina_prince21@hotmail.com','$2y$10$eNkAe4jIACNHwPBlX.dhEu66nkuHDLgCU34InjzpU/21Ei0r6DXCW','JORGE CHAVEZ Nº216',NULL,'951831315',NULL,'1','1',1,NULL,'2017-10-24 04:42:31','2017-10-24 04:42:31'),(267,'MADELEINE VANESSA','HORNA','PINEDO',NULL,'m','1051103113','vaneza_10_aries@hotmail.com','$2y$10$Dx73xKRgAaa3Bz3XV6lzZ.z5MOO1ZmMo9elVdvjufq8ZbXGN/1cNi','AV. CARLOS WIESSE N°938 URB. SANTO DOMINGUITO',NULL,'948199546',NULL,'1','1',1,NULL,'2017-10-24 04:42:31','2017-10-24 04:42:31'),(268,'ALEXSANDRA MILAGRITOS','HORNA','RODRIGUEZ',NULL,'m','1511101513','ami_1_93@hotmail.com','$2y$10$LIIdpngOaZ2QfFKif03lyOrIFoFdertm0g0d/fPwYBmP68.p3sJRy','HIPOLITO UNANUE 167 - SECTOR RIO SECO BARRIO 3',NULL,'949643546',NULL,'1','1',1,NULL,'2017-10-24 04:42:31','2017-10-24 04:42:31'),(269,'NOELIA JUDITH','HOYOS','SANCHEZ',NULL,'m','1511101314','judith-hoyos@hotmail.com','$2y$10$3aazJ.x/SPiACewWKYWkaOqlF.Gp127BhwKO2.L5Le/HHzw4R/Eoy','CALLE ANDRES MARTINEZ 148','949521857',NULL,NULL,'1','1',1,NULL,'2017-10-24 04:42:31','2017-10-24 04:42:31'),(270,'LIVER DEIVI','HUAMAN','ARMIJOS',NULL,'m','1011101212','star1922@hotmail.com','$2y$10$QSWT0DVoTDCDii/EuTW28ekqCYMGnH9NQmRVjaB7VjZ6YKhKOvpni','MZ 03 LT. 1 - URB. COVICORTI','388225','998003400',NULL,'1','1',1,NULL,'2017-10-24 04:42:31','2017-10-24 04:42:31'),(271,'JUAN FELIX','HUAMAN','CASTILLO',NULL,'h','1051101711','juan_2005_338@hotmail.com','$2y$10$e/Sn/cq2gqUPXNsmSc.xXeaatWeqDm8QvdupNgAXeS/B9abuG3ySO','CALLE ALBERT EINSTEN Nº 478 - URB DANIEL HOYLE','388150','949020583',NULL,'1','1',1,NULL,'2017-10-24 04:42:31','2017-10-24 04:42:31'),(272,'MAIRA FIORELLA','HUAMAN','REYNA',NULL,'m','1021100815','maira_sagitario_14@hotmail.com','$2y$10$dUrEDesgWasoo3i525RVr.3lcz2r9Ou47VaOcpoZQ0zDNS2nIFws.','FRANCIZCO DE BEJARANO 480 EL BOSQUE','950266873',NULL,NULL,'1','1',1,NULL,'2017-10-24 04:42:31','2017-10-24 04:42:31'),(273,'HELEN SILVANA','HUAYLLA','BRICEÑO',NULL,'m','1511102412','silvana_1a@hotmail.com','$2y$10$nPTXHZrLqKQvxLpLMqNPLeSYw5Y1AOn3Z6gjBLeu9JdrzokW01GES','29 DE AGOSTO NÂ° 1843 FLORENCIA DE MORA','210544','945268796',NULL,'1','1',1,NULL,'2017-10-24 04:42:31','2017-10-24 04:42:31'),(274,'ANA PAOLA','HUAYLLA','JARA',NULL,'m','1011101515','miau_pao@hotmail.com','$2y$10$2jxie3TnCmD5Ht9NTgl9jeMPdDY76FFLHqqxX07BrGP.ie8zAKOT2','SANTA ROSA 842','270215','990865874',NULL,'1','1',1,NULL,'2017-10-24 04:42:31','2017-10-24 04:42:31'),(275,'KATHYA LUCERO','HUERTAS','CASTILLO',NULL,'m','1021101017','kaluce04@hotmail.com','$2y$10$lMcNvFJwQs6LgMrACpOI5OFvT1o3VTZIokQdScD5ccZ7hXf0/1sFS','MZA M BLOCK B DPTO 502 VISTA HERMOSA','44286094','991001339',NULL,'1','1',1,NULL,'2017-10-24 04:42:31','2017-10-24 04:42:31'),(276,'JUSTO MIGUEL','HUERTAS','CORDOVA',NULL,'h','1011100217','migueljhs14@gmail.com','$2y$10$7UlUZha5eB00b6CYRbA46u/wlzHzPBEpuJMUiP5w1DVw0O0OVnsCK','MZ Ñ LOTE 26 A.A.H.H. ALAN GARCIA PEREZ','274270','933527509',NULL,'1','1',1,NULL,'2017-10-24 04:42:31','2017-10-24 04:42:31'),(277,'PEDRO RAFAEL','HURTADO','ALVARADO',NULL,'h','1051100112','hupal_19leo@hotmail.com','$2y$10$KVhZGKKIMjWUeYb.u6BcfO5CihycnZv7UjwV/C/d9fiwOQjd5LOA2','ELPORVENIR / LOS ANGELES #404','385067','972897633',NULL,'1','1',1,NULL,'2017-10-24 04:42:31','2017-10-24 04:42:31'),(278,'GLENDY','HURTADO','ROJAS',NULL,'m','1021101514','glendy11.ghr@gmail.com','$2y$10$hQ5ha33.HyaTEJQNlsKD1eFoSO.x2u47shW4EmctGczsEeo8f9nzG','AV. TUPAC AMARU 1632',NULL,'961912387',NULL,'1','1',1,NULL,'2017-10-24 04:42:31','2017-10-24 04:42:31'),(279,'KAREN JOSELIN','IBAÑEZ','REYES',NULL,'m','1021101911','lin_10_92@hotmail.com','$2y$10$lU5gIwWqGX4wR3cxONJU5eMY.JJy3s4lWwOcwhNvZUU0Dy1yK6UUa','JAIME BLANCO AA. HH. KUMAMOTO MZ. I - LT. 2 - EL P','386282','988251356',NULL,'1','1',1,NULL,'2017-10-24 04:42:31','2017-10-24 04:42:31'),(280,'LESLY LEONILA','INFANTES','RUIZ',NULL,'m','1051102212','izamari12@hotmail.com','$2y$10$3iD9gFmf6Vb48cZ9Mr7g8OUl35euvA33ka4ewHBQt14BWwr66RCGu','CALLE SANTA CRUZ N° 277 BARRIO CHICAGO','201207',NULL,NULL,'1','1',1,NULL,'2017-10-24 04:42:31','2017-10-24 04:42:31'),(281,'WENDY LUZ','INGA','BORJAS',NULL,'m','1051102213','wendy_inbo@hotmail.com','$2y$10$CVZO69lIZTjWHlcR6muuz.gXQQNLiMb721AsfNlCpUjZiIElXURBy','FRANCISCO FALCÓN 281 - URB. EL SOL','44624433','947884801',NULL,'1','1',1,NULL,'2017-10-24 04:42:31','2017-10-24 04:42:31'),(282,'MERLY YANET','IRIGOIN','GOICOCHEA',NULL,'m','1511102514','meruri28@hotmail.com','$2y$10$M5T/HxsKXLum7j4lMGJCfuqdKAVpNtCGkFAaB8eKC4ial57gQ1ouW','MZ. LT.16A EL MILAGRO SECTOR VI-A',NULL,NULL,NULL,'1','1',1,NULL,'2017-10-24 04:42:31','2017-10-24 04:42:31'),(283,'KANENY RENE','ISUIZA','POLO',NULL,'m','1521100117','k_nenyflower@hotmail.com','$2y$10$DWh7383fFkuVNeNNx42KYOED8uspZY32.1C7wi/gdC6ulVPgoSUrS','Monserrate Manzana B lote 3','663103','959077776',NULL,'1','1',1,NULL,'2017-10-24 04:42:31','2017-10-24 04:42:31'),(284,'JUAN JOSE','JACINTO','FERNANDEZ',NULL,'h','1051101311','juanjo_j_f@hotmail.com','$2y$10$uioyZak03X/3uC9oLlZIt.KCNc62VI9RiAuZghPn.RHhqu6F6M/1W','AVENIDA 29 DE DICIEMBRE 499-C- MONSERRATE',NULL,'975400389',NULL,'1','1',1,NULL,'2017-10-24 04:42:31','2017-10-24 04:42:31'),(285,'MARICARMEN JACKELYN','JAICO','CRUZ',NULL,'m','1511103014','atenas1507@hotmail.com','$2y$10$KHTcOALzSCaa8SHECIc9DOYr8FumeFKSO7IG85rDie7yr8zmcqJz.','SANTA ROSA 884 MIRAMAR',NULL,'962702973',NULL,'1','1',1,NULL,'2017-10-24 04:42:31','2017-10-24 04:42:31'),(286,'MARLY JESSICCA','JAICO','CRUZ',NULL,'m','1511100912','marly_2792@hotmail.com','$2y$10$0iozPfm91Tljv139LZF/EeaLSiYFOd9utAc2ZT9TNm18JyjvKkOvS','SANTA ROSA 884 - MIRAMAR','444650','986943056',NULL,'1','1',1,NULL,'2017-10-24 04:42:31','2017-10-24 04:42:31'),(287,'MAGALY SUSAY','JAIME','CAIPO',NULL,'m','1011100617','magalysusay@hotmail.com','$2y$10$RSMtsNVzbLZr93bpysemneeoQK38eDjMWFxoHo29IkCk2CMb1dW3m','CALLE SAN PEDRO 684 SANCHEZ CARRION LA LIBERTAD',NULL,'940781766',NULL,'1','1',1,NULL,'2017-10-24 04:42:31','2017-10-24 04:42:31'),(288,'LUISA MARLYNG','JARA','ROJAS',NULL,'m','1011100313','marlyng_jr@hotmail.com','$2y$10$Pu3aCqsi4oJzUzssza7uyOM0X/JLd01jDdcRwrvqnYeBIS7zDVX9q','LOPEZ ALBUJAR Nº 243 EL PORVENIR','410431','952057007',NULL,'1','1',1,NULL,'2017-10-24 04:42:31','2017-10-24 04:42:31'),(289,'LIVELY KATHY','JARA','SOLORZANO',NULL,'m','1011101415','li_kathy_js@hotmail.com','$2y$10$XkibGbYCpk9DLvk7tjagYuz9nfMW29KWhArusDIAab9q3IIROkcmu','CARRETERA INDUSTRIAL KM.559 LA ENCALADA','206436','984330847',NULL,'1','1',1,NULL,'2017-10-24 04:42:31','2017-10-24 04:42:31'),(290,'ESTHER MARGARITA','JOAQUIN','ORUNA',NULL,'m','511101109','rehtse_008@hotmail.com','$2y$10$SxYt/JUr6mgxxF1XUggtd.Qulopv7xU2siksLvau7sIxNgtnFBGr.','MZ. 39 LT. 9 - EL MILAGRO','242530',NULL,NULL,'1','1',1,NULL,'2017-10-24 04:42:31','2017-10-24 04:42:31'),(291,'YERSI HENRY','JUAREZ','PAJARES',NULL,'h','021101109','yersijp@hotmail.com','$2y$10$YG..80F31egooY9rjmKeGOm.nKOeVLndXN4vIFObmkUnidLk93Uka','Jr. Jerusalen #164-168','705172','948569354',NULL,'1','1',1,NULL,'2017-10-24 04:42:31','2017-10-24 04:42:31'),(292,'MIRIAM TATIANA','JUAREZ','SANCHEZ',NULL,'m','1051100316','juarezsan.09@hotmail.com','$2y$10$A2A0DqiUL/qAn3MnCkneYuyuOD551f0B9ldAcSQVr5d.ecTewHkuK','AV. PUMACAHUA 1672',NULL,NULL,NULL,'1','1',1,NULL,'2017-10-24 04:42:31','2017-10-24 04:42:31'),(293,'MARIA NATALI','JULCA','GONZALEZ',NULL,'m','1021100311','mia_pretty_j25@hotmail.com','$2y$10$T1YTiAT2g1pxG8xENeMujeeXEbL1yxvfW6RnFc7ebHRpTNSucbqgu','SEGUNDO CARBONEL MZ C LT 12','446349','970863404',NULL,'1','1',1,NULL,'2017-10-24 04:42:31','2017-10-24 04:42:31'),(294,'ANYELA CRISTEL','JULCA','LOPEZ',NULL,'m','1041100513','anyela_julc@hotmail.com','$2y$10$lTF9mRK9JrNQQzSbj1xoN.gKUSwCu6I7HbP3loxhwrkW9HK51WPO.','CALLE PARAGUAY 427 - URB. TORRES ARAUJO','44595569','968320062',NULL,'1','1',1,NULL,'2017-10-24 04:42:31','2017-10-24 04:42:31'),(295,'MADELEYNE MAKARENA','JULIAN','DAVALOS',NULL,'m','1051103213','kd_maca18@hotmail.com','$2y$10$TQ8N7WqU0lGUUR0AQCMz6.rbr3uPA2QSmvHlqMRPyetWvjTvukgae','ALFONSO UGARTE 1540-1542','44538160','964040722',NULL,'1','1',1,NULL,'2017-10-24 04:42:31','2017-10-24 04:42:31'),(296,'EVELYN SUJEILY','JULIAN','LEON',NULL,'m','1511103016','evelynjl@outlook.es','$2y$10$DL.QLTjv1XCPPZ/TsAvpreiS4s4xffF5XBk3519xzgj1tRV236xCa','ALTO TRUJILLO BARRIO 1 MZ. Q LOTE 2',NULL,'945777515',NULL,'1','1',1,NULL,'2017-10-24 04:42:31','2017-10-24 04:42:31'),(297,'EVELYN YESENIA','JULIAN','ROJAS',NULL,'m','1051103015','maesly_forever@hotmail.com','$2y$10$dmIb3QAwR5bdDkN7lnVfwerVY901/EcSdFNPDAwXo3JtfrerCeOPi','LUIS DE LA PUENTE UCEDA MZ 14 LOTE 14 PESQUEDA SEC','584277','949291335',NULL,'1','1',1,NULL,'2017-10-24 04:42:31','2017-10-24 04:42:31'),(298,'ALISON BRIGLLY','LA','TORRE CHAVEZ',NULL,'m','1051102517','brillo_n_16@hotmail.com','$2y$10$/0voLZ1PcDWBO3IbDUYTsOcqe4M0zRamlI3IWWScVPuKrWDITEGfO','URB. VILLA SANTA MARIA PISO 2 MZ. C LT. 34 - TRUJILLO','947910453',NULL,NULL,'1','1',1,NULL,'2017-10-24 04:42:31','2017-10-24 04:42:31'),(299,'ESTRELLA VANESSA','LACHOS','MIGUEL',NULL,'m','1511102313','vane02.95@hotmail.com','$2y$10$hREAURIl8gujeYERu7KdZuKCLeiujTfSIes/LYanCxq/5J9Xrh48a','CALLE 25 DE DICIEMBRE N°472-FLORENCIA DE MORA','44215500','993155683',NULL,'1','1',1,NULL,'2017-10-24 04:42:31','2017-10-24 04:42:31'),(300,'KATHERINE GUILIANA','LAURENTE','PACHAMANGO',NULL,'m','1011100813','kati_geminis_12@hotmail.com','$2y$10$nz3GPRwqgFjNY8nd376RD.HsxmAUedLTCGyEb.p1NOIPFEPUsxPq6','JOSE BEJAR 622 - EL PORVENIR','948699921',NULL,NULL,'1','1',1,NULL,'2017-10-24 04:42:31','2017-10-24 04:42:31'),(301,'CRISTIAN MANUEL','LAVADO','FONSECA',NULL,'h','1021101213','crismal_08_94@hotmail.com','$2y$10$bkMWHPFI4L9PBbnMEOLQdON0xvxX.Iv.HJ73Qjxexw6XreouRgirK','RAMON CASTILLA MZ 4 LT-1A AH EL MILAGRO','44270841','985414542',NULL,'1','1',1,NULL,'2017-10-24 04:42:31','2017-10-24 04:42:31'),(302,'JENY PAOLA','LAZARO','MUÑOZ',NULL,'m','1511100817','cancer_love_98@hotmail.com','$2y$10$Z3C1z7IV2U12ivXWFmzR/u/SQLkm6nI2VLydHlD1xgBjvx3RyqF7G','ASENT.H.CORAZON DE JESUS MZ 1 LT 7',NULL,'932147027',NULL,'1','1',1,NULL,'2017-10-24 04:42:31','2017-10-24 04:42:31'),(303,'DARWIN SAMUEL','LECCA','OLORTEGUI',NULL,'h','1051100313','samuel_12_l@hotmail.com','$2y$10$HJ69ZcUoa4hgjbpGGHAoHuWAE8HqLFqgUe2dWqSnYs352cWfTDyx.','LA UNION PASAJE CHIRA N°100',NULL,'947735061',NULL,'1','1',1,NULL,'2017-10-24 04:42:31','2017-10-24 04:42:31'),(304,'JEFFERSON DAVID','LEDEZMA','ULLOA',NULL,'h','1021100817','jeffer_david_7@hotmail.com','$2y$10$os3Ier5xpxvAPtTK/7wHxOrlmXyI9ZVNhDZr6dhCjViXUrhReKrmS','ASENT.H. MANUEL SEOANE MZ 17 LT 01','415793','989401893',NULL,'1','1',1,NULL,'2017-10-24 04:42:31','2017-10-24 04:42:31'),(305,'ANA AIDA ABIGAIL','LEON','INOSTROZA',NULL,'m','1021100415','abi.leoninostroza@gmail.com','$2y$10$UgCg5dK4keUz4nT.d9ouNO3n3LFcmuPKDHXvN2mWpEDpOh.ZwnYn6','JAIME BALMES 542 URB RAZURI 2DA ETAPA',NULL,'935030190',NULL,'1','1',1,NULL,'2017-10-24 04:42:31','2017-10-24 04:42:31'),(306,'MILAGROS ADELAYNE.','LEON','PESANTES',NULL,'m','1051101915','adelaynelp@hotmail.com','$2y$10$sEYJOp6Wd3fmaHy/OzDF0e3p2NzdI2bTJvG60QtwpHxDWYJyaDJoq','CALLE ESMERALDA 682 LA ESPERANZA PARTE BAJA','996888656',NULL,NULL,'1','1',1,NULL,'2017-10-24 04:42:31','2017-10-24 04:42:31'),(307,'ANTHONY JEAN CARLO','LEON','POLO',NULL,'h','1511102715','anthonyleon_17@hotmail.com','$2y$10$mX/P.q0xEW5i7K2Qr7LZBexb2q2GiERzq..x32GO/5uNf.0rCie8q','JOSÉ DE LA TORRE UGARTE 1632-FLORENCIA DE MORA','942271504','951526584',NULL,'1','1',1,NULL,'2017-10-24 04:42:31','2017-10-24 04:42:31'),(308,'CRISTHIAN ROY','LEON','TERRONES',NULL,'h','1011101517','virgo_leon100@hotmail.com','$2y$10$tFvjZ3CxBOmc7JAAGKfSHuQrMgJYCMA/E2hk3JlKbwfM8y8h9G.cC','PSJE.SAN SALVADOR MZ.10 LT.29 INDOAMERICA','948721892','948721892',NULL,'1','1',1,NULL,'2017-10-24 04:42:31','2017-10-24 04:42:31'),(309,'MARYORI KIRA','LEONARDO','RODRIGUEZ',NULL,'m','1021101817','mar_kira_13@hotmail.com','$2y$10$.OIh/WVpEWuyIkrTHrmcSueyi3zhp0WDey7Bc5lV9lMpYKJHSFoNa','9 DE MAYO 2181 FLORENCIA DE MORA - TRUJILLO LA LIB','942072710','958363212',NULL,'1','1',1,NULL,'2017-10-24 04:42:31','2017-10-24 04:42:31'),(310,'MILAGROS YULEYSI','LEZAMA','JIMENEZ',NULL,'m','1011101112','miyuleji_escorpio@hotmail.com','$2y$10$E01h45ezJG.JrvvnzU88g.DpDbjGECotPX3uiV89M0xHBA2NUhaam','AV. 5 DE DICIEMBRE 1072 - GUADALUPE','44501285','948624098',NULL,'1','1',1,NULL,'2017-10-24 04:42:31','2017-10-24 04:42:31'),(311,'KEVIN','LEZMA','JULCA',NULL,'h','1021100212','kevinlezma@outlook.com','$2y$10$AXagQBoEfv62uxbqpaVdg.lUD4u8V7Ea.xcJgrmObagejXgWIkLcu','SANTA MARIA MIGUEL IGLESIAS 198','201295','988972432',NULL,'1','1',1,NULL,'2017-10-24 04:42:31','2017-10-24 04:42:31'),(312,'SONIA MERICE','LIÑAN','ACEVEDO',NULL,'m','1511101116','thais_13_15_18@hotmail.com','$2y$10$5jJ5a26bqnvNbwIpuUJJu.2e7xmjXi7zlWHwqVS.VoEUQHqX0Ggl2','PRLG JUAN PABLO II URB LOS ROSALES DE SAN LUIS MZ F LT 04',NULL,'952568193',NULL,'1','1',1,NULL,'2017-10-24 04:42:31','2017-10-24 04:42:31'),(313,'ERICKA LINEYRA','LIÑAN','DE LA CRUZ',NULL,'m','1051102815','eri_18_97@outlook.es','$2y$10$ae.ISxJoF2tjWxU5MgX.gudmfUZ0VemhC5ggn35.qFmYzBcDzGXce','ASENT H. CLEMENTINA PERALTA DE ACUÑA ETAPA I MZ J','974375346','974375346',NULL,'1','1',1,NULL,'2017-10-24 04:42:31','2017-10-24 04:42:31'),(314,'ELSY MARITE','LINARES','BARRIGA',NULL,'m','1011100117','elsycapri@hotmail.com','$2y$10$Ym1RkccohqQPQjRJoHjkCuOQBjTYl2qaTOr7bKyOZPAGuoTrb0lj2','URB. MANUEL AREVALO ETAPA III MZ. C-37 LT. 10 DIST','271273','997884219',NULL,'1','1',1,NULL,'2017-10-24 04:42:31','2017-10-24 04:42:31'),(315,'CRISTIAN MARIANO','LIZARRAGA','CARDENAS',NULL,'h','1511101515','cristian_260196@hotmail.com','$2y$10$P7aWGtJX3JhK/Yd1pOmKZ.AaTkFWZyD5aiJDBbuC2hMc2rqWamC9O','SECTOR LOS ROSALES DE SAN LUIS MZ.Q LT.1','237218','956640572',NULL,'1','1',1,NULL,'2017-10-24 04:42:31','2017-10-24 04:42:31'),(316,'VICTOR AGUSTIN','LIZARZABURU','MARIN',NULL,'h','1011100715','agustin_al96@hotmail.com','$2y$10$71/kufbcJoZ12v0DIQZ4PePPZKYVMMRbPnV9AEOozmp0EhvfuZX8.','JR. ORBEGOSO 314 BUENOS AIRES NORTE','598200','982413736',NULL,'1','1',1,NULL,'2017-10-24 04:42:31','2017-10-24 04:42:31'),(317,'MELISSA BEATRIZ','LLANOS','AVALOS',NULL,'m','1051102315','korn_29011bea@outlook.es','$2y$10$aYwnDyfqal2oUs1lypKqueTYNoDXjgER97tI8VF1FegzHVk.EhEt.','AV RAMON CASTILLA MZ:E LOTE 1','464208','979375502',NULL,'1','1',1,NULL,'2017-10-24 04:42:31','2017-10-24 04:42:31'),(318,'MELISSA FIORELLA','LLAPO','CHAVEZ',NULL,'m','1511101813','bubaw_mf.9@hotmail.es','$2y$10$smstlEYTYhwGA2cPE4Gq3uMmCkIM8kZUxJOQY3thMseedE1LEWyBy','MZ B LT 5 URB. HUERTA BELLA','213446','958419524',NULL,'1','1',1,NULL,'2017-10-24 04:42:31','2017-10-24 04:42:31'),(319,'ANYEL PATRICIA','LLARO','NEYRA',NULL,'m','1511101512','anl_unt_9@hotmail.com','$2y$10$o0tsj8kNgDNMY3sqnt.SjuW3.zJ9xuq4HtElQSqcXscvoB7LX76Hi','av. huayna capac 816',NULL,'944220240',NULL,'1','1',1,NULL,'2017-10-24 04:42:31','2017-10-24 04:42:31'),(320,'ALEJANDRINA MARIA','LLAURE','MORA',NULL,'m','1511100616','mariaale.acu_122@hotmail.com','$2y$10$YAf26BuUyvIy/GA6BCcuV.19lJJYdgcDibRlojLGHxl7iwLdAhLnm','ASENTA.H.LA MERCED MZ.01 LT.17- FLORENCIA DE MORA','402852','949935239',NULL,'1','1',1,NULL,'2017-10-24 04:42:31','2017-10-24 04:42:31'),(321,'NURIA GABRIELA','LLONTOP','LOPEZ',NULL,'m','1011101313','nuria-princesita@hotmail.com','$2y$10$YPw2.rInt1EZ7/LIhWETrOf84wa0AofGIfOIKayqZyB0xFy4Tr9LG','Santo Domingo #225 Urb. Recreo','209719','942470254',NULL,'1','1',1,NULL,'2017-10-24 04:42:31','2017-10-24 04:42:31'),(322,'LISETH DEL PILAR','LOAYZA','CAMPOS',NULL,'m','1511102312','lisethloayza@gmail.com','$2y$10$V/Yl3HiLxa/jz1EZqPTYmOka7KZHPgR9qWsdmnNGjMNSbxLdopabq','SAN ANDRES 1047- MIRAMAR',NULL,'981772545',NULL,'1','1',1,NULL,'2017-10-24 04:42:31','2017-10-24 04:42:31'),(323,'LESLIE GABRIELA.','LOPEZ','CHOMBA',NULL,'m','1511101816','lesliex_97@hotmail.com','$2y$10$1a/bXnEVda8xhcYs9KXZT.Ak/nvEjJDDlPkXWLuTsSWRG2HHHiUF.','urb. vista hermosa G26','589618','938503793',NULL,'1','1',1,NULL,'2017-10-24 04:42:31','2017-10-24 04:42:31'),(324,'JULY ANACE','LOPEZ','GAMBOA',NULL,'m','1021101113','julyanace007@hotmail.com','$2y$10$Pa8aUaB10X9kN2ncem1vwunosQJOEuB2GP0ySu8gPw88p.iOmNQAS','JAIME BLANCO #1736 - EL PORVENIR','410333','996733573',NULL,'1','1',1,NULL,'2017-10-24 04:42:31','2017-10-24 04:42:31'),(325,'WILLANS GIOVANNY','LOPEZ','GARCIA',NULL,'h','1451100114','wg_15_25@hotmail.com','$2y$10$Ik/ZST.sBfGmPUoC.No0w.gwQTN9rOcn4DiRiVF7GccHO1bKe.XUq','LIBERACIÓN 1500','948334988',NULL,NULL,'1','1',1,NULL,'2017-10-24 04:42:31','2017-10-24 04:42:31'),(326,'ELMER ANTONIO','LOPEZ','LOPEZ',NULL,'h','1011100711','g-dkay@live.com','$2y$10$oytHUveCZs9NXkGzmHEjZ.re5ovUO5JpNzKhMB5vpmHkCsDLZw9VO','Mz. N LT. 11A Santa Sofia',NULL,NULL,NULL,'1','1',1,NULL,'2017-10-24 04:42:31','2017-10-24 04:42:31'),(327,'LIZ','LOPEZ','PONCE',NULL,'m','1021100615','rosalibra_918@hotmail.com','$2y$10$3hEtwFzFuSTKz50Tlb9o2uGb.9HIRbtoFN1UOpysUug0LFzt3lNnK','MZ. V LT. 12 BARRIO 6A ALTO TRUJILLO-EL PORVENIR','953691539','953691539',NULL,'1','1',1,NULL,'2017-10-24 04:42:31','2017-10-24 04:42:31'),(328,'MARIA ELISA','LOPEZ','VALVERDE',NULL,'m','1011100516','chataxd@outlook.com','$2y$10$9tzKe6rFO8vCibBp.CfMm.UIXBSqsgq4C/QIFQkmVpQB7CjwuM/vy','URB. MANUEL AREVALO III MZ. B27 LT. 30',NULL,'948376004',NULL,'1','1',1,NULL,'2017-10-24 04:42:31','2017-10-24 04:42:31'),(329,'KELLY ROCIO','LOYOLA','CISNEROS',NULL,'m','1051102816','rocicisne@hotmail.com','$2y$10$2BpQtQ3ctU4v3vAq6F2FnOY4L7gwrpxcubexNe4eVtAJ.DlGi/4qG','AV. PUMACAHUA #1514 - EL PORVENIR','401850','952562246',NULL,'1','1',1,NULL,'2017-10-24 04:42:31','2017-10-24 04:42:31'),(330,'JHON ACANES','LOYOLA','PAZ',NULL,'h','1051102813','moises_15_36@hotmail.com','$2y$10$98nOJQVuoresdAAKr9DhzeKeNomFqTRR2zTyrtXFE7jw/nzncI0iu','ASUNCION 166 - URB. SANCHEZ CARRION','949792036',NULL,NULL,'1','1',1,NULL,'2017-10-24 04:42:31','2017-10-24 04:42:31'),(331,'DENIA ELIZABETH','LOYOLA','VARAS',NULL,'m','1011100712','denia_23_1991@hotmail.com','$2y$10$zUB4gmCqcswwPzq2VQChgOyqbHnhckBMl5nBvOR.AYISxZ902FJsS','JESUS MARIA MZ.E LT.21 - LAREDO',NULL,'965894031',NULL,'1','1',1,NULL,'2017-10-24 04:42:31','2017-10-24 04:42:31'),(332,'KAREN PIERINA','LOZANO','BARRETO',NULL,'m','1011100616','karenzitazx.love.25@hotmail.com','$2y$10$QJQ9f0.2dlpdqDHKjEz4jehthvwNYLgT/ZFXciPnZHCQ363wgN6eC','AV. HUSARES DE JUNIN ASENT. H. RAMON CASTILLA MZ. G LT.8','464036','942322524',NULL,'1','1',1,NULL,'2017-10-24 04:42:31','2017-10-24 04:42:31'),(333,'GLADYS ESPERANZA','LOZANO','CIUDAD',NULL,'m','1051102113','gladys_lc1@hotmail.com','$2y$10$j6vicTZoU5TvkoKOJ7wZnuvMc6Wqx6IeU3ePY9fkKw7K9varoKdRe','MZ. T LOTE 15 III ETAPA LA MERCED - PROLONGACIÓN J','342979',NULL,NULL,'1','1',1,NULL,'2017-10-24 04:42:31','2017-10-24 04:42:31'),(334,'EVER WALDIR','LOZANO','MARQUINA',NULL,'h','1511102717','ever_lozano19991@outlook.com','$2y$10$28zQxHucT6E7BrMk44ASDerGhX4r7lk.DhiSlyCwm6WhG9QwTeDCa','CALLE BENITO JUAREZ 1904','44414875','982475372',NULL,'1','1',1,NULL,'2017-10-24 04:42:31','2017-10-24 04:42:31'),(335,'VIVIAN MERCEDES.','LUJAN','VALVERDE',NULL,'m','1051102616','vivi_1_sagitario@hotmail.com','$2y$10$WrHoBoyq/a2FIR1wgIQGYOiFDEceKOvaC/XEz5arBHTiduLfxLbgq','AV MIGUEL GRAU 806','272105','961405627',NULL,'1','1',1,NULL,'2017-10-24 04:42:31','2017-10-24 04:42:31'),(336,'NOEMI STEFANY','LULICHA','NIETO',NULL,'m','1511102116','princesanoemistefany@hotmail.com','$2y$10$7Igj6L220xHgvwcsywFOC.vU4s3Auwyon/SYTmry34gejPrLady8W','AV. PANAMERICANA 2007- PAIJAN ASCOPE','957607800','957607800',NULL,'1','1',1,NULL,'2017-10-24 04:42:31','2017-10-24 04:42:31'),(337,'GARY ANDERSON','LUNA','CARRION',NULL,'h','1051100716','thuanderzitho@hotmail.com','$2y$10$BjAC.nRan7oED9FtHap9/uSknJvuKrNCwZvY4Xi.KvTYUNOLe8D1e','URB. LIBERTAD MZ. T LT. 23',NULL,'976374622',NULL,'1','1',1,NULL,'2017-10-24 04:42:31','2017-10-24 04:42:31'),(338,'SEBASTIAN MATIAS','MACEDO','PLASENCIA',NULL,'h','1511101716','sebastican@hotmail.com','$2y$10$jKIZH43915s3eQc3UsmF9uWgL/twuWyLfQ2/CHV/NCoPiLQjn.MEi','JR. JOSÉ OLAYA 567','43322602','948560127',NULL,'1','1',1,NULL,'2017-10-24 04:42:31','2017-10-24 04:42:31'),(339,'FANNY','MACHUCA','RIOS',NULL,'m','1021101617','fanny.machuca.b@gmail.com','$2y$10$offvcEbdvA.4ylFzpsE61OgYiHU3FoPlSQ8vR9uz6h1dJJX3zjg9i','CALLE AREQUIPA 16 URB. ALBUJAR Y GUARNIZ GUADALUPE','959097658','959097658',NULL,'1','1',1,NULL,'2017-10-24 04:42:31','2017-10-24 04:42:31'),(340,'JESSICA MILENI','MANTILLA','ROLDAN',NULL,'m','1041100412','jessi_mant@hotmail.com','$2y$10$A17j9Nz47HG.GgLWVV4njuq3DHPJ0uC8WbAXdgq.qzHYaG.fuHvVm','AV. CAHUIDE Nº 1124-EL PORVENIR','602423','943043395',NULL,'1','1',1,NULL,'2017-10-24 04:42:31','2017-10-24 04:42:31'),(341,'LILIANA','MANTILLA','VASQUEZ',NULL,'m','1011102211','Lmv112@hotmail.com','$2y$10$k2MC1io4lVVyzK35gfEwzuGbfR9q5f2Xkjz/2QDfxdGehRSx47She','6 de marzo #112. Casa grande','433423',NULL,NULL,'1','1',1,NULL,'2017-10-24 04:42:31','2017-10-24 04:42:31'),(342,'MARILIN LUCERO','MARIN','SEGURA',NULL,'m','1051101514','malu.escorpio@hotmail.com','$2y$10$IYCMBXjNnOihWZdsfmx8ueAg33o/ew7fC7iH8VOSk4MAVUl/kuKka','PRIMAVERA I - MZ09 - LT12','935501905','935501905',NULL,'1','1',1,NULL,'2017-10-24 04:42:31','2017-10-24 04:42:31'),(343,'YESSENIA ARELY','MARIÑOS','AMARANTO',NULL,'m','1531100216','arelymarinosamaranto@gmail.com','$2y$10$kBP/RbaDtnA.D3EZQmOpteiVqinFcVepo7HmgS3RwfJ5PmumlaYj6','CALLE RAMON CASTILLA 187 PUEBLO VIRU',NULL,'947927209',NULL,'1','1',1,NULL,'2017-10-24 04:42:31','2017-10-24 04:42:31'),(344,'FIORELA CAROL','MARIÑOS','MELON',NULL,'m','1011101614','fiore_cancer12@hotmail.com','$2y$10$ji.F6/CdJpbsC97mlpaDleJXce1owXF/cWziiNc/E6r6FJGMqJc2m','PSJ LOS FICUS MZ B LOTE 09 STA. LUCIA','212998','971158583',NULL,'1','1',1,NULL,'2017-10-24 04:42:31','2017-10-24 04:42:31'),(345,'KARINA LISETH','MARQUEZ','YALTA',NULL,'m','1021101812','karinitamarquez@outlook.es','$2y$10$y0BK.arYun14CnQ5uNe4JeiA5xXo811TmfWfe1QZm13ZsFBDk3/8u','MZ F5 LT 6 CALLE LOS CANARIOS URB. LA ALAMEDA DE S','286115','988520944',NULL,'1','1',1,NULL,'2017-10-24 04:42:31','2017-10-24 04:42:31'),(346,'JOSELYN LILIANA','MARQUINA','ORBEGOZO',NULL,'m','1511103115','josy.96@outlook.com','$2y$10$UwNQTdinHy2wRH5nZBuBOOgkaZ0602YxvW6Eh6F5Mi3JgHX4R4gLu','SAN PABLO 470','405549','999670460',NULL,'1','1',1,NULL,'2017-10-24 04:42:31','2017-10-24 04:42:31'),(347,'ALICIA','MARREROS','LIÑAN',NULL,'m','1041100211','aliciaml2012@gmail.com','$2y$10$f4IP7QoAnI4JiHxf/3wtxeQmoYFdsAMzAh7fPyPN0eTMezkGyWykO','AV.JOSE MANUEL HEREDIA 1189','44316223',NULL,NULL,'1','1',1,NULL,'2017-10-24 04:42:31','2017-10-24 04:42:31'),(348,'ABEL RICHAR','MARTELL','ROSALES',NULL,'h','1011100914','clasico2314@hotmail.com','$2y$10$fZD7rrWDGTHSGPTipJbJq.agPdNEhzKwiYRL1W/Wb82HNUvLEgxVO','ASENT.H.TIERRAS DEL SOL MZ.5 LT.2','509067','979615672',NULL,'1','1',1,NULL,'2017-10-24 04:42:31','2017-10-24 04:42:31'),(349,'CLEVER SOLIS','MARTINEZ','MARTIN',NULL,'h','1011101117','Clever1696@hotmail.com','$2y$10$y/1VtYa3r2EoEOhDstdn0uXzUXt92ekjIwV0vvL0ypZDl.SC0/xzG','SR. DE LOS MILAGROS MZ. F TOLE 16','970925032',NULL,NULL,'1','1',1,NULL,'2017-10-24 04:42:31','2017-10-24 04:42:31'),(350,'FRANCISCO ANTONIO','MARTOS','CALDERON',NULL,'h','1051100817','franciscoamc27@gmail.com','$2y$10$X2myGWjx7HAiSi1p/WZlPuboEi5C5ENeAUuiZJUz63bRlaM1U/8py','CALLE CRISTAL 464. CASA 21. URB. SAN ISIDRO','549730','949700551',NULL,'1','1',1,NULL,'2017-10-24 04:42:31','2017-10-24 04:42:31'),(351,'JUANITA MILAGROS','MATUTE','URQUIAGA',NULL,'m','1051100417','dannapicis2015@gmail.com','$2y$10$3T7nTDmLwgBcrz49wWYjQOArG6BnMkTYxjDGsGyqDfB44MF2hrMGi','PASAJE BALTAZAR 424 URB. CHIMU','277089','978245529',NULL,'1','1',1,NULL,'2017-10-24 04:42:31','2017-10-24 04:42:31'),(352,'DIEGO JOEL','MAYANGA','LEON',NULL,'h','1011100614','mayanga_joel@hotmail.com','$2y$10$I4.ew/moviUL75NxBnhPge4fK3DwXNUVTIJ8TOK21wUsjPoNfckdm','URB. MANUEL AREVALO ETAPA III MZ. B33 LT.20',NULL,'980046889',NULL,'1','1',1,NULL,'2017-10-24 04:42:31','2017-10-24 04:42:31'),(353,'TANIA MAGALY','MEDINA','ESPINOZA',NULL,'m','1051100713','tania_ema@hotmail.com','$2y$10$O.Zh7pbCWg8Lj3z6t9v4x.2IJ8vgVQVFqaorscc5wHzvaRqIqiPVe','AV HUSARES DE JUNIN 256','969381341','965785309',NULL,'1','1',1,NULL,'2017-10-24 04:42:31','2017-10-24 04:42:31'),(354,'CARLOS ALBERTO','MEDINA','MEJIA',NULL,'h','1021101214','camm_96@hotmail.com','$2y$10$nLMrycc1u3h.unbPIMPVq.IKEs.3HRxzxJA1CxPjjDGIrjVBUfcJG','SN JUDAS TADEO','950988985','954313193',NULL,'1','1',1,NULL,'2017-10-24 04:42:31','2017-10-24 04:42:31'),(355,'MARIA DEL CARMEN AGUSTINA','MEDINA','QUILCAT',NULL,'m','1011100316','mariamedinaq@outlook.es','$2y$10$MVNrpyprtuCxWJkFI4fnkOetaQ4Z96DiL4l.zDZIU2SuN0hK/Gcka','AV. MOCHE. 582','723051','982539730',NULL,'1','1',1,NULL,'2017-10-24 04:42:31','2017-10-24 04:42:31'),(356,'WENDY DENISSE','MELENDEZ','MEDINA',NULL,'m','1531100113','wendy_10_enero@hotmail.com','$2y$10$368foGQ06KTISjWpwru/fuCXKmS5yE4CwgRyeYlscH99ne0s1ScxO','SAN IGNACIO 761','342902','966858397',NULL,'1','1',1,NULL,'2017-10-24 04:42:31','2017-10-24 04:42:31'),(357,'LESLY VICTORIA SELENE','MELENDEZ','RODRIGUEZ',NULL,'m','1021101112','lesly_love_escorpio@hotmail.com','$2y$10$/.Ni1plxgNLZq0K08dw92.zd.4mqPi4WgKJnkzjZr9F9t0TQLeiDO','MZ XM LT 02 ANEXO ROMA',NULL,NULL,NULL,'1','1',1,NULL,'2017-10-24 04:42:31','2017-10-24 04:42:31'),(358,'OSCAR MANUEL','MENACHO','PRIETO',NULL,'h','1021101613','ozcarmp_26@hotmail.com','$2y$10$LD1KB2jHLBw0uJdC7kUKLurUgxO5.mxjWjIQU0QkD.ubfbw9AhaGC','JESUS MAESTRO MZ. 56 LT. 26','44418039','974870647',NULL,'1','1',1,NULL,'2017-10-24 04:42:31','2017-10-24 04:42:31'),(359,'PAOLO ENRIQUE','MENDEZ','ALCANTARA',NULL,'h','1011101513','mendz_9j.ap@hotmail.com','$2y$10$FWqRABOO0gHVJqWNiw3Dlu52yCB3SxPsxzjG/ekhvsCqXdwGXX/xS','JR.UNION 192 INT 11 TRUJILLO',NULL,'992708230',NULL,'1','1',1,NULL,'2017-10-24 04:42:31','2017-10-24 04:42:31'),(360,'MARIA GRACIA JOSELIN','MENDEZ','ECHEVARRIA',NULL,'m','1011100213','marge_mariale5@hotmail.com','$2y$10$2gbx5F2lYbe58JdtUGJ4Xe0q0pEJAeyP39Zj9S3Rj2yJ3.fKZtE1u','CARLOS MONJE 385 - URB CHIMU','211876',NULL,NULL,'1','1',1,NULL,'2017-10-24 04:42:31','2017-10-24 04:42:31'),(361,'JESSICA VANESA','MENDEZ','RAMIREZ',NULL,'m','1051101614','jessy_piscis19@hotmail.com','$2y$10$5kssDE/azjE4NKEuUHafx.8CSHVG0Boq3QmoyUrr56QAqBQkuYxQ.','MZ: W LT:31 SECTOR2 PORVENIR','987870194','987870194',NULL,'1','1',1,NULL,'2017-10-24 04:42:31','2017-10-24 04:42:31'),(362,'FRANKLIN ISMAEL','MENDOCILLA','VALENCIA',NULL,'h','1011100113','frank_mv_11@hotmail.com','$2y$10$6I67H5Z/8uG6JWRfvBNfM.3WBac0PeCQSHAxF5Z4RU/wCkpbCZF16','PASAJE TUPAC AMARU 142','403048','974822857',NULL,'1','1',1,NULL,'2017-10-24 04:42:31','2017-10-24 04:42:31'),(363,'ROSSI MADALIT','MENDOZA','CORZO',NULL,'m','1051102617','89mendoza09@gmail.com','$2y$10$Z9hEyKXy99aV9Wxf6/SKPe8u7hhBbmOTK9Af9zyL6Frfkend2voyS','COVICORTI MZ P4','997587210','997587210',NULL,'1','1',1,NULL,'2017-10-24 04:42:31','2017-10-24 04:42:31'),(364,'JORGE NEIL','MENDOZA','FLORES',NULL,'h','051100810','jor_neil@hotmail.com','$2y$10$qJkhZr/CPB7trQIFbuapoupIgdQ.hqFvk3TdkgnkDU81qv.vh1aa6','LOS DIAMANTES - SANTA INES - 133','313748',NULL,NULL,'1','1',1,NULL,'2017-10-24 04:42:31','2017-10-24 04:42:31'),(365,'ANABELA SOCORRO','MENDOZA','GUARNIZ',NULL,'m','1011101016','holy_98_mc@hotmail.com','$2y$10$OK3QmEj6YD5qGQ.oXOTdY.pZq8ln2Ie2LDFs5.TuyVIXBbZxX1dmi','CHAO BUENAVISTA',NULL,'978342840',NULL,'1','1',1,NULL,'2017-10-24 04:42:31','2017-10-24 04:42:31'),(366,'JUAN ORLANDO','MENDOZA','SICCHE',NULL,'h','051100910','joms_17gpp@hotmail.com','$2y$10$ZmSd667r41CbynHBJ/hg4.IhFjS9QzbgRa3TDxtSyl4q.zuZOq0ae','CAMPIÑA DE MOCHE 111 - INT 2- HUACA DEL SOL Y LA L','298312',NULL,NULL,'1','1',1,NULL,'2017-10-24 04:42:31','2017-10-24 04:42:31'),(367,'LISSET DEL PILAR','MENDOZA','TUESTA',NULL,'m','1011101416','lismentu@gmail.com','$2y$10$RHaJ9AKunKbAIkMZP2kxw.IoqJ/m1ceaN5Y4wmkHtvXJICDgDMv2q','URB SAN NICOLAS CALLE MADRID 270','942976156','942976156',NULL,'1','1',1,NULL,'2017-10-24 04:42:31','2017-10-24 04:42:31'),(368,'SULI MARIA','MEREGILDO','TORIBIO',NULL,'m','1031100111','asumi_sol@hotmail.com','$2y$10$ovgdRIzWuDBbzgu7K8TTEO9i2kuRhJtipFCw5x..P3kZVHeMkAK3i','CENTRO CIVICO MZ B LOTE 17 - LAREDO','446195','978334712',NULL,'1','1',1,NULL,'2017-10-24 04:42:31','2017-10-24 04:42:31'),(369,'JONATHAN MITCHEL','MESTANZA','ORBEGOSO',NULL,'h','1011100415','mijain_04@hotmail.com','$2y$10$e839i39YkJAiXKOtbmcm3e/svSIMK.Rza2vNYcrRxpewzI.RRRIYi','AV. PESQUEDA MZ. C LT. 7 URB. EL SOL DEL CHACARERO','329532','996980347',NULL,'1','1',1,NULL,'2017-10-24 04:42:31','2017-10-24 04:42:31'),(370,'WILMA NOEMI','MIA','JOAQUIN',NULL,'m','1011101615','noemi_15_95@hotmail.com','$2y$10$vB9vTv7cmaj8fuwMGlX8ruscL.B/93I7jU2.8im988rQJ7N7jrBq6','SANTA ROSA SECTOR LAS HUERTAS S/N CARTAVIO','953928714',NULL,NULL,'1','1',1,NULL,'2017-10-24 04:42:31','2017-10-24 04:42:31'),(371,'KEVIN','MIGUEL','JARA',NULL,'h','1051100715','dark_kev@hotmail.com','$2y$10$6YTbV4Et0MxqDEqlwlihvuUSP9LQyxp4wh3noubmYLXFz9cuZ20bW','URB. HUERTA GRANDE PSJ. COMERCIO 190','44345417','948131913',NULL,'1','1',1,NULL,'2017-10-24 04:42:31','2017-10-24 04:42:31'),(372,'ANGIE RAYMI','MINCHOLA','PACHAMANGO',NULL,'m','1521100312','raymi_31@hotmail.com','$2y$10$xn0BQwFv/k0dVgvTv7NoFONFHH/BgE9IU64FE3kPDyQmb1npjH3K.','MZ.25 LT.17- LAS LOMAS HUANCHACO','462763','930333631',NULL,'1','1',1,NULL,'2017-10-24 04:42:31','2017-10-24 04:42:31'),(373,'JUAN CARLOS','MORA','LAVADO',NULL,'h','1511100215','jhml2015@outlook.es','$2y$10$RC4pOr5VovP.C9xl21FIRO4QlL/p4FbrnbdT7VFCWyoTeiK3CObCS','MZ. 31 LT.26 SECTOR III EL MILAGRO','604170','959998861',NULL,'1','1',1,NULL,'2017-10-24 04:42:31','2017-10-24 04:42:31'),(374,'CHRISTIAN ALEJANDRO','MORALES','CHAVEZ',NULL,'h','1011101214','camc031094@hotmail.com','$2y$10$dMSvjd/yY25uyGOIJhGfj.IWOu3AZI4H1msf.vXDjICJXjT4pmdD2','AV JUAN PABLO II MZ I EIDF. B DPTO. 401 URB. VIST','281964','988689872',NULL,'1','1',1,NULL,'2017-10-24 04:42:31','2017-10-24 04:42:31'),(375,'TANIA JERALDINE','MORALES','VIDAL',NULL,'m','1041100215','sagitario_tania29@hotmail.com','$2y$10$eI49SOwJvNJcYSqvBHbFf.GceHMTpblnJ4rlFWta84xRjXFr8qXBu','MANUEL AREVALO 3ETAPA','944899634',NULL,NULL,'1','1',1,NULL,'2017-10-24 04:42:31','2017-10-24 04:42:31'),(376,'KELLY EVELLYN','MORENO','BAHAMONDE',NULL,'m','1051102411','evellyn_nice@hotmail.com','$2y$10$eqkVMMTGcVnqi9FOc.RVLuz29OyMa5nIuLDr8Jn5egScI.08HL1/G','JULIO GUTIERREZ 282 - URB LOS JARDINES - TRUJILLO','211169','978560645',NULL,'1','1',1,NULL,'2017-10-24 04:42:31','2017-10-24 04:42:31'),(377,'PAMELA MEDALI','MORENO','CAYPO',NULL,'m','1011100817','alianza_pamela@hotmail.com','$2y$10$a8DVWiE.iUCx2LceV4JC6OcRflEKRkyBdQranpdMDwFuVEO3hz9cS','TUPAC YUPANQUI 464','984529021','948559251',NULL,'1','1',1,NULL,'2017-10-24 04:42:31','2017-10-24 04:42:31'),(378,'JILMER YHSNEL','MORENO','CRUZ',NULL,'h','1051100212','jilmer.mc.11@hotmail.com','$2y$10$SlNo2lyBVfR8dgCXQRim7./S1wKy0pMj5smbvPmRE2Lep1.TXXakm','CALLE SAN JOSE 772 URB.22 DE FEBRERO',NULL,NULL,NULL,'1','1',1,NULL,'2017-10-24 04:42:31','2017-10-24 04:42:31'),(379,'ASTRID YHOMIRA','MORENO','REYNA',NULL,'m','1511102014','virgo-sweet-95@hotmail.com','$2y$10$JyZdLyudl2N9fbnk0ujZau4vUyER7lTUGFBnpYCiOArgYByqzt1FG','NATIVIDAD # 599','942686445','942686445',NULL,'1','1',1,NULL,'2017-10-24 04:42:31','2017-10-24 04:42:31'),(380,'RENZO RENATO','MORENO','TORRES',NULL,'h','1011100816','renzo_7_97@hotmail.com','$2y$10$CBIAVUjCyGDcUVKoj52geOIQKlJX8Z7MUzQA/YB0ymZrd32ScrIf.','8 DE SETIEMBRE # 1037 - 1041 FLORENCIA DE MORA','661588','968700237',NULL,'1','1',1,NULL,'2017-10-24 04:42:31','2017-10-24 04:42:31'),(381,'PAMELA XIMENA','MORI','ALVA',NULL,'m','1021101915','pamemori96@hotmail.com','$2y$10$y5Ckqv1vy3AVrTu0EddLMO6qrlgn1Wtehud5eY0sEi8RR5fGiKDRq','AV.CESAR VALLEJO # 1073','949071048','949071048',NULL,'1','1',1,NULL,'2017-10-24 04:42:31','2017-10-24 04:42:31'),(382,'DELMER','MOSTACERO','AQUINO',NULL,'h','1051101015','delmer_20@hotmail.com','$2y$10$mBwLIxPawTu6EmZcvhuG6OfpuhOuoy.64694LUcSydG9WHai/qaIO','AVENIDA FEDERICO VILLARREAL 353 URBANIZACIÓN DANIE',NULL,'947911878',NULL,'1','1',1,NULL,'2017-10-24 04:42:31','2017-10-24 04:42:31'),(383,'EDUBINA ARACELY','MOYA','MANTILLA',NULL,'m','1051101013','lunita_2419@hotmail.com','$2y$10$IBLafXylMtlvq4R2zaC6xuFV36pXdmAlD5VayvPjtuGJf7K4N1ox.','UBR. MANUEL AREVALO ETAPA III - MZ A28 LT 59','955918603',NULL,NULL,'1','1',1,NULL,'2017-10-24 04:42:31','2017-10-24 04:42:31'),(384,'KATIA GRYSELL','MOYA','TORRES',NULL,'m','1021101614','katia_1570@hotmail.com','$2y$10$UpizoZ.haHtF/6nYHSAra.Gm4MAHNxvj74VrJS8BXR/BgubauJ9ge','URB.LIBERTAD MZ N LT.08','956657309','956657309',NULL,'1','1',1,NULL,'2017-10-24 04:42:31','2017-10-24 04:42:31'),(385,'JHANET JHUDIT','MUDARRA','MAURICIO',NULL,'m','1021101415','yanetmudarra@gmail.com','$2y$10$hdkWnP/dR1/Yv.aovE7OdebeyfmevB4ziRdX6DO3IYjVV5V.DZRbW','FCO. BOLOGNESI 1016 - HUAMACHUCO','958000091','958000091',NULL,'1','1',1,NULL,'2017-10-24 04:42:31','2017-10-24 04:42:31'),(386,'BRENDA STEFANI','MUÑOZ','BRICEÑO',NULL,'m','1021100812','brenda_2319@hotmail.com','$2y$10$dVN8rO2wImEmx0tx081vOOSQ3owoaAldUeXNW2yXuBpWFNHUFVHPS','MZ T LOTE 22 ALAN GARCIA - LA ESPERANZA','274880','999916912',NULL,'1','1',1,NULL,'2017-10-24 04:42:31','2017-10-24 04:42:31'),(387,'YULVER TEOBALDO','MUÑOZ','PEREZ',NULL,'h','1051100717','yulver-m@hotmail.com','$2y$10$EsT2BWfU2SBTCRcLZoYCauhNVls.EToJZCdFvJ2td9iIhbUf95hDO','CALLE SERVULO GUTIERREZ N° 413. URB. SANTO DOMINGUITO TR','44607062','947981980',NULL,'1','1',1,NULL,'2017-10-24 04:42:31','2017-10-24 04:42:31'),(388,'ERIKA SHIRLEY','MUÑOZ','REYES',NULL,'m','1021102016','sherlin_150@hotmail.com','$2y$10$RljfXpRfqA1JgU7eRmXlNe8IZUXCRt/tQMs5jGV7gL24J0kiv3zpW','ROSALES DE SAN LUIS MZ F LTE. 33',NULL,'948125467',NULL,'1','1',1,NULL,'2017-10-24 04:42:31','2017-10-24 04:42:31'),(389,'ARACELY LILIBETH','MURGA','CATALAN',NULL,'m','1011100414','like-always1@hotmail.com','$2y$10$sgE5D8MT.UEXP5AOjAouk.tu7kFgPCrN1K7Xt8WExRY5tQ4U3o/ze','SINCHI ROCA 610 - EL PORVENIR',NULL,'980451928',NULL,'1','1',1,NULL,'2017-10-24 04:42:31','2017-10-24 04:42:31'),(390,'CLAUDIA BEATRIZ','NARRO','ALVA',NULL,'m','1021100213','claudianarro@hotmail.com','$2y$10$8/bX1hV0wv8sriPrljX9H.dhU4LDIcP41xLHcSwGG2Dg/TYI9.jd6','SAN ANDRÉS V ETAPA MZ B LOTE 24','637957','940173535',NULL,'1','1',1,NULL,'2017-10-24 04:42:31','2017-10-24 04:42:31'),(391,'MAYBE ELIZABET','NECIOSUP','QUIROZ',NULL,'m','1021100813','maybe_love12@hotmail.com','$2y$10$AEuBnjfDBbp4Zkz0Vs0fg.IcwuabA7b3FDnZ0MD6LSRv92ZlvnI6e','JOSE ALVEAR 1769 - B BELLAVISTA','413996','962979299',NULL,'1','1',1,NULL,'2017-10-24 04:42:31','2017-10-24 04:42:31'),(392,'CARLOS IVAN','NEIRA','CASANA',NULL,'h','021100310','carlos_sagi_10@hotmail.com','$2y$10$bf7FChcfQpSWw.NeOmZG.OwIz/f0QF8/0m1hrhdP/PvbLVjfUMJPW','SIMON BOLIVAR 1150- SANTIAGO DE CHUCO','931804762','931804762',NULL,'1','1',1,NULL,'2017-10-24 04:42:31','2017-10-24 04:42:31'),(393,'FREYSER JHEFERSON','NEIRA','SALVATIERRA',NULL,'h','1511100915','jheferson_21_96@hotmail.com','$2y$10$.U79GhXuQ5kq3zuGAbFutObeld71ELs8lt8u73eN8I2vGLZysOare','NICOLAS CORPANCHO 570 - STO DOMINGUITO',NULL,'974480847',NULL,'1','1',1,NULL,'2017-10-24 04:42:31','2017-10-24 04:42:31'),(394,'DIANA JAQUELIN','NEYRA','ABANTO',NULL,'m','1511101115','dinavirgo2010@hotmail.com','$2y$10$gc7kGmeULIsZZW0k0.3nn.h1KKAGL.YpwBaMfukFA5sD6Jn3xXYB6','CL COMUNAL 20 RAMON CASTILLA','959541289',NULL,NULL,'1','1',1,NULL,'2017-10-24 04:42:31','2017-10-24 04:42:31'),(395,'JORDY MICHAEL','NUÑEZ','HERNANDEZ',NULL,'h','1051100813','Je_nlove@hotmail.com','$2y$10$/rzVEi65aGvWLuSp0xdeEe8zlYKKxLQ8n/.l7/.gLC8UhjRRF6QPW','JR LIMA 392 - LA ESPERANZA','314392','948559950',NULL,'1','1',1,NULL,'2017-10-24 04:42:31','2017-10-24 04:42:31'),(396,'XIMENA SOFIA','NUÑEZ','MEDINA',NULL,'m','1501101017','soportesielco@gmail.com','$2y$10$YcuoHBUlamLKWMRg/S1ZDuEIUPz0wz8moTVCDEOOQ9.aWOlpRIvci','URB. LA ESMERALDA MZ C LOTE 37-TRUJILLO','596101','986293446',NULL,'1','1',1,NULL,'2017-10-24 04:42:31','2017-10-24 04:42:31'),(397,'DORIS GRISELL','NÚÑEZ','MORALES',NULL,'m','1511102314','acu_gris_18@hotmail.com','$2y$10$QNiTCgldBp1YinKflDb.ceiCwf42jbo7GfWqvG3Dp/jCdBMQNTjp2','PEDRO MURILLO #999 LA ESPERANZA',NULL,'944919031',NULL,'1','1',1,NULL,'2017-10-24 04:42:31','2017-10-24 04:42:31'),(398,'IRIS REGINA','NUÑUVERO','REYNA',NULL,'m','1521100213','reghy_1210@hotmail.com','$2y$10$inLgPPXhoqEr0hUbQhjCkeNsW8Ts20hnm6si2viAvNBIlrok1wXC.','LOS PINOS MZ 27 LT2 - LA RINCONADA','993166432',NULL,NULL,'1','1',1,NULL,'2017-10-24 04:42:31','2017-10-24 04:42:31'),(399,'SUSAN FIORELLA','NUREÑA','CASTILLO',NULL,'m','1011100812','sufi_snc@hotmail.com','$2y$10$KEI4AcwqlAZOhHLQRN7G1.ci0ET.lcyb2zgo8lL4RgPlV8.KOH1JW','ASENT.H. LOS PINOS MZ. 3 LT.9','271582','959502521',NULL,'1','1',1,NULL,'2017-10-24 04:42:31','2017-10-24 04:42:31'),(400,'LUZ ELENA','NUREÑA','FLORES',NULL,'m','1021100416','luz_11nf@hotmail.com','$2y$10$to4klrOAyjMXgcj0jb.mb.dG1tOt/VPIWwmnj9zZBwFbeGihtaakK','SANTA ISABEL 533- MIRAMAR','465242','945354782',NULL,'1','1',1,NULL,'2017-10-24 04:42:31','2017-10-24 04:42:31'),(401,'SUZZANE CAROLINE','NUREÑA','NUÑEZ',NULL,'m','1021100915','suki_unnuevodia_1910@hotmail.com','$2y$10$qtaKZ53b2zC/4wYMC.rWr.xGtbXR5jUUT6p3npr4UFogCWl3eC28q','URB. LA MERCED 2DO PISO ETAPA III MZ. L LT.4','44652213','959146426',NULL,'1','1',1,NULL,'2017-10-24 04:42:31','2017-10-24 04:42:31'),(402,'JEAN CARLOS','OBANDO','LEIVA',NULL,'h','1021101815','dragon_carlos_12@hotmail.com','$2y$10$vfzpSqBPM3NL2WLOHmGgNuSZgsmMv/j/LaEPNGwrrWkwsmIRGGYti','ASENT.H. MANUEL SEOANE CORRALES MZ. 36 LT.11','44406511','944302182',NULL,'1','1',1,NULL,'2017-10-24 04:42:31','2017-10-24 04:42:31'),(403,'RAUL JONNY','OBANDO','LEIVA',NULL,'h','1051102611','raul_ob_le@hotmail.com','$2y$10$/7vy4.nF5hYyUlgHfVieCuxZH2qlEkwMNXHSbLZxFBPDAne9TvNlG','MZ. 36-11 MANUEL SEOANE CORRALES LA ESPERANZA','440406511','970217026',NULL,'1','1',1,NULL,'2017-10-24 04:42:31','2017-10-24 04:42:31'),(404,'MANUEL JESUS','OBESO','TANTAPOMA',NULL,'h','1511102215','manuel19ot@gmail.com','$2y$10$u0jkDuX4cUD0U/ouTawI7esBPGTewQCc1smrFzMyrtDhWwdJKMSt.','JOSE ARTIGAS487','539326','950460052',NULL,'1','1',1,NULL,'2017-10-24 04:42:31','2017-10-24 04:42:31'),(405,'JESSICA PAOLA','OCAÑA','VENTURA',NULL,'m','1051101612','jeka_loquita_1@hotmail.com','$2y$10$VyOeX3PcpHo3F8K2vl/MSOR.PSq02zvwY94i9cx16d6FtIlt3cayq','PUTUMAYO 261 BARRIO LA INTENDENCIA','310392',NULL,NULL,'1','1',1,NULL,'2017-10-24 04:42:31','2017-10-24 04:42:31'),(406,'MIGUEL ANGEL','OJEDA','MELENDREZ',NULL,'h','1511101315','ogeda_137@hotmail.com','$2y$10$LVkyMWaPPWFq2.lWxpMP/u.j2zJyoARW/xZbi3jQanep03yJAd/MK','los petalos Ñ-2',NULL,'965645145',NULL,'1','1',1,NULL,'2017-10-24 04:42:31','2017-10-24 04:42:31'),(407,'ANTHONY JESUS','OLAVARRIA','ZEVALLOS',NULL,'h','1011100212','libra_aoz_2006@hotmail.com','$2y$10$.NDGoqDNzkV1/tJ9MoqxzOl623dor1XzT5xXQQghQYQMQ8P7A4OgG','AV. AMERICA SUR 1624 - TRUJILLO','206635','977210444',NULL,'1','1',1,NULL,'2017-10-24 04:42:31','2017-10-24 04:42:31'),(408,'GINO JORDANO','OLGUIN','MALAVER',NULL,'h','1511100913','ginolguinmalaver@hotmail.com','$2y$10$XVH.Kr6y6rZ4GAQ0lMfI1Opk0v461ot0AfVZvlgVKKvJ4CS0zoXZ.','SAN FRANCISCO MZ.B LT.5 SECTOR AMERICA-MOCHE','949227179',NULL,NULL,'1','1',1,NULL,'2017-10-24 04:42:31','2017-10-24 04:42:31'),(409,'TOMACITA NOEMI','OLIVARES','CANCHACHI',NULL,'m','1511102415','noemi.7_2013@hotmail.es','$2y$10$gj/83h6sLsmZCEF/jVBGjOzsPnpU6XD0amKe7Cv4yKs0YEcDw9q3W','CALLE TOMAS MOSCOSO 962 EL PORVENIR','944597460','944597460',NULL,'1','1',1,NULL,'2017-10-24 04:42:31','2017-10-24 04:42:31'),(410,'JOSE DAVID','OLIVARES','JARA',NULL,'h','1511101217','josedavid_farmacia@hotmail.com','$2y$10$FGAF/egqdqdfcAS.Fg8Go.9KT5lxvPOyGK//DUMYcDDWCc6wvV3Oe','PUEBLO JOVEN EL BOSQUE MZ G LOTE 16','44475094','947574483',NULL,'1','1',1,NULL,'2017-10-24 04:42:31','2017-10-24 04:42:31'),(411,'ANDERSON','OLIVERA','BURGA',NULL,'h','1051101416','ander128@outlook.com','$2y$10$cEsBSRjIbL5fDdJQcdAu5uUy5jhDxzrjsVYKSb9hU2pI6GVD5YJea','NEW YORK #114',NULL,'948509151',NULL,'1','1',1,NULL,'2017-10-24 04:42:31','2017-10-24 04:42:31'),(412,'SAIRA ARACELLY','ORBEGOSO','CABRERA',NULL,'m','1451100214','aracelly.orbegoso@gmail.com','$2y$10$15lqYfODDLEdr23tzB/k1.3TRCBS0RV7XSjEI6fzCcPm3HDiS8KeC','CALLE LAS CASUARINAS MZ 22 B LT 11 - URB. RINCONADA','44384308','920347470',NULL,'1','1',1,NULL,'2017-10-24 04:42:31','2017-10-24 04:42:31'),(413,'CLAUDIA LORENA','ORBEGOSO','VERA',NULL,'m','1051101113','clov_461@hotmail.com','$2y$10$GJOmz6.TTyz1aTt1VlDpUOXhhQO4KpD6fCN5DznG0TbB0VgMx3jFK','SECTOR LIBERACION SOCIAL - MZ. B LT. 08','288333','973976766',NULL,'1','1',1,NULL,'2017-10-24 04:42:31','2017-10-24 04:42:31'),(414,'HAIDY MAGGLI','ORBEGOZO','PAREDES',NULL,'m','1041100111','amy_93_luz@hotmail.com','$2y$10$N0C/l6hiol6XWE2pCUAnPupwpGn9i7CUU4js28B2flYbI8WwXvhGq','MZ.29 - LT.9 - AA. HH. NUEVO PORVENIR - EL PORVENI',NULL,'949505287',NULL,'1','1',1,NULL,'2017-10-24 04:42:31','2017-10-24 04:42:31'),(415,'ROBERTH YON','ORE','CRUZ',NULL,'h','1511102413','yon_libra_79@hotmail.com','$2y$10$FYBQhMky6po9lj/YygauOOadOUf7uBywdQQRFVt7UqvRXMqk/4HF6','PASAJE MIRAFLORES 691',NULL,'999785683',NULL,'1','1',1,NULL,'2017-10-24 04:42:31','2017-10-24 04:42:31'),(416,'MARIO JANFRANCO','ORTIZ','LUJAN',NULL,'h','051102009','m.juanfranck_orl.lmcm@hotmail.com','$2y$10$ft9Ks..oNY.yAFqPNR.De.N/n9yrCiysMTJWgwh/o7vVtlXAMgZE2','av.antenor orrego mz. k lt. 22 urb. covicorti',NULL,'949408215',NULL,'1','1',1,NULL,'2017-10-24 04:42:31','2017-10-24 04:42:31'),(417,'CRISTEL MAYORLIN','ORTIZ','NORIEGA',NULL,'m','1041100315','kristell_adhara12@hotmail.com','$2y$10$5y05CEaaYkDAk2COwz6EtuFc/A9hT58amvk.vv7jrd0XSXBzukduu','VILLA COCOCCHO - CAMPO REDONDO - LUYA- AMAZONAS','978093401',NULL,NULL,'1','1',1,NULL,'2017-10-24 04:42:31','2017-10-24 04:42:31'),(418,'GISELA GREISY','OTINIANO','CERNA',NULL,'m','1091100115','gigrey3@gmail.com','$2y$10$sb9Bxmr2gJiojUEHB4hrPOwpUFakH7w7sE.4fXN583/VXtUzP4NX2','MANUEL AREVALO II ETAPA MZ-5 L6 LA ESPERANZA','948103091','948103091',NULL,'1','1',1,NULL,'2017-10-24 04:42:31','2017-10-24 04:42:31'),(419,'YEYSON BRANDO VICTOR','OTINIANO','CERNA',NULL,'h','1011100913','otiniano.20@hotmail.com','$2y$10$buzBlB9q4YJeCnDgLW/KKOkzCGyWRQDsr5Htq5rGxg5WZ3oOK1iCa','MANUEL AERVALO II ETAPA MZ 5 LOTE 6','44239779',NULL,NULL,'1','1',1,NULL,'2017-10-24 04:42:31','2017-10-24 04:42:31'),(420,'ERICK ROBERTS','OTINIANO','MOYA',NULL,'h','1021101116','deivis_erick_14@hotmail.com','$2y$10$bAd9Iwowz6YU70JbAlVpT.915NOetrikuMT5xX2yni13xU.KGOgAe','CALLE MANUEL UBALDE 797',NULL,'994620917',NULL,'1','1',1,NULL,'2017-10-24 04:42:31','2017-10-24 04:42:31'),(421,'STHEFANY YANITZA','OTOYA','LAVADO',NULL,'m','1021102012','star_846@hotmail.com','$2y$10$u687Xlnp9NSQtma4/F5FF.UJaORnNmmus09GdC570O/brqrCUFpTq','AV. GRAN CHIMU 704.LA ESPERANZA','272084','994731456',NULL,'1','1',1,NULL,'2017-10-24 04:42:31','2017-10-24 04:42:31'),(422,'CANDY ESMERALDA','PALACIOS','BRICEÑO',NULL,'m','1021101412','Smaragdi_k.d@hotmal.com','$2y$10$3PjQ1BPPvtI5S4y4RVp.ouZVAejbIc66xn6RRb1Zp3oON9YqKh3qe','COVICORTI -MZ-R-LOTE 9','601969','996066777',NULL,'1','1',1,NULL,'2017-10-24 04:42:31','2017-10-24 04:42:31'),(423,'JOSSELIN ESTEFANIA','PALMA','LUCIO',NULL,'m','1511103615','jossy_medix@hotmail.com','$2y$10$4Ve5B.dkPiSnBFlwslVONe94j4lxkTDhSO87iWYp1gVT1LWy/Ll4u','Av. Juan Pablo II n° 337 San Andres','943929809',NULL,NULL,'1','1',1,NULL,'2017-10-24 04:42:31','2017-10-24 04:42:31'),(424,'ZOILA GERALDINE','PAREDES','ALQUIZAR',NULL,'m','1511100916','geraldine_cancer_13@hotmail.com','$2y$10$wtA2IM7HFHKz/RbR1r0D8OQZEi2CR1l1ZLE4MUwZW2c2mMv/A/GpO','JUAN DELLEPIANI 390 URBANIZACIÓN EL BOSQUE',NULL,'938267981',NULL,'1','1',1,NULL,'2017-10-24 04:42:31','2017-10-24 04:42:31'),(425,'DIANA VANESSA','PAREDES','CARMEN',NULL,'m','1011102014','sweet.love_14@hotmail.com','$2y$10$UZZk7syiUlc2pkBKllPrzuUj8ooWJYueB/4Ia1TlBtIPrAD0iQJ0K','EL MILAGRO CALLE SAN MARTIN SECTOR PUEBLO JOVEN MZ','995959242',NULL,NULL,'1','1',1,NULL,'2017-10-24 04:42:31','2017-10-24 04:42:31'),(426,'LESDY BRHIGGITE','PAREDES','LLICO',NULL,'m','1021100112','lesdy_15@hotmail.com','$2y$10$V1ViRnaHtC/DAtKDVoY6aeHR4eAZXPsikwSurwU2gd91JqpNT8ut2','JR. LOS LAURELES #678','416230',NULL,NULL,'1','1',1,NULL,'2017-10-24 04:42:31','2017-10-24 04:42:31'),(427,'EDIN WALTER','PAREDES','MONZON',NULL,'h','1011101712','edin_15xto@hotmail.com','$2y$10$TFMdkcPoz6u.icX0llli5.out7U4NbNxpjxQ0IDbe97f4hmHBMvhG','SEÑOR DE LOS MILAGROS - PASAJE VIRGEN DE LA PUERTA - MZ F',NULL,'970004178',NULL,'1','1',1,NULL,'2017-10-24 04:42:31','2017-10-24 04:42:31'),(428,'JOHANA MELISSA','PAREDES','PAREDES',NULL,'m','1511102416','ninita_kameda23@hotmail.com','$2y$10$qeOOuuvU.yc7OBmmCMxiveNHi2vpsalHmBh/nHAySFK8dKSLb6ob.','CALLE 12 DE FEBRERO 685 FLORENCIA DE MORA','214452','957686463',NULL,'1','1',1,NULL,'2017-10-24 04:42:31','2017-10-24 04:42:31'),(429,'YNGRID YAZMIN','PAREDES','PAREDES',NULL,'m','1021102013','yasmin_15_91@hotmail.com','$2y$10$/brXr0c8HVOSzs2E1y5tNefAv/xPsktvHqWHe2ZgSEuljtOw2mXDi','MZ A40 LOT. 1 TERCERA ETAPA MANUEL AREVALO LA ESPE','961031572','947037664',NULL,'1','1',1,NULL,'2017-10-24 04:42:31','2017-10-24 04:42:31'),(430,'ALEXANDRA FIORELA','PAREDES','PUERTA',NULL,'m','1511101312','lecoquelicot13@gmail.com','$2y$10$Vq61R2kCRoDJn0cWF4aQ3enO/1S4P8RyAgoro/vapqms7m13WdzAa','URB.LA ESMERALDA MZ. A LT 30','222492','941104181',NULL,'1','1',1,NULL,'2017-10-24 04:42:31','2017-10-24 04:42:31'),(431,'EMILIN YARISSA TATIANA','PAREDES','RUIZ',NULL,'m','1511102816','emitatiana_98@outlook.com','$2y$10$VWE7lgwwEGt/dmEZMKobru1QpUG676Re0v7YubtV20YmxQsMf4Wm6','JOSE ARTIGAS 878-A','608106','949593790',NULL,'1','1',1,NULL,'2017-10-24 04:42:31','2017-10-24 04:42:31'),(432,'HENGELS MICHAEL','PAVON','MENDOZA',NULL,'h','1511103214','hengelsmichael@hotmail.com','$2y$10$K2HXZVKs.A3.xMO2Bd0u9.ReMzJLT2OI6nQamsVL.6/P4CwJHh3/O','JR.MARCO DEL PONT #1813 LA ESPERANZA',NULL,'961633266',NULL,'1','1',1,NULL,'2017-10-24 04:42:31','2017-10-24 04:42:31'),(433,'GREYSI ISABEL','PAZO','MEDINA',NULL,'m','1021101515','estrellita20936@hotmail.com','$2y$10$3mznpOOiJNWdZ86GKg0QT.AEMOU7hYE/dIzmFGIwP2SiMXEfziPPS','SAN JUDAS TADEO C-15 TALARA',NULL,'973800038',NULL,'1','1',1,NULL,'2017-10-24 04:42:31','2017-10-24 04:42:31'),(434,'YSABEL GIANNINA LISSET','PELAEZ','RAMOS',NULL,'m','511101909','tha_crazy13@hotmail.com','$2y$10$2cq3yY4X3e5ZC3/PgGepeeD8oFNWPrVLx7/ywHuX52Spa6w/PU83u','santa catalina #22',NULL,'986296883',NULL,'1','1',1,NULL,'2017-10-24 04:42:31','2017-10-24 04:42:31'),(435,'RICARDO MIGUEL','PERALTA','TINGAL',NULL,'h','1021101711','migue_14_19@hotmail.com','$2y$10$9X4iw3r0hMrT9W0K2OhhCu8mh2rA1yOxudDz6sOgYfQ1pV28sVcCG','Av. Carrión 427- TRUJILLO','44533889','944144702',NULL,'1','1',1,NULL,'2017-10-24 04:42:31','2017-10-24 04:42:31'),(436,'PERCY','PEREA','ALVA',NULL,'h','1051102612','ppa_05@hotmail.com','$2y$10$L3Ah1Ir3HhiV9YcwZuB2V.MQ93xz75Gqf0PFCVjWWxoELh/fOWhTe','JR.MARTINEZ DE COMPAÑON N° 473 URB.SAN ANDRES 2DA ETAPA','42561786','942483337',NULL,'1','1',1,NULL,'2017-10-24 04:42:31','2017-10-24 04:42:31'),(437,'VECXI JUDITH','PEREDA','CONTRERAS',NULL,'m','1511103315','vecxi07@hotmail.com','$2y$10$GFu/3uluJFNqUC4Ig233a.b1SxiPsk.30DvpSd9L02nrJUTR8JRRG','PP JJ LA ESPERANZA MZ. 28 LT. 1','239739','964414364',NULL,'1','1',1,NULL,'2017-10-24 04:42:31','2017-10-24 04:42:31'),(438,'KLARITA LIZET','PEREZ','CALDERON',NULL,'m','1051101815','klaritaperez@hotmail.com','$2y$10$n12rKr7qGeL4Y7Crkyz1nub.M9loQ4RaMTtUV7XBDpvHjQEKjNR3C','AV. LOS INCAS 139','976658959','976658959',NULL,'1','1',1,NULL,'2017-10-24 04:42:31','2017-10-24 04:42:31'),(439,'MARY LISBETH','PEREZ','CARRASCO',NULL,'m','1031100314','mary_9525_licha@hotmail.com','$2y$10$Dakvy2tCwFnaizCwaE/Fl.8tKOpPpMJ2/tXQw2D/51VPutUb62TIO','Calle Miguel F. Cerro 653 TRUJILLO','947636554','947636554',NULL,'1','1',1,NULL,'2017-10-24 04:42:31','2017-10-24 04:42:31'),(440,'GIULIANA EDITHA','PESANTES','CHAVEZ',NULL,'m','1511101912','Liana1_11@hotmail.com','$2y$10$uHP1q.B8k1EYvlLBJcel7O0TniyHKWyoh1/ut0Kj8f8faVft9i0vi','MZ A 54 LOTE 20. - URB. MANUEL AREVALO III ETAPA','274981','996962580',NULL,'1','1',1,NULL,'2017-10-24 04:42:31','2017-10-24 04:42:31'),(441,'SOFIA ROSMERY','PINEDA','MONSALVE',NULL,'m','1011102213','tauro95_4731@hotmail.com','$2y$10$Az3UzDi.3rWBzQQiXhfZTOn5l0VQojRKOBMJER5FZniCJekevER22','AV. AMERICA OESTE URB. POP EL CORTIJO MZ. O3 LT.',NULL,'950222776',NULL,'1','1',1,NULL,'2017-10-24 04:42:31','2017-10-24 04:42:31'),(442,'ADELA NATALY','PINEDO','ALCANTARA',NULL,'m','1511101114','natalypinedo_20@hotmail.com','$2y$10$2EgjIdXeZZGWMLJBTEtZK.8gyL9JZ5ysPX4w503tXx3HKgU5rVkaO','URB. EL BOSQUE MZ. B LT. 30','44220485','949288777',NULL,'1','1',1,NULL,'2017-10-24 04:42:31','2017-10-24 04:42:31'),(443,'ALEXANDRA EMPERATRIZ','PINILLOS','LUJAN',NULL,'m','1051101111','alexa_8pl@hotmail.com','$2y$10$BK8j9xax87sTS/r9ugZFOe.g6gGrWlll4y3lL14fxUYrmwuZoBCZ.','CALLE JOSE CRESPO Nº 346 - URB.RAZURI','214800','976782428',NULL,'1','1',1,NULL,'2017-10-24 04:42:31','2017-10-24 04:42:31'),(444,'LAURA NATALY','PINTADO','BURGOS',NULL,'m','1021101612','laurita_pb1@hotmail.com','$2y$10$3.mR3ML26nuABvUuWB0WdeTvCWDZYc2nIFn.NkMuBLmClHCgSXzYu','MZ.92 LT.6 VICTOR RAUL HAYA DE LA TORRE','44274721','999222701',NULL,'1','1',1,NULL,'2017-10-24 04:42:31','2017-10-24 04:42:31'),(445,'KATHERIN KELLY','PINZON','GONZALES',NULL,'m','1051102116','katherinpg_1498@hotmail.com','$2y$10$NSdWiHzgnsRyuGtzDQdoyOQDc7BO.fiAiX8Rpbsm7fI45zf2EydyC','MZ. O LOTE 15 COVICORTI','610821','939272144',NULL,'1','1',1,NULL,'2017-10-24 04:42:31','2017-10-24 04:42:31'),(446,'JUNIOR AYRTON','PITA','LEON',NULL,'h','1011101215','junior_sagitario2008@hotmail.com','$2y$10$R83g8OCapFUpF22GXb4pXezUC4gl8h0NjbqPlsipRSVDtwTbNX3Ku','LA ESPERANZA RAMIRO PRIALE MZ. 10 LOTE 33','951305264',NULL,NULL,'1','1',1,NULL,'2017-10-24 04:42:31','2017-10-24 04:42:31'),(447,'JHOSELIN STEFANY','PIZAN','URQUIZO',NULL,'m','1051103013','dulce_jochi_1994@hotmail.com','$2y$10$wijxAz6keEUfe7NBdYm0G.YUftfdm8XOc7ASNg7NcRnHOQV16RrYu','JIRON LIMA 631','961093346','961093346',NULL,'1','1',1,NULL,'2017-10-24 04:42:31','2017-10-24 04:42:31'),(448,'AYDE MARISOL','POLO','GOMEZ',NULL,'m','1051102812','cieloazul_piscis_93@hotmail.com','$2y$10$z6H2I/CmUKHhhALE9ZgzwOAWPP0V80h3F9qspNggzu0LcoEq7fHxG','CALLE LAS PONCIANAS MZ 3 LOTE 8 URB. LOS ROSALES DE SAN LUIS','383580','950857561',NULL,'1','1',1,NULL,'2017-10-24 04:42:31','2017-10-24 04:42:31'),(449,'DANIEL JERONIMO','POMA','LEIVA',NULL,'h','1511102515','dani123_05@hotmail.com','$2y$10$wnkOwuDvxSCj/X2aPRPqme9M6xXmSBx5BaK94sjfeg4AmJPPFRVCu','CALLE JORGE CHAVEZ 384 URB. SAN NICOLAS',NULL,'996065719',NULL,'1','1',1,NULL,'2017-10-24 04:42:31','2017-10-24 04:42:31'),(450,'SANNDY SUGEY','PORTILLA','RODRIGUEZ',NULL,'m','1011102212','piscis_896@hotmail.com','$2y$10$zrohvF3QIMDB8wmvhkJG0uk14BgJK7VbV/CZHZ3YoEE4z23tk7/rK','MZ C40 LT 14 - III ETAPA MANUEL AREVALO',NULL,'943928130',NULL,'1','1',1,NULL,'2017-10-24 04:42:31','2017-10-24 04:42:31'),(451,'KATERIN VANESSA','PRINCIPE','NARVAEZ',NULL,'m','1021101316','jhona_853@hotmail.com','$2y$10$B31YKQ9L5E1OXB9wHyi99.pGO.12ktUSztJroUuzU0a3gMmlzHm2a','JOHN F. KENNEDY 302 LA PERLA',NULL,'949279096',NULL,'1','1',1,NULL,'2017-10-24 04:42:31','2017-10-24 04:42:31'),(452,'AKIRO BENJAMÍN','PULIDO','RODRÍGUEZ',NULL,'h','1511100214','akiro_pulido@hotmail.com','$2y$10$fok7q8IYp6NenJGLSmKA6uHTKEgOVZ3/897JZJvSAS6lcwBWrzH0i','CALLE 3 DE DICIEMBRE- PUENTE VIRU',NULL,'944873316',NULL,'1','1',1,NULL,'2017-10-24 04:42:31','2017-10-24 04:42:31'),(453,'ROXANA PATRICIA','QUEZADA','CAMACHO',NULL,'m','1511100613','roxquezadac@gmail.com','$2y$10$SbfB2CFBi2L/wYh3cpjMX.4we7xXZ/.uj4uLqcWR9ER6X2dyH8vPa','UBR. 3 DE OCTUBRE MZ L LT 01',NULL,'999698778',NULL,'1','1',1,NULL,'2017-10-24 04:42:31','2017-10-24 04:42:31'),(454,'CHRISTIAN BRANDON','QUEZADA','CUBEÑOS',NULL,'h','1021100616','brandon.qc@outlook.com','$2y$10$2sKKyILXMdww9h/69G8SUewMZRGMBxtisJ/6Rk196caCE.9Jj2yVi','CALLE HUSARES DE JUNIN 1359- FLORENCIA DE MORA',NULL,'936368651',NULL,'1','1',1,NULL,'2017-10-24 04:42:31','2017-10-24 04:42:31'),(455,'CINTHIA ELIZABETH','QUEZADA','JUAREZ',NULL,'m','1511102811','cindi_952@hotmail.com','$2y$10$ne7FzuIRFgE3KUR6rPXfiONevqo3L2LZrp35n1TmWh1iOn5UfwafK','los laureles Mz C\' lote 45 florencia de mora','215240','943056425',NULL,'1','1',1,NULL,'2017-10-24 04:42:31','2017-10-24 04:42:31'),(456,'RONALDO','QUEZADA','PEREZ',NULL,'h','1051100916','ronaldo_3010@hotmail.com','$2y$10$me2Sp2FPNNHyEetCs8nUr.ehH36ppkPT2kOPj6GxTflp47KbglkZq','AV 8 de setiembre 298-FCIA DE MORA',NULL,'974653172',NULL,'1','1',1,NULL,'2017-10-24 04:42:31','2017-10-24 04:42:31'),(457,'PAOLA VIVIANE','QUEZADA','QUIPUSCO',NULL,'m','051101809','pav_26_09@hotmail.com','$2y$10$JIIC0iTGo5LVojqYMktFKO1rAYtcmbNLCLs9338v2h.svYspZDf5q','31 de enero 1821 -Florencia de Mora',NULL,'948368030',NULL,'1','1',1,NULL,'2017-10-24 04:42:31','2017-10-24 04:42:31'),(458,'EDGAR THOMAS','QUEZADA','RODRIGUEZ',NULL,'h','1051102513','tho1051102513@gmail.com','$2y$10$VymjHlKRUVP6Do9hNL0IkewhzK0DiF0X5cXpndoXDiX4uiXtGRsCy','18 DE MAYO 859 - FLORENCIA DE MORA','44638191','931366620',NULL,'1','1',1,NULL,'2017-10-24 04:42:31','2017-10-24 04:42:31'),(459,'JUDITH LISETH','QUEZADA','RUIZ',NULL,'m','1021100711','liskitt_kitt@hotmail.com','$2y$10$Nwy4snCadGF/o4dqfYf2B.rRde7Plqbj6UYuww1gM/btYngfv3JZ2','AV.TUPAC AMARU MZ M LT.4 ALTO MOCHICA','242689','991909732',NULL,'1','1',1,NULL,'2017-10-24 04:42:31','2017-10-24 04:42:31'),(460,'MAGDA KARINA','QUINTANA','TUESTA',NULL,'m','1051101512','karina_unt@hotmail.com','$2y$10$oRxsECLeTgqwOP61LrcUVeUfS0KwZhcVyKSiRH.O/pUqPGx2298vO','URB SAN NICOLAS CALLE MADRID 270','943838184','943838184',NULL,'1','1',1,NULL,'2017-10-24 04:42:31','2017-10-24 04:42:31'),(461,'JOSSELYN LIZET','QUISPE','CUEVA',NULL,'m','1051101216','josselyn_15_96@hotmail.com','$2y$10$Khfcl8he9Znu/LOWXULcxegwP4BbatogixElubpdqU/0zAVLWB8WC','JR. JOSE MARIA MORELOS #1610',NULL,'953112235',NULL,'1','1',1,NULL,'2017-10-24 04:42:31','2017-10-24 04:42:31'),(462,'ANIBAL JHON','QUISPE','VASQUEZ',NULL,'h','1051100213','a_qvz@hotmail.com','$2y$10$l/J7l8XCsemumyv5IZyWT.NL7bpng2fWlGERfYNwzPIqtOtru8DPO','CHACON BECERRA 245','983092356',NULL,NULL,'1','1',1,NULL,'2017-10-24 04:42:31','2017-10-24 04:42:31'),(463,'PEREGRINA YAJHAYRA','RAFAEL','GONZALES',NULL,'m','1511102613','yajiunt@hotmail.com','$2y$10$36GWpsRGbRDTKDRGUlqFQeLQZQZMHORBCwOHUkjveCF6MFcwNsMnC','PASAJE GILBRALTAR 122 LA ESPERANZA','947603801',NULL,NULL,'1','1',1,NULL,'2017-10-24 04:42:31','2017-10-24 04:42:31'),(464,'MAXIMILIANO ALBERTO','RAFAEL','LLAJARUNA',NULL,'h','1511102315','rafa_152008@hotmail.com','$2y$10$fSTv8O0k8CIMTYoFbnjDPOWMTC4tQxo9sUDEY/maGQ/rfMLA4Ek2e','PSJ JOSE SABOGAL 203','500273','951903884',NULL,'1','1',1,NULL,'2017-10-24 04:42:31','2017-10-24 04:42:31'),(465,'FIORELA','RAMIREZ','ESPINOZA',NULL,'m','1511102511','fiorela_2720@hotmail.com','$2y$10$J8.isF./sISR9dgDIVAcveqaD/.B2BnQu5xV2yFSwEt9QzErNRxQa','urb Daniel Alcides carrion n#195','246725','976796513',NULL,'1','1',1,NULL,'2017-10-24 04:42:31','2017-10-24 04:42:31'),(466,'ELVIS RONARY','RAMIREZ','REYES',NULL,'h','1511100312','ramz07_e@hotmail.com','$2y$10$.R8vOv/ne.Ks62wdWi3HlethJO2Uhb6ZlTB5w8KuRLY7KNiBjmn2e','psj.San Agustin 1941 el Porvenir-Trujillo',NULL,'961633270',NULL,'1','1',1,NULL,'2017-10-24 04:42:31','2017-10-24 04:42:31'),(467,'JESUS ALBERTO','RAMIREZ','SANDOVAL',NULL,'h','1011102413','jesus_porsiempre11@hotmail.com','$2y$10$TXogV5FFkZIPw8nJ7.s07uEZXfQIxBylr0LyrmgtNlQCHaW8Zrnrm','INCA YUPANQUI 431 LA VICTORIA - CHICLAYO',NULL,'961622922',NULL,'1','1',1,NULL,'2017-10-24 04:42:31','2017-10-24 04:42:31'),(468,'STHEFANNY LIZETH','RAMIREZ','VEGA',NULL,'m','1021100313','sl_love_93@hotmail.com','$2y$10$SAF6MBVUFxN4aMZ8DIc7EOdPaoQNhdCuLAYXIdz3kEJiE/kJ0r7TW','MANUEL GONZALES PRADA 594-B - EL PORVENIR','44400734','999623071',NULL,'1','1',1,NULL,'2017-10-24 04:42:31','2017-10-24 04:42:31'),(469,'NICOLASA KATARINA','RAMOS','FIGUEROA',NULL,'m','1041100313','Kattyramos05@hotmail.com','$2y$10$47GK35QxNQXFI.joZnRiIu7GBfBLvkq70H2R6M4mEJ5JDdvtHtkkK','Av. Carrion 469',NULL,'992498086',NULL,'1','1',1,NULL,'2017-10-24 04:42:31','2017-10-24 04:42:31'),(470,'LUIS FRANKLIN','RAMOS','GARCIA',NULL,'h','1511102516','franklin_02_1994@hotmail.com','$2y$10$R2IViwiM7V.LtvME7tHu1uIkC9sJBCQnVF26r3kPjgIhERqHrZYxG','psj las margaritas, la rinconada mz 42 lt 17',NULL,'948720747',NULL,'1','1',1,NULL,'2017-10-24 04:42:31','2017-10-24 04:42:31'),(471,'CINDY CAROLINA','RAMOS','JARA',NULL,'m','1021100716','luz_14_98@hotmail.com','$2y$10$BbUBTy7sGmnIbndh0GXcR.AzXxfLJq5Jeggsb3NhJF2xdum2WqA3a','JOSE GABRIEL CONDORCANQUI - PORVENIR',NULL,'973305015',NULL,'1','1',1,NULL,'2017-10-24 04:42:31','2017-10-24 04:42:31'),(472,'ERICK MARIO','RAMOS','OLIVA',NULL,'h','1011101116','erick_05_26@outlook.com','$2y$10$K5vgjkJqvjcQlNayDd9TZeKvExle6/M7c0r.DOLE5ZR2py0BT6Fva','URB.SAN PEDRO MZ D LOTE 8 SEGUNDA ETAPA- VISTA ALEGRE',NULL,'960190261',NULL,'1','1',1,NULL,'2017-10-24 04:42:31','2017-10-24 04:42:31'),(473,'AZUCENA ANAIS','RAMOS','PORTILLA',NULL,'m','1521100113','azunay_chta_28@hotmail.com','$2y$10$iCGNduA5AfCcyACqW//M/eNLtzIBBGdWvHD8bOnHQ9NbMWI72xrPq','CALLE TUPAC AMARU NÂº 367 - VISTA ALEGRE','958558478',NULL,NULL,'1','1',1,NULL,'2017-10-24 04:42:31','2017-10-24 04:42:31'),(474,'REBECA LIZBETH','RAMOS','VILLANUEVA',NULL,'m','511102710','liz1591_rv@hotmail.com','$2y$10$SO4yO5o2/i/4BsG9mUmMiebpDiA7VY/KoVrXs511nkOwDjQv64uC6','URB. MONSERRATE MZ R BLOCK 8- TRUJILLO','722609','994698669',NULL,'1','1',1,NULL,'2017-10-24 04:42:31','2017-10-24 04:42:31'),(475,'ANTHONY FRANCIS','RAZURI','MACHUCA',NULL,'h','1021100614','anth0ny_9509@hotmail.com','$2y$10$6Vl5xuYqbmGo1Y0oXdaD6uhj/aQQ9gXU8aUB8EUlWlOMqmp9etysa','ANDREZ RAZURI 735','214963','945216234',NULL,'1','1',1,NULL,'2017-10-24 04:42:31','2017-10-24 04:42:31'),(476,'DIANA ANABEL','REBAZA','PAREDES',NULL,'m','1511101016','forevertuya_acuario@hotmail.com','$2y$10$XvlXJwdXQby2Jfb3XJCJW.jE8HQlLtPAcmmA4sqJZsHeq.herGwRG','COLLASUYO 650 - EL PORVENIR','411325','996113706',NULL,'1','1',1,NULL,'2017-10-24 04:42:31','2017-10-24 04:42:31'),(477,'LESLY GREY','REBAZA','VASQUEZ',NULL,'m','1051102214','greysita18@hotmail.com','$2y$10$xR.j1.DlgMckwLeDlHgKM.aGQAjg9ZBnMOf0EQmRzVEBnJqNJEpQu','URB. EL VALLE I ETAPA MZ M LOTE 4','945867901','996049943',NULL,'1','1',1,NULL,'2017-10-24 04:42:31','2017-10-24 04:42:31'),(478,'KARLA LISSETHE','REYES','ALVAREZ',NULL,'m','1051101715','karlareyes.27@hotmail.com','$2y$10$EKXtkXkVRFSPQF5Nbnro9eZQPdoUkXRMdNSPQlZ8Za0Wt8yvmYq7q','LUCIO SENECA 612 URB.RAZURI','44216444','993763772',NULL,'1','1',1,NULL,'2017-10-24 04:42:31','2017-10-24 04:42:31'),(479,'JUNIOR BRYAN','REYES','DE LA VEGA',NULL,'h','1011101014','junior_sagitario310@hotmail.com','$2y$10$ywl8pz0y5wV5EIXKOilYhOlROhuHQPnLdhjWf26Gn5AwzA1h2oUp6','PROLONGACION MIRAFLORES 2308','217014','984671818',NULL,'1','1',1,NULL,'2017-10-24 04:42:31','2017-10-24 04:42:31'),(480,'DENNIS LISET','REYES','MEDINA',NULL,'m','1511100617','lis_1198@hotmail.com','$2y$10$WJw7r3qBYv6w1D0dlvB5leQ6ONxTK9/LqTk11iBxbICNnza7LRDJS','AV. MIRAFLORES 57 ASENT.H. SUMANIQUE','949409655',NULL,NULL,'1','1',1,NULL,'2017-10-24 04:42:31','2017-10-24 04:42:31'),(481,'DENNIS BIYIK','REYES','PASCUAL',NULL,'h','1511101817','biyik-20@outlook.com','$2y$10$osdbFD9amGkm50dyz61WcOPdcTyGBd7wWfapgptSAG68xPoOJMq.O','COVICORTI MZ R LOTE 14','943365248',NULL,NULL,'1','1',1,NULL,'2017-10-24 04:42:31','2017-10-24 04:42:31'),(482,'MARIELA','REYES','PENAS',NULL,'m','1021100513','mariela_acuario94@hotmail.com','$2y$10$1WL.1KoNzrdYqz89tf.rE.TJAnA09w9YVOxxZgPuLgK1FUbn4eWNu','Covicorti MzP3 Lt 52',NULL,'976799171',NULL,'1','1',1,NULL,'2017-10-24 04:42:31','2017-10-24 04:42:31'),(483,'VIVIAN NOELI','REYES','POLO',NULL,'m','1011100811','vivianrp.next@hotmail.com','$2y$10$6p4C6Ftbd55kY/yi3.nKgu7QVaFacH0Hx9B7/GKW0b7x62cTUpGW6','Av, San Jose1026 MIRAMAR','44389534','969391396',NULL,'1','1',1,NULL,'2017-10-24 04:42:31','2017-10-24 04:42:31'),(484,'ELVA MILAGROS','REYNOSO','LEYVA',NULL,'m','011101908','emili_302@hotmail.com','$2y$10$IdI/Gz2qJRh7mVvxn2TxMO.q.CGxJAW/u0FHYTd3lk.UteVrQuOEi','Buenos Aires Centro M.Miller nº469','318982','978385969',NULL,'1','1',1,NULL,'2017-10-24 04:42:31','2017-10-24 04:42:31'),(485,'KATIA YULEYDI.','RIVERA','RODRIGUEZ',NULL,'m','1051101016','katia_acuario_7@hotmail.com','$2y$10$QP4YXnPh/hM0.EK60kjQe.2oDyX87FDDQCz0Lhm3dikB3/Skbybii','CALLE ABANCAY 1837 PUEBLO JOVEN EL PORVENIR',NULL,'976234743',NULL,'1','1',1,NULL,'2017-10-24 04:42:31','2017-10-24 04:42:31'),(486,'JHON GERSON','RIVEROS','REYES',NULL,'h','1511102915','riverosacuario@hotmail.com','$2y$10$v/p2qy2dL/2jpszhrAskMegffeqzHHFHuiiG7NJ3gnGRdNmdo6J4y','coovicorti R_14',NULL,'932146522',NULL,'1','1',1,NULL,'2017-10-24 04:42:31','2017-10-24 04:42:31'),(487,'SHEYLA CATHERINE','ROBLES','ALAYO',NULL,'m','1011101613','iwis_love10_11@hotmail.com','$2y$10$1CkEqExnU2cpCnCyKdxBLuxuTpVU/Vb2xWckZBpbL3yCFneAEThC2','CALLE REAL 20 SHIRAN',NULL,'942384448',NULL,'1','1',1,NULL,'2017-10-24 04:42:31','2017-10-24 04:42:31'),(488,'MERLY ELIZA','RODRIGUEZ','CASTILLO',NULL,'m','1051102514','merly.e.rodriguezcastillo@hotmail.com','$2y$10$kG8pHCQS7tnpow0GZrmAAO699DQ6iVQ3oFVTaMDfM8zKC3QgOn/Cy','20 DE SETIEMBRE 843','449957623',NULL,NULL,'1','1',1,NULL,'2017-10-24 04:42:31','2017-10-24 04:42:31'),(489,'JULIO MANUEL','RODRÍGUEZ','DEL AGUILA',NULL,'h','1511100614','juliorodriguezdelaguila@gmail.com','$2y$10$4vLp..y4ABWV96iLUwdnQe8sPmVsg4j1BHZZcMqQJe67GYSags.ci','MZ. 99 LTE 6 AA.HH. VICTOR RAUL HUANCHACO','44238635','985522901',NULL,'1','1',1,NULL,'2017-10-24 04:42:31','2017-10-24 04:42:31'),(490,'RACHEL ESMERALDA','RODRIGUEZ','GARCIA',NULL,'m','1011101717','rachelrg2302@gmail.com','$2y$10$i.b7sx9XukM3N9GhfOd61eNxioQ97MMGT5/.G0WT/gSXAmwjr.W.a','AV. REVOLUCION 1197','44386104','948706436',NULL,'1','1',1,NULL,'2017-10-24 04:42:31','2017-10-24 04:42:31'),(491,'DIANA YULISSA','RODRIGUEZ','GUZMAN',NULL,'m','1051102317','yuli_19_20@hotmail.com','$2y$10$Uc/pu0pYVjiuHYHVvzcNBuXk/d5LPf/eHG3jeMoRIptp87Ey2rjCG','ASENT .H. CORAZON DE JESUS MZ. SLT. 10A',NULL,'945385534',NULL,'1','1',1,NULL,'2017-10-24 04:42:31','2017-10-24 04:42:31'),(492,'KARINA MADELEYNE DEL ROCI','RODRIGUEZ','LIZA',NULL,'m','1011100312','karina_92_sud@hotmail.com','$2y$10$/lKKGfvBSltZnxkup1saYeV0TM3paM8rOwVE4P0PYVvZfWuLVX/c6','CALLE LAVOISIER - URB. DANIEL HOYLE - MZ. E LT. 17','214600','990546569',NULL,'1','1',1,NULL,'2017-10-24 04:42:31','2017-10-24 04:42:31'),(493,'DIEGO LEONEL','RODRIGUEZ','LUJAN',NULL,'h','1021100816','djboz_100@hotmail.com','$2y$10$mBEPMrTib.DYF.Jcr9ZGJ.QKO8blIzBf71IPpK5y0kjNXsWsfJwV2','AV. MANUEL VERA ENRIQUE 250 DPTO 501D URB.HUERTA GRANDE','576813','974656729',NULL,'1','1',1,NULL,'2017-10-24 04:42:31','2017-10-24 04:42:31'),(584,'MATILDE JENYFEER','RODRIGUEZ','MARQUINA',NULL,'m','1511102614','jenyfeer.1696@gmail.com','$2y$10$pS0rx7tGpugOk2oKW1dLw.JbgA1nD943F0NEB6Qfp8L.TliCsaJkO','AA.HH. NUEVO PORVENIR MZ.27 LT.09','400819','991929335',NULL,'1','1',1,NULL,'2017-10-24 05:35:51','2017-10-24 05:35:51'),(585,'JENNIFER CRISTINA','RODRIGUEZ','MEZA',NULL,'m','1051102417','jenniferrodriguezmeza16@gmail.com','$2y$10$XKnUXcdfNHtwYkxNlEFb1e/aN6Wxe9QgEJXt5AeylckrPrpawip9O','JR. STA. ROSA 769 LA ESPERANZA','44238552','949786589',NULL,'1','1',1,NULL,'2017-10-24 05:35:51','2017-10-24 05:35:51'),(586,'KATHERINE JUDIT','RODRIGUEZ','PAREDES',NULL,'m','1511101613','rpkatyta20@hotmail.com','$2y$10$n6YsJXgda8.OJKrXKdZGBO/G48WyQ4G9aSwcgVBPZIs48l6viKNYS','MZ.2 LT.13 AA.HH. PUEBLO EL SOL',NULL,'998632435',NULL,'1','1',1,NULL,'2017-10-24 05:35:51','2017-10-24 05:35:51'),(587,'LUIS ALBERTO JESUS','RODRIGUEZ','PELAES',NULL,'h','1011101715','luis_kl_2010@hotmail.com','$2y$10$Qmrx7TvvIJQj9DNQsACqr.XmMLEh6XDkDeQdNnjrpCnxO0cmacyYu','SANCHEZ CARRION 1146 - EL PORVENIR','973412124',NULL,NULL,'1','1',1,NULL,'2017-10-24 05:35:51','2017-10-24 05:35:51'),(588,'CAROL CHRISTINA','RODRIGUEZ','PEREZ',NULL,'m','021100708','karolcita_chris@hotmail.com','$2y$10$SNcRhF4heeyMq7/IArmtDuEGicZD/mndg.4XNhdNfasUCkflevQQK','calle daniel hoyle 430 int 603 urb. el molino','534616','987425296',NULL,'1','1',1,NULL,'2017-10-24 05:35:51','2017-10-24 05:35:51'),(589,'MARITZA XIMENA','RODRIGUEZ','RAYMUNDO',NULL,'m','1021101715','maritza_jelenator_1105@hotmail.com','$2y$10$h8sNKjdGso7NuRkdpeGb.O/0BP/.0PDmss42eZRc/HUOOx75DHFwC','INCA PAULO #174 - URB. SANTA MARIA','44295321','952922525',NULL,'1','1',1,NULL,'2017-10-24 05:35:51','2017-10-24 05:35:51'),(590,'FREDY EDUAR','RODRIGUEZ','RODRIGUEZ',NULL,'h','1051102215','F_Rodriguez.R@outlook.com','$2y$10$jJUrAfBZdm/NhDhHTSh3yOuTkMbCvAFvwY2jTnO/WLO9EWrdcw2GW','CALLE LIBERACION 1787 EL PORVENIR','403812','943838073',NULL,'1','1',1,NULL,'2017-10-24 05:35:51','2017-10-24 05:35:51'),(591,'BRIGGITHE KAROLAING','RODRIGUEZ','RONDO',NULL,'m','1051102912','karolaing_31@hotmail.com','$2y$10$TS4TkPyxpMfK0aiCM1eN9.bKVrkpsywx8rnhS0CS6Qr9Mubuf9sSu','BARCELONA 1519','402120',NULL,NULL,'1','1',1,NULL,'2017-10-24 05:35:51','2017-10-24 05:35:51'),(592,'HECTOR MANUEL','RODRIGUEZ','RUIZ',NULL,'h','1021100314','decthor_15@hotmail.com','$2y$10$BwXR2TN1ujY3Frmauezi5OdeMZJQdIJOq.I.A3.jFBJx3YdEjR1x.','URB.MANUEL AREVALO III ETAPA MZ.A25 LT.23','44270997','952245199',NULL,'1','1',1,NULL,'2017-10-24 05:35:51','2017-10-24 05:35:51'),(593,'ANGHELA LISETH','RODRIGUEZ','SAAVEDRA',NULL,'m','1511100417','anghelalisethrodriguezsaavedra@gmail.com','$2y$10$b0SQa/rNVdSojNLh1KtHYOHrxNA2Xgv3Z31uPb6U2BlLVGV23CWSi','Pasaje Obispo M. Medina N° 381','969149178','956682740',NULL,'1','1',1,NULL,'2017-10-24 05:35:51','2017-10-24 05:35:51'),(594,'JUNIOR OSWALDO','RODRIGUEZ','SALVATIERRA',NULL,'h','1021100317','jhunior_4_24@hotmail.com','$2y$10$PksGHa.QIgibEJM7.G6WIeo//hu/DbfTuComt.irpaVua8tEbBuXm','CALLE MANCO CAPAC 2DO PISO 698 PP.JJ. EL PORVENIR','941817511','931067520',NULL,'1','1',1,NULL,'2017-10-24 05:35:51','2017-10-24 05:35:51'),(595,'LORENA VANESA','RODRIGUEZ','SEGURA',NULL,'m','1051102314','lorena-vane@hotmail.com','$2y$10$SSkVUx2UpXle4fXM7iWF..F7zUNeW2xBFtq9VfmpbmkmItGAw1wCO','SECTOR ALAMEDA DE SAN ANDRES MZ F 5 LOTE 01','958533947','945680671',NULL,'1','1',1,NULL,'2017-10-24 05:35:51','2017-10-24 05:35:51'),(596,'GEORGE GUSTAVO ARMANDO','RODRIGUEZ','TORRES',NULL,'h','1511101713','george1991.grt@gmail.com','$2y$10$dnMDLzXqYD4qwkUl6bb7cuw4WVRwfNWqXu0XJH9cv6mfIoqzfr3yW','AV AMERICA CDA 18',NULL,'957932623',NULL,'1','1',1,NULL,'2017-10-24 05:35:51','2017-10-24 05:35:51'),(597,'YANINA LIZETH','RODRIGUEZ','VEJARANO',NULL,'m','1511102417','yanirv@hotmail.com','$2y$10$lAYHny/IeAB7t7ppfpDz4uN096xq6GxCrfi3Iwoymw5qddgsUz212','MIGUEL GRAU 944 SANTIAGO DE CHUCO',NULL,'944361345',NULL,'1','1',1,NULL,'2017-10-24 05:35:51','2017-10-24 05:35:51'),(598,'ROSENDA ROSE MARY','RODRIGUEZ','VENTURA',NULL,'m','1021102211','rosenda_124@hotmail.com','$2y$10$j.omePTksdvVvDp/d43QX.PqtWXB0K7dffXQQYkRzc3eqcVaVrw1y','CAMPIÑA SAN CARLOS S/N - LAREDO','651174','958619572',NULL,'1','1',1,NULL,'2017-10-24 05:35:51','2017-10-24 05:35:51'),(599,'KARITO GERALDINE','RODRIGUEZ','VIDAL',NULL,'m','1021101411','karito_libra18@hotmail.com','$2y$10$uiJmKqZu8mcXNoS3CLmMQ.dFHlxRTnua2w8isBZhk.CIlnOGieWM6','JOSE MARTI Nº 1651','666435','988560428',NULL,'1','1',1,NULL,'2017-10-24 05:35:51','2017-10-24 05:35:51'),(600,'HAROLD ANDRES','RODRIGUEZ','ZAFRA',NULL,'h','1511102916','harz2008@hotmail.com','$2y$10$eP.TsvVRrD/97qsDRILtueOmMp9ICKBERl5kxPCpfMiX9Yu75R5sO','REPUBLICA DOMINICANA #182 - 29 DE DICIEMBRE',NULL,'968616699',NULL,'1','1',1,NULL,'2017-10-24 05:35:51','2017-10-24 05:35:51'),(601,'ESTEPHANI DEL ROSARIO','ROJAS','CAMPOS',NULL,'m','1021101215','estephani_13_1997@hotmail.com','$2y$10$FXgzPWdAi2uRMOiup23zS.Y6xRi9fFj9UoMIZWEqmsN2HLIAH.9tO','AV.ANDRES BELAUNDE 538 URB.EL BOSQUE','223965','932748365',NULL,'1','1',1,NULL,'2017-10-24 05:35:51','2017-10-24 05:35:51'),(602,'YEN KELLY','ROJAS','GUTIERREZ',NULL,'m','1051100615','yenn_yrj16@hotmail.com','$2y$10$vGoxAj7OFM6lMrTZURbSEeTOaSXbLWUezHoyfh.myhAj87LgkgN7K','MICAELA BASTIDAS 2120 EL PORVENIR',NULL,'995832131',NULL,'1','1',1,NULL,'2017-10-24 05:35:51','2017-10-24 05:35:51'),(603,'VICTOR JUNIOR','ROJAS','HUAMAN',NULL,'h','021101307','errejota_007@hotmail.com','$2y$10$X.nETWcQx3zJ/ysrxI1HSuah0mXzEj4oQZv.crxevd1rbAMJ2nOCa','san andrez 369 compañon',NULL,'44949653223',NULL,'1','1',1,NULL,'2017-10-24 05:35:51','2017-10-24 05:35:51'),(604,'LESLIE JENIFER','ROJAS','ONTANEDA',NULL,'m','1021100113','tequiero_10_1993@hotmail.com','$2y$10$mTHKufXL4iLHpenBbkxLK.zGf7I0d7f1pnFw2irJwVHnalr9GJFPa','Urb San Nicolas 576','950974854','950974854',NULL,'1','1',1,NULL,'2017-10-24 05:35:51','2017-10-24 05:35:51'),(605,'MARIA JESUS.','ROJAS','TORRES',NULL,'m','1021102313','mariaj_rtorres@hotmail.com','$2y$10$mvTMh5.6y898/Qggsxubm.PIsxonSgCuo8U7.fGLTb5QYoQEbbQiW','AV.SANCHEZ CARRION 773','44410012','948922452',NULL,'1','1',1,NULL,'2017-10-24 05:35:51','2017-10-24 05:35:51'),(606,'LUIS JOSUE','ROMANI','BORJA',NULL,'h','1011100111','luis_20_90@hotmail.com','$2y$10$PVRBtwg7iIUAeT12N0s3QeDsjv1X2J5B3JlBT/4.40VIjIuQREZlm','Fray Pedro Urraca 321',NULL,NULL,NULL,'1','1',1,NULL,'2017-10-24 05:35:51','2017-10-24 05:35:51'),(607,'YESSENIA ROXANA','ROMERO','MIRANDA',NULL,'m','1021101212','yessenia.16@hotmail.com','$2y$10$fRYrckUi8S65jgXdQ0cRteDgrxYwVDGNCY.Tx7k7RFdzf7s4AmUxe','Francisco Solano N° 315.Primera Etapa.San Andrés.','43392175','971790650',NULL,'1','1',1,NULL,'2017-10-24 05:35:51','2017-10-24 05:35:51'),(608,'KATERIN THALIA','RONDO','TOLENTINO',NULL,'m','1051100616','thalia_amor_mar@hotmail.com','$2y$10$lZQIrZbG.zKnqByZ0vr.Re3vUbfy4EKwJHjY1LwWzE0KS7CaqjX5S','CALLE SANTA CLARA 604-A- EL PORVENIR','403818','962927969',NULL,'1','1',1,NULL,'2017-10-24 05:35:51','2017-10-24 05:35:51'),(609,'MELISSA PAOLA','ROSALES','AZABACHE',NULL,'m','1021101814','meli_crazy0119@hotmail.com','$2y$10$H/Qk7Fw0eZKp/nerWwmiWuL/X3DCP/Yup2c.wOzVXoi6xfXpxxSgW','SANTA ROSA LT. 2','389741','948038297',NULL,'1','1',1,NULL,'2017-10-24 05:35:51','2017-10-24 05:35:51'),(610,'ANDERSON MARCOS','ROSALES','PACHAMANGO',NULL,'h','1041100214','marcos.2496@outlook.es','$2y$10$bRmOvBAWQal7poMhrQryaO/0.akwWBJSQAokSqZ7u.YAND3jEc/KC','AV. REVOLUCION 1917- EL PORVENIR','314859','993009928',NULL,'1','1',1,NULL,'2017-10-24 05:35:51','2017-10-24 05:35:51'),(611,'JESSICA YULEISY','ROSARIO','ALAYO',NULL,'m','1041100113','yuleisyalayo@hotmail.com','$2y$10$q9gQppR8TR9h09gYPMFSXunSpUcrvEqNc0Y16UT8LK41SHzhgL6Xa','LAS AGATAS MZ. 54 LOTE 26 . LA RINCONADA','963603672',NULL,NULL,'1','1',1,NULL,'2017-10-24 05:35:51','2017-10-24 05:35:51'),(612,'ANABELEN BEATRIZ','ROSAS','BAZAN',NULL,'m','1021100217','ana_belen_0210@hotmail.com','$2y$10$hdCavb6AG3u77vvWIgBU1eGIdkj.YG0Tufoia/cgFjHuOqdGNdtme','CALLE JULIAN MORALES 480 URB. RAZURI','426542',NULL,NULL,'1','1',1,NULL,'2017-10-24 05:35:51','2017-10-24 05:35:51'),(613,'JULIA NELLY','ROSAS','CABALLERO',NULL,'m','1511101414','nelly946@hotmail.com','$2y$10$QIAssLhAOC5rJL4R6Sj10uLMoedDj3RIFSUk04OI.gqqM6bYVG4DW','PUEBLO JOVEN 3 OCTUBRE MZ W LT 1','43202379','989311967',NULL,'1','1',1,NULL,'2017-10-24 05:35:51','2017-10-24 05:35:51'),(614,'GALY PAOLA','ROSAS','CRUZ',NULL,'m','1051101115','galypaolarosascruz@hotmail.com','$2y$10$r.yVebxs4beq02CPsgXGou2yNgBBsws6VwAsVkJwIa..bAuO/LctW','BARCELONA 2280- EL PORVENIR','988055146','971784470',NULL,'1','1',1,NULL,'2017-10-24 05:35:51','2017-10-24 05:35:51'),(615,'GLENDA BRIGITTA','ROSAS','JACINTO',NULL,'m','1511101017','glenda12_rosas@hotmail.es','$2y$10$PppJvsxqnnbxl1wBU8vkretEjcLBujtuwpr0O9nOiQoQ2e.ft7xtS','SALAVERRY #76 SECTOR INGENIO-CARTAVIO','964402694','964402694',NULL,'1','1',1,NULL,'2017-10-24 05:35:51','2017-10-24 05:35:51'),(616,'LUIS ALBERTO','ROSAS','SAAVEDRA',NULL,'h','1051100913','l_rs94@hotmail.com','$2y$10$HOAunoFr0Y2ACrnqisinbuwsvjStbZ6LufBwZA0ClZAWEol3tqdBm','PSJ TRUJILLO S/N - EL CORTIJO','928056064','910130431',NULL,'1','1',1,NULL,'2017-10-24 05:35:51','2017-10-24 05:35:51'),(617,'KATERIN MILAGROS','RUBIO','RAMOS',NULL,'m','511102210','yumixi15_fyb@hotmail.com','$2y$10$cttg4oCv0AWgV4QjfFmBEehpLGTA6AMkSG73iiGx8deiiiPAmlyZW','MZ 2 LOTE 37 4TA ETAPA SECTOR WINCHANZAO - LA ESPE',NULL,'973974386',NULL,'1','1',1,NULL,'2017-10-24 05:35:51','2017-10-24 05:35:51'),(618,'LUIS DAVID','RUBIO','RODRIGUEZ',NULL,'h','1051101417','davidr7789@gmail.com','$2y$10$gdT/6XITn3GOqebeDeInGunhP0CBt7KOqWdJrkUd62w0f8w6z50lq','JOSE SABOGAL 313 URB PALERMO','970967220','970967220',NULL,'1','1',1,NULL,'2017-10-24 05:35:51','2017-10-24 05:35:51'),(619,'DIANA LESLI','RUIZ','ALARCON',NULL,'m','1011100714','diana_estrella_2006@hotmail.com','$2y$10$T6CX2NwjCGIJcAfrIHRcZOX178RODOctXw9TbWs0Y36yryopYc2.C','AV.JOAQUIN OLMEDO 420-428 La Esperanza',NULL,'978168353',NULL,'1','1',1,NULL,'2017-10-24 05:35:51','2017-10-24 05:35:51'),(620,'DORIS AYDE','RUIZ','AVELINO',NULL,'m','1511102016','dogeminis@hotmail.com','$2y$10$Ff2rhv8OC5l0tpZNSqpSmOlbbkU7xw7kYA/afWIm270ikCX62B5xi','ALTO TRUJILLO BARRIO 1 MZ M LOTE 3',NULL,'964210817',NULL,'1','1',1,NULL,'2017-10-24 05:35:51','2017-10-24 05:35:51'),(621,'YURI VALENTI','RUIZ','CARRANZA',NULL,'h','1511102616','yuriruiz479@hotmail.com','$2y$10$XOm.xDjfPemLgGRzBVYuD.6IRaLCi91.MI99csenD22TuUf6Zi2Pe','MAITA CAPAC 469','653634','956575701',NULL,'1','1',1,NULL,'2017-10-24 05:35:51','2017-10-24 05:35:51'),(622,'YUSARA LISSET','RUIZ','GUTIERREZ',NULL,'m','1521100412','arasuy_94@hotmail.com','$2y$10$E34NYGVIMqNrNwpTETln4eWD/RAc3TOT9FrWOVgdXFianyVaGFFYK','JR. TRUJILLO 210 - QUIRUVILCA','210035',NULL,NULL,'1','1',1,NULL,'2017-10-24 05:35:51','2017-10-24 05:35:51'),(623,'ELVIA KAROLINA','RUIZ','HERRERA',NULL,'m','1511101012','karolina_sep@hotmail.com','$2y$10$mYetuXkGPZG7zgzAsDSBGebHsWQfQgg28nrjv.upSfJs20kqBx0mK','MZ. A-LOTE 18-SECTOR 5-URB. LOS CUATRO SUYOS - LA ESPERANZA','323089','974899701',NULL,'1','1',1,NULL,'2017-10-24 05:35:51','2017-10-24 05:35:51'),(624,'CRISTHIAN PIER','RUIZ','PEREZ',NULL,'h','1011100413','cristhianruizp@hotmail.com','$2y$10$sT9k/K6Zw5F2jV9WjAhvgOmcyGYlfWNrPT2HnRroiqct8ytuwB9qu','AV RICARDO PALMA 1049 URB EL BOSQUE',NULL,'999252901',NULL,'1','1',1,NULL,'2017-10-24 05:35:51','2017-10-24 05:35:51'),(625,'JEFERSON JOEL','RUIZ','RODRIGUEZ',NULL,'h','1051101212','jejo_ruro13@hotmail.com','$2y$10$G1xFQM6zoZdMZQOk3xYYKenOXvGJGF8fk2LjglFHf.BmEnbxw9h2i','LA MARINA 537 BARRIO SALAVERRY','44587922',NULL,NULL,'1','1',1,NULL,'2017-10-24 05:35:51','2017-10-24 05:35:51'),(626,'JOSE FERNANDO','RUIZ','VARAS',NULL,'h','1511101913','capricornio18_01_@hotmail.com','$2y$10$/JTAnHo1egEOa5QQZCQT0eg1MUvtN7PHEq8xT2BEAWxBvVmj9g2NO','PROLONGACION TUPAC AMARU - LAS GRANJAS - EL MILAGR',NULL,'943327809',NULL,'1','1',1,NULL,'2017-10-24 05:35:51','2017-10-24 05:35:51'),(627,'JHAN ELMER','RUIZ','ZAVALETA',NULL,'h','1051103214','jr1_rm99@hotmail.com','$2y$10$CF.hTXk7Rkwiq5fowxhj3uJatOV5BwghsDF9ghnU.qEl7CkgGBIf6','CALLE 12 DE FEBRERO 576','944368642','982517572',NULL,'1','1',1,NULL,'2017-10-24 05:35:51','2017-10-24 05:35:51'),(628,'FLOR MARINA','SALAS','ABANTO',NULL,'m','1051103314','flor_0024@hotmail.com','$2y$10$JaaX3o/3kk7doefmZxrHHeyfIEW.CCftD17p6ptn1DBGHtmlq132y','AV LOS COLIBRIES MZ N4 LT 3 SAN ANDRES',NULL,'944359985',NULL,'1','1',1,NULL,'2017-10-24 05:35:51','2017-10-24 05:35:51'),(629,'JESUS JUAN ALBERTO','SALAS','AGUILAR',NULL,'h','1511100313','jesus.salsa.25@gmail.com','$2y$10$gC/n5w0A4Smj91LF6eXvYuv75DlqG2BilY46fHrbEFbCGX0mZbI6G','F. BOLOGNESI #493 - ASCOPE','431194','948304244',NULL,'1','1',1,NULL,'2017-10-24 05:35:51','2017-10-24 05:35:51'),(630,'YAMILET','SALAS','PASTOR',NULL,'m','1041100317','yamisalas.pa@gmail.com','$2y$10$M2dJppOUbuWWpl15AUvcCu5dOzx.SnBl3Rj8qIl2Be648wg8vg4Xu','Jr. Filadelfia 218 - Urb. Santa Isabel','995161351','970088243',NULL,'1','1',1,NULL,'2017-10-24 05:35:51','2017-10-24 05:35:51'),(631,'SANDRA MARIBEL','SALINAS','FLORES',NULL,'m','1051101717','sandra_sf_18@hotmail.com','$2y$10$eA4hwpnfFvbJy3OxVYZ6feDm2wgprlr87qf/SLk8Q2olM0s3J/YY2','TRUJILLO ANTENOR ORREGO MZ G LOTE 34','982179011','982179011',NULL,'1','1',1,NULL,'2017-10-24 05:35:51','2017-10-24 05:35:51'),(632,'LESLIE NICOLE SOLANSH','SALINAS','MAQUI',NULL,'m','1051101615','adol_7_amm7@hotmail.com','$2y$10$NtzvNzkEiC646tyXqFVv3O2QBIUwXpCyOhQQF6Q8zoOJUcVMlS71C','ANTUNEZ DE MAYOLO 179 UBN. LOS GRANADOS','988975570',NULL,NULL,'1','1',1,NULL,'2017-10-24 05:35:51','2017-10-24 05:35:51'),(633,'DIANA CAROLINA','SALIRROSAS','MATUTE',NULL,'m','1021102213','acuario_1994_81@hotmail.com','$2y$10$VtJI.xv/0uU4R752/.PiAuOallZ9HferYEyPLUR9jHAK4ZcxRwmcW','SECTOR SAN MIGUEL MZ. E LT. 08',NULL,'947827964',NULL,'1','1',1,NULL,'2017-10-24 05:35:51','2017-10-24 05:35:51'),(634,'ELIANA ESTHEFANY','SALIRROSAS','RODRIGUEZ',NULL,'m','1511101815','cancer_1997_19@hotmail.com','$2y$10$ZXb4d4zMTThL8tCxAhhjm.clfoFbUpGqnjddnkmKgRLEZNOlQf1.6','HIPOLITO UNANUE #340 URB. LA LIBERTAD','943615658','943615658',NULL,'1','1',1,NULL,'2017-10-24 05:35:51','2017-10-24 05:35:51'),(635,'KELITA MADAITH','SALVATIERRA','PAULO',NULL,'m','1511100814','kelita_1822@hotmail.es','$2y$10$OuqqCfjXmAKC020xkoPqJuKSRilbjU4C.rbRAbecDX6jy84SXI9Gq','MZ-C.LT-6 .LOS ANGELES-VIRU',NULL,'959447477',NULL,'1','1',1,NULL,'2017-10-24 05:35:51','2017-10-24 05:35:51'),(636,'ADRIANA','SAMILLAN','MOYA',NULL,'m','1511102011','asamo31@hotmail.com','$2y$10$HSvJiVZjJmIESi7w0gXnaeRzw8M4rani8t3A6zSXaDgFB/uFdD6Fq','Mz-A 24 LOTE1 - III etapa Manuel Arevalo- La esperanza','44382716','981597425',NULL,'1','1',1,NULL,'2017-10-24 05:35:51','2017-10-24 05:35:51'),(637,'DEYSI PAOLA','SANCHEZ','ALFARO',NULL,'m','1051103415','deysi-981@hotmail.com','$2y$10$Yh5sa4xV3yOBXQ.KkU/j0.2w2k5flljR989BbIwTcbB.cPsAlYZMi','AV. TODOS LOS SANTOS # 1391','964948742',NULL,NULL,'1','1',1,NULL,'2017-10-24 05:35:51','2017-10-24 05:35:51'),(638,'MARÍA PÍA DE LOS MILAGROS','SANCHEZ','ARROYO',NULL,'m','1011101114','mapi.96.mps@gmail.com','$2y$10$rRDuo2RGj8qShbllf6wamOYpnhmZJshwd2uYE.gtj1GSbqdydqAYK','CALLE HUÁSCAR Nº 22 BARRIO LOS INCAS -CARTAVIO','44341538','993367905',NULL,'1','1',1,NULL,'2017-10-24 05:35:51','2017-10-24 05:35:51'),(639,'THALIA LISSET','SANCHEZ','CABRERA',NULL,'m','1011100612','thalia_lisset@hotmail.com','$2y$10$W4EDaF34o0xxv4HCTm5oB.jejy1pBr1/grhFnyyDQlUrS5XiAAW2W','MZ. CH2 LOTE 13 - URB. MONSERRATE ETAPA V','422881','978308882',NULL,'1','1',1,NULL,'2017-10-24 05:35:51','2017-10-24 05:35:51'),(640,'NICK ANTHONY','SANCHEZ','DIAZ',NULL,'h','1041100116','nick_27h@hotmail.com','$2y$10$CmnD5EdFwq4.wkKT8hosv.qgFPjMOvPCsCfqvZYpOdvNTQH6BjJrG','MZ 39 LT 8 II SECTOR WICHANZAO','236239','954906697',NULL,'1','1',1,NULL,'2017-10-24 05:35:51','2017-10-24 05:35:51'),(641,'PRYSCILLA ISAMAR','SANCHEZ','FLORIAN',NULL,'m','1051101014','arcangel_347_17@hotmail.com','$2y$10$J7EEROO8X.X1mLb.XghzLuwBctjsvuIqFhs07AhhgfmAciQ8JkPzK','CALLE SAN PEDRO827 SECTOR JERUSALEN','325875','940497960',NULL,'1','1',1,NULL,'2017-10-24 05:35:51','2017-10-24 05:35:51'),(642,'VICTOR ALFREDO','SANCHEZ','GARCIA',NULL,'h','021100110','victor_gp15@hotmail.com','$2y$10$bgHqT9NP8eiS4gPJY1l8yevuEM0RMR8gHEaWNnblBvkq6n3oot/1W','URB. LAS CAPULLANAS MZ H LOTE 10',NULL,'942883988',NULL,'1','1',1,NULL,'2017-10-24 05:35:51','2017-10-24 05:35:51'),(643,'MARIA LUZ','SANCHEZ','GUTIERREZ',NULL,'m','1021100912','merry_52_amore@hotmail.com','$2y$10$wOClOcRL0x60vWkJ1/7WF.GNqp44Dmu3uATQ30fbe8xbgEnaidUP6','URB.MANUEL AREVALO III ETAPA MZC18 LT49','276781','951730592',NULL,'1','1',1,NULL,'2017-10-24 05:35:51','2017-10-24 05:35:51'),(644,'LUIS MANUEL','SANCHEZ','LLAJARUNA',NULL,'h','1021101317','sagitario_luis_2007@hotmail.com','$2y$10$FPxK1vHqDV10hhr6ezeHGerQGhyD84msDmWoXypD.Ee5RoPItBHM.','AV. PROGRESO 869','957311007','957311007',NULL,'1','1',1,NULL,'2017-10-24 05:35:51','2017-10-24 05:35:51'),(645,'ALEXIS OSWALDO','SANCHEZ','QUIROZ',NULL,'h','1011100815','alext_2809@hotmail.com','$2y$10$Cr8XvEuHUiitnMgqIEgj/.FEeLdh95Ij7iiredQWhtVyizfZDri5a','AVENIDA MANSICHE 1185','949109277',NULL,NULL,'1','1',1,NULL,'2017-10-24 05:35:51','2017-10-24 05:35:51'),(646,'DIRCY JHONADIR','SANCHEZ','REYES',NULL,'m','1531100112','dircy_jsr17@hotmail.com','$2y$10$mqwwa67Lxxx07DMkbfh4uON6DeB/1j5A.SkqcQ6Ir5tS7KwAe95dS','JR.RAMON CASTILLA 374','401452','952800117',NULL,'1','1',1,NULL,'2017-10-24 05:35:51','2017-10-24 05:35:51'),(647,'STEPHANY GERALDINNE','SANCHEZ','ROBLES',NULL,'m','1051103014','teffi9952@gmail.com','$2y$10$IYvvyNRsTFAOcHJxPD62iuUx4D6PSB5EYdELlK0PkPJc0L.rQz5c2','VICTOR RAUL HAYA DE LA TORRE MZ.21 LT.10',NULL,'971854567',NULL,'1','1',1,NULL,'2017-10-24 05:35:51','2017-10-24 05:35:51'),(648,'SAMUEL ORLANDO','SANCHEZ','RODRIGUEZ',NULL,'h','1511100212','orlando.sanchez.3011@gmail.com','$2y$10$FfT9CPrnFfhxrMe7fx542uC36aRwlKn6nnTm5HRq9QuzrbOGcFZjq','SANTA ANA 520','400195','991733936',NULL,'1','1',1,NULL,'2017-10-24 05:35:51','2017-10-24 05:35:51'),(649,'HEISLER JAMES','SANCHEZ','VALDEZ',NULL,'h','021101009','jeinssv_90@hotmail.com','$2y$10$3J/619eqr9Sand66IK5S/uQUJs0uTCwycPE1MVKNo4XDHvxFSC6mm','Jr. Maipu N° 844-A/La Exsperanza/Parte baja','44273729','971394857',NULL,'1','1',1,NULL,'2017-10-24 05:35:51','2017-10-24 05:35:51'),(650,'YURI MARITA','SANDOVAL','LUJAN',NULL,'m','1011101914','lusma_26abril@hotmail.com','$2y$10$KX7Grxn4mra2I72SeSnfTeeDPQAMrHuBKfuFFVLQkvCq7wbVoJLOK','MZ. 16 LOTE 6 EL PORVENIR',NULL,'948683454',NULL,'1','1',1,NULL,'2017-10-24 05:35:51','2017-10-24 05:35:51'),(651,'SHIRLEY STEFANY','SANTOS','JULIAN',NULL,'m','1511100416','shirleyssj20@gmail.com','$2y$10$kDyeoC8eNNzK.75SlmLNFu81duTjTlIwPF/dRbIcO7MPHUPPr3s7u','JOSE MARTI 1873 - LA ESPERANZA','274247','990896771',NULL,'1','1',1,NULL,'2017-10-24 05:35:51','2017-10-24 05:35:51'),(652,'RULLY JERRY','SAONA','PESANTES',NULL,'h','1021100715','jerrysaonapesantes@hotmail.com','$2y$10$beAf34a9u.oE4/WlTBCY5.69kBymDb.tZYDFv2Rx.y.RUlq78x9MS','ALTO TRUJILLO MZ L LOTE 33 BARRIO 3','999682965',NULL,NULL,'1','1',1,NULL,'2017-10-24 05:35:51','2017-10-24 05:35:51'),(653,'KARLA ELIZABETH','SAONA','SANCHEZ',NULL,'m','1511101612','kess_1391@hotmail.com','$2y$10$tGYFt3DRI8CVXr3mK41IM.R68tjdO6pgN8Wzy.aq8x6P1w7So6.vm','TITU CUSI YUPANQUI 1056 EL PORVENIR','583878','987875314',NULL,'1','1',1,NULL,'2017-10-24 05:35:51','2017-10-24 05:35:51'),(654,'MARCO ANTONIO','SARE','CRUZ',NULL,'h','1021100517','maro_sare95@hotmail.com','$2y$10$kUEeKGxtbinejhSUaXmtV.CJl4rtH7tp1g6..M9VMxZdiJLo4Z15S','AV CAHUIDE URB ALAN GARCIA MZ M LOTE 34',NULL,'983521514',NULL,'1','1',1,NULL,'2017-10-24 05:35:51','2017-10-24 05:35:51'),(655,'JERSON EVERTH','SEGURA','CASTILLO',NULL,'h','1011101316','jes_seg_10_univer@hotmail.com','$2y$10$qkJxuN460aUn9cdwLm3XnOzBEZprSvXMHgKrDTtheEio1eeBR7Lf2','LOS ANGELES 868 SEC LA UNION - EL PORVENIR','374099','965020046',NULL,'1','1',1,NULL,'2017-10-24 05:35:51','2017-10-24 05:35:51'),(656,'MARCOS ABEL','SEGURA','LAYZA',NULL,'h','1051101817','yan_segura98@outlook.com','$2y$10$pHTldpdRIbwOMVTWT/1VAeN7qQiFICD1fS/dq85q/a01UL.P0SSAO','CARLOS MARIATEGUI MZ. LLT.08','948129926','976119265',NULL,'1','1',1,NULL,'2017-10-24 05:35:51','2017-10-24 05:35:51'),(657,'MARIA VICTORIA','SERRANO','VASQUEZ',NULL,'m','1051102715','mari_21_96@hotmail.com','$2y$10$HCgveKRnD689BJ6uudMtqenLqZof2zOMQHZT1yaPRuGz8SxizG/2K','MZ 62 LOTE 11 III ETAPA MANUEL AREVALO LA ESPERANZA HUANCHAC','44272821','989322812',NULL,'1','1',1,NULL,'2017-10-24 05:35:51','2017-10-24 05:35:51'),(658,'JANS YOEL','SEVILLA','LEYVA',NULL,'h','1011100514','jans.sevilla@gmail.com','$2y$10$K/pVYhtemmO0/Njm7knWLObVvM1aA0vIZTTkUFSHPJ6.WyET4utHq','CALLE JOSE FAUSTINO SANCHEZ CARRION 1968','500293','973023822',NULL,'1','1',1,NULL,'2017-10-24 05:35:51','2017-10-24 05:35:51'),(659,'DINA','SICCHA','PIZARRO',NULL,'m','1511102113','virgo_17_22@hotmail.com','$2y$10$MhiH8zxPU3GndPNqVFf9retNHuyawMYbRbcRegN.bmGwWbMOPyQOC','SAN LUCAS-904 LA ESPERANZA','973043770',NULL,NULL,'1','1',1,NULL,'2017-10-24 05:35:51','2017-10-24 05:35:51'),(660,'KRIS CAROLINE','SIFUENTES','GONZALES',NULL,'m','1511100512','krisifuentes527@hotmail.com','$2y$10$Iz1mP6263u5BNjRMrs7uieFs7NzQZiBFQWkwSqS52CX26/7fBSq4G','BLANCO ENCALADA 1107 - LA ESPERANZA','583724','949404133',NULL,'1','1',1,NULL,'2017-10-24 05:35:51','2017-10-24 05:35:51'),(661,'DJAME AYDEE','SILVA','ALFARO',NULL,'m','1531100217','aydee_99_14@hotmail.com','$2y$10$0kPYzCHHv2X9X0j7ctW2p.8F3GDIHXoFYpvSh.fwqLvoT0edGFihS','CA. LOS TULIPANES MZ. J LT. 11 URB. VILLA JUDICIAL','44275719','998983793',NULL,'1','1',1,NULL,'2017-10-24 05:35:51','2017-10-24 05:35:51'),(662,'JHAMER ALEXANDER','SILVA','GARCIA',NULL,'h','1051100416','lex_cr3000@hotmail.com','$2y$10$8fyDnAyoxtf972/jSz0HS.TrQvtK8fmpu4MMjmoQB5PhTc7DtgTt6','COVICORTI_L29',NULL,'966687544',NULL,'1','1',1,NULL,'2017-10-24 05:35:51','2017-10-24 05:35:51'),(663,'ROCIO RAQUEL','SILVA','GARCIA',NULL,'m','1051103815','rocio_silva_07@hotmail.com','$2y$10$XVaPQ7JJWfXZIQWastCsQeWIiY6JAZmMPAP4DCMyB6O/rePgTvG5G','TRUPAL MZ A: LT_21','998670461','966687544',NULL,'1','1',1,NULL,'2017-10-24 05:35:51','2017-10-24 05:35:51'),(664,'LUCIO ANTONIO','SOTERO','ACOSTA',NULL,'h','1051103313','tauro23_94@hotmail.com','$2y$10$GXB7julONI6crm1RU.LSeuD49zQiODrIuSBSQE3SNfgVFu.qL4E2m','PASAJE COMERCIO #194 URB. HUERTA GRANDE - 3° Piso','662437','943655355',NULL,'1','1',1,NULL,'2017-10-24 05:35:51','2017-10-24 05:35:51'),(665,'JESUS OMAR','TACULI','VILLANUEVA',NULL,'h','1051101215','omar.villanueva_02@outlook.com','$2y$10$XI..KzjgOB/HUACE5lAuNe2d0aB58r3ZdkvAqsuwpmAb3LtAHLmFy','AV. GONALES CACEDA 1951',NULL,'949960551',NULL,'1','1',1,NULL,'2017-10-24 05:35:51','2017-10-24 05:35:51'),(666,'MARÍA DE LOS ANGELES VANESSA','TADEO','HORNA',NULL,'m','1511102212','vane.tk21@hotmail.com','$2y$10$eURGhSVC7rad0nSxlsXc/.k1kVk5OBoCmPxVpsD4LAeNMcJokUGBa','CALLE JUAN DEL CORRAL 981 URB.EL BOSQUE',NULL,'950001886',NULL,'1','1',1,NULL,'2017-10-24 05:35:51','2017-10-24 05:35:51'),(667,'ROSITA IRENE','TANTALEAN','QUEZADA',NULL,'m','1011101617','rosita.tq28@gmail.com','$2y$10$cja8xttFh7esjjI9XzOd5O1E3XDkWFM8yMKDYHuRoZBBVl54OKQ6a','URB.SANTA MARIA ETAPA V MZ. P LT. 14','346360','945232902',NULL,'1','1',1,NULL,'2017-10-24 05:35:51','2017-10-24 05:35:51'),(668,'GRACE KELLY','TAPIA','AGUILAR',NULL,'m','1011100915','gkta.97@hotmail.com','$2y$10$tJECJoEfIRpqMEdjKYTaDez4LjeGh82SiTmPkgpyjP/g0UAlCXMjS','MAC GREGOR 497 - LA ESPERANZA',NULL,'999596068',NULL,'1','1',1,NULL,'2017-10-24 05:35:51','2017-10-24 05:35:51'),(669,'LIZ AURORA','TAPIA','GARCIA',NULL,'m','1511101514','linzie-23-1@hotmail.com','$2y$10$4anUwcUyeamaxzWPBAyo7.2QIvzr0OT0GHakdhWkimk4mXWjSwqCS','URB. LAS FLORES MZ. B LT. 02',NULL,'948147245',NULL,'1','1',1,NULL,'2017-10-24 05:35:51','2017-10-24 05:35:51'),(670,'GERSON JOEL','TARRILLO','CABANILLAS',NULL,'h','1051102017','gersonjoeltarrillocabanillasgerson2014@o','$2y$10$Nekw7YXEiLzhivLnQinhxOqLngfJBPdxJKNZr8pN9ByCTL7vlif8a','MANUEL AREVALO II ETAPA. MZ B36 LTE 16 LA ESPERANZA','975208664','938162630',NULL,'1','1',1,NULL,'2017-10-24 05:35:51','2017-10-24 05:35:51'),(671,'KATYA LISSET','TARRILLO','DELGADO',NULL,'m','011100808','kalis20_tar@hotmail.com','$2y$10$PFB1gO/YJTNXVTP02z596OK.P4UkiwAxQtE/s767h9W8LT7znTYdi','vista hermosa','76432426','76976834236',NULL,'1','1',1,NULL,'2017-10-24 05:35:51','2017-10-24 05:35:51'),(672,'GLISA','TARRILLO','ROCHA',NULL,'m','1511101614','glisa25@hotmail.com','$2y$10$pzcu67j5KfklP7iCiMArJeUDApZ8Eey5xQREwfcPY3TU545rQS4dK','PASAJE LOS TORDOS 1158','44287535','975361678',NULL,'1','1',1,NULL,'2017-10-24 05:35:51','2017-10-24 05:35:51'),(673,'MILAGROS JESABELL','TERAN','JAUREGUI',NULL,'m','1511101416','mili_teran21@outlook.com','$2y$10$Mod.FY05CHy06H74p2rabO/KtrbjOyDIepmjC5gEi7dpWo0nFgdvi','JIRON HERMANOS ANGULO #637','410254','990180582',NULL,'1','1',1,NULL,'2017-10-24 05:35:51','2017-10-24 05:35:51'),(674,'PAUL VICENTE','TICLIA','DE LA CRUZ',NULL,'h','1511100712','puyol_2810@hotmail.com','$2y$10$pA2KrRMCLTjCHPqevL5TGu3jwl8fOFxhvldsoZq.DusNJeFb.HAiK','LONDRES 256 - URB. SAN NICOLAS','996953340','996953340',NULL,'1','1',1,NULL,'2017-10-24 05:35:51','2017-10-24 05:35:51'),(675,'LADY KAROLEYN','TIRADO','VARELA',NULL,'m','1511100216','karito_97_funny@hotmail.com','$2y$10$AIStLG/Q.ZncG62cmZn5Jun1s9Y4oziCvZElq27.VcVQ2GP2numoW','San Andres 5ta etapa Mz V Lt 13','44622762','991401091',NULL,'1','1',1,NULL,'2017-10-24 05:35:51','2017-10-24 05:35:51'),(676,'CAROL LISCETH','TOLEDO','TACANGA',NULL,'m','1511100717','toledoc269@gmail.com','$2y$10$PyIuV1yx8MqzXRk50CInkOYu.RfhhUfOMsaJDTNxbG3tmJUkWAYlG','ASENT. H. VICTOR RAUL MZ. 6A LT.7',NULL,'981691614',NULL,'1','1',1,NULL,'2017-10-24 05:35:51','2017-10-24 05:35:51'),(677,'CHRISTOPHER MARCK','TOLENTINO','LAVADO',NULL,'h','1451100117','christopher_marck@hotmail.com','$2y$10$1Hdj.vRwGEcLag83p8RBmufdXSe3WqcufH.96488HHWFp0chl2tY6','JR. JUNÍN 1832 SECTOR GRAN CHIMÚ','402708','957642675',NULL,'1','1',1,NULL,'2017-10-24 05:35:51','2017-10-24 05:35:51'),(678,'LEYLA EULALIA','TOLENTINO','SALVATIERRA',NULL,'m','1011100417','alejandrot58_10@hotmail.com','$2y$10$4BhiWMxjHgMk0V2pYCfADuPV4ToT4NW6OCDsrMI.qx0WJRM89iTK.','SECTOR SANTA VERONICA MZ 26 LOTE 8 LA ESPERANZA TR','44279622','930233634',NULL,'1','1',1,NULL,'2017-10-24 05:35:51','2017-10-24 05:35:51'),(679,'MIGUEL ALEJANDRO','TORIBIO','LUJAN',NULL,'h','1511103915','miguelito1912@hotmail.com','$2y$10$UrYpy3YUc1728oPn3jpUdOTDZeywePuzkON5V8wwYaHMfgyluuNa.','CALLE FELIX ALDAO 922 SECTOR BELLAVISTA','949440112',NULL,NULL,'1','1',1,NULL,'2017-10-24 05:35:51','2017-10-24 05:35:51'),(680,'IRVIN EYERICK','TORIBIO','MEREGILDO',NULL,'h','051101409','eyerick_irvin@hotmail.com','$2y$10$7IHFlLiMGcVlrSsZpGFv8.DQEP.nF6chhHquILuRRL9D8ehGBHl5u','PANAMERICANA NORTE KM.613 - PAIJAN','948915934','984043736',NULL,'1','1',1,NULL,'2017-10-24 05:35:51','2017-10-24 05:35:51'),(681,'PABLO BRIAN RICARD','TORRES','CHAVEZ',NULL,'h','1511102017','pablobrian18@hotmail.com','$2y$10$pL/CgMSCM76DPMDcduAVkea5VfvacAhAGidwNjmEoqYBNx8KP2sAy','ASENT.H. LAS PALMERAS MZ.W LT.3',NULL,'942474572',NULL,'1','1',1,NULL,'2017-10-24 05:35:51','2017-10-24 05:35:51'),(682,'KAREN PATRICIA','TORRES','GALLARDO',NULL,'m','1511100812','karen.tg@hotmail.com','$2y$10$8xa.vU41ffK5V2.bBjnIxeRUGofpTqbNMIa8Of/wz5UBq9r.77oPW','JR. UNION 327','435903',NULL,NULL,'1','1',1,NULL,'2017-10-24 05:35:51','2017-10-24 05:35:51'),(683,'DEYSI LIZETH','TORRES','MARTÍNEZ',NULL,'m','1451100314','jasmin_mayo@hotmail.com','$2y$10$Fvph2BbfpxLmzvhJ3mkOX.nzuJqQvNhEYOTbo/rY/KTtT7noVXWEi','CALLE PACASMAYO 233','44562600','954773180',NULL,'1','1',1,NULL,'2017-10-24 05:35:51','2017-10-24 05:35:51'),(684,'ROSITA CONSTANZA','TORRES','NAVARRO',NULL,'m','1051102613','rosita_2119@hotmail.com','$2y$10$91Yun2aTLx2eO1hVZJfRge8L/Ph/lAbRNHR8FBLWKtqYTQUVULcua','COVICORTI SECTOR: NATASHA ALTA MZ.A LT.8','995498720',NULL,NULL,'1','1',1,NULL,'2017-10-24 05:35:51','2017-10-24 05:35:51'),(685,'MARLENY','TORRES','SALDAÑA',NULL,'m','1011101012','mar.ts_93@hotmail.com','$2y$10$jjjBwta96.nLsrwl8j9lPubNH9ohFpNCEkVh5XN//fKFXxFHaQKb2','MZ. M LT. 9 - ALTO TRUJILLO BARRIO VII',NULL,'971966642',NULL,'1','1',1,NULL,'2017-10-24 05:35:51','2017-10-24 05:35:51'),(686,'CINTHIA LUCERO','TRELLES','GRAOS',NULL,'m','1051100215','lucerotrelles@live.com','$2y$10$2mSqSBIWP/n6gDKRqvzfye6jH0XaRiXwz0LpRlCrRuZXalKUnLF0S','GODOFREDO GARCIA 409','44214041','959446725',NULL,'1','1',1,NULL,'2017-10-24 05:35:51','2017-10-24 05:35:51'),(687,'PRISCILLA MARICIELLO','TRIGOSO','QUILICHE',NULL,'m','1011101213','mari_sagitario15@hotmail.com','$2y$10$Z0tNekvP/9TtQjK9kfLXQOp0qXTC76acyKkbbd2F2wHWzqo.frrra','AV.VICTOR RAUL MZA.O LTE.5 EL MILAGRO',NULL,NULL,NULL,'1','1',1,NULL,'2017-10-24 05:35:51','2017-10-24 05:35:51'),(688,'ALEX BRAYAN','UCEDA','SANCHEZ',NULL,'h','1021100714','alex_96_04@hotmail.com','$2y$10$ez8YC5.1VeN5fuuZ4fZP2eYR4UPs7b4cemUn6HgXwVsGNhBxOmyX2','MZ A LTE 8 URB. SANTA LUCIA','44426509','948205156',NULL,'1','1',1,NULL,'2017-10-24 05:35:51','2017-10-24 05:35:51'),(689,'YULIANA ELIZABETH','ULLOA','ALFARO',NULL,'m','1021101813','yuliana_25.libra@hotmail.com','$2y$10$/fZXbdrLitAEMxiCRddrN.8DBrYt/SRBMFwkwVQeI2jUGeCdVrFi2','ZARUMILLA N° 188 - RAZURI','44502682','944624464',NULL,'1','1',1,NULL,'2017-10-24 05:35:51','2017-10-24 05:35:51'),(690,'ROSA TERESA','ULLOA','GUEVARA',NULL,'m','1021101013','vale_rosi11@hotmail.com','$2y$10$KllHv9giXLSant53B8qCCeV69Q1XeNH26IENfESGhU9r5Tul4inj2','FRANCISCO DE PAULA QUIROZ 296','949878751','968855025',NULL,'1','1',1,NULL,'2017-10-24 05:35:51','2017-10-24 05:35:51'),(691,'JOSE CARLO','URIBE','VILLARREAL',NULL,'h','1531100111','pepitouribe@gmail.com','$2y$10$/36tml9iOu6iPmqEbZxIUOMYeSddp.b/c8WIHvJJ6D2E.5BgyQKj.','Jr Manuel Herrera # 749',NULL,'988885017',NULL,'1','1',1,NULL,'2017-10-24 05:35:51','2017-10-24 05:35:51'),(692,'ROGER HUGO','URTECHO','BENITES',NULL,'h','511102408','jockerrandu@hotmail.com','$2y$10$I32tX.mrqP6898r7HZVMOu.GZJS9cPrPR98.MIwLPtEyf5BTNxnZ.','2 de junio 884 florencia de mora','425977','948534455',NULL,'1','1',1,NULL,'2017-10-24 05:35:51','2017-10-24 05:35:51'),(693,'EVELENY TIRSA','VACA','MEZA',NULL,'m','1511100413','eveleny_15@hotmail.com','$2y$10$HSxzzGT.SKFu5QvhAt2dquKQ3AW.2k13EGFt35DfpZi3DSupcEY5O','30 DE NOVIEMBRE MZ8 LT1','44446133','996071787',NULL,'1','1',1,NULL,'2017-10-24 05:35:51','2017-10-24 05:35:51'),(694,'ALEXIS JHUNIOR','VALDERRAMA','COLLANTES',NULL,'h','1051102313','alexis_9559@hotmail.com','$2y$10$sbhY7BEApqfpVnLMdm/A1uTwd9wU/9RgcHILMCPP6tSljAgFhJbi6','INDEPENDENCIA Nº 480','44406096','940450208',NULL,'1','1',1,NULL,'2017-10-24 05:35:51','2017-10-24 05:35:51'),(695,'KATHELYN LILIBETH','VALDERRAMA','GONZALEZ',NULL,'m','1021101315','kathelynvalderrama@hotmail.com','$2y$10$tts0uT6yCe8nHVDEry.TS.ojBD0ZAnuE8x0o7VIDJ9TY9FjUoylrm','SOL DEL CHACARERO LT6 MZD','943336735','943336735',NULL,'1','1',1,NULL,'2017-10-24 05:35:51','2017-10-24 05:35:51'),(696,'ERMINDA BEATRIZ','VALDERRAMA','MELQUIADES',NULL,'m','051101410','sirena_10_7@hotmail.com','$2y$10$vTGv/q.GNgm61GAAX4siY.s.dCRcVEfrsa2abdU9Z7uvNxvBMAmdy','SECTOR NUEVA URB. MZ. C LT. 9-ROMA','788456',NULL,NULL,'1','1',1,NULL,'2017-10-24 05:35:51','2017-10-24 05:35:51'),(697,'MIRALYN SELENE','VALDERRAMA','MELQUIADES',NULL,'m','1021101016','mirsel.1398@outlook.com','$2y$10$9aaimS/WaBRZ2tl/i5iOl.Re.z6Vl6/u4kTYf9q0KlU0.r4NmRqiu','SECTOR NUEVA URBANIZACION MZ.C LT.9',NULL,'943658346',NULL,'1','1',1,NULL,'2017-10-24 05:35:51','2017-10-24 05:35:51'),(698,'YUDIT ELIZABETH','VALDERRAMA','QUIÑONES',NULL,'m','1021102014','yud_16@hotmail.com','$2y$10$zx3XE8QTIIu3ur9CbmkPp.RgQZns4pXgu/nBDJCyIT4Eu2pp8TfF.','AV. AMERICA SUR 1149','949689317','44299529',NULL,'1','1',1,NULL,'2017-10-24 05:35:51','2017-10-24 05:35:51'),(699,'KAREN EDITH MERARI DE LOS SANTOS','VALENCIA','ALAYO',NULL,'m','1511102711','karitovalencia92@hotmail.com','$2y$10$2ttI6h195e.LWVBI.E4Sn.xzgm5bh7aEWrpI2JT06YF76N6oyXZWC','urbanización san nicolás - calle moscú 393',NULL,'954952746',NULL,'1','1',1,NULL,'2017-10-24 05:35:51','2017-10-24 05:35:51'),(700,'UBALDO ALFONSO','VALLE','MENDOZA',NULL,'h','1511102211','ubaldo_vm_27@hotmail.com','$2y$10$fTOcsu6nOC9naGUl/8JoEOXUlDqLjXLd0ksNUtZGk1Fx3vtPInXx6','nueva york_145. San nicolas','44477836','949771343',NULL,'1','1',1,NULL,'2017-10-24 05:35:51','2017-10-24 05:35:51'),(701,'FRANCIS UBALDO','VALLEJOS','VIGO',NULL,'h','1511102815','francitovv@hotmail.com','$2y$10$BXPMcYwikIRQ7Cq.TK6tducJZnTJWU6GnkVGSnU8RWeeZWW9MvPu2','MZ D LOTE 15 URB. NUEVA MARQUEZA','949116501',NULL,NULL,'1','1',1,NULL,'2017-10-24 05:35:51','2017-10-24 05:35:51'),(702,'ROSY MALEY','VALVERDE','BURGOS',NULL,'m','1511101011','rosyvb90@hotmail.com','$2y$10$PGtGe7Sh94I6aoy/neyfdOZsamntusPLwwa3nOsEXkbp.iJ/4qdDy','francisco de zela Nª 830 el porvenir',NULL,'975194430',NULL,'1','1',1,NULL,'2017-10-24 05:35:51','2017-10-24 05:35:51'),(703,'VERONICA LILIANA','VARAS','ARRIBASPLATA',NULL,'m','1021101014','veronica_luzdevida@hotmail.com','$2y$10$nSZAEMpdKx7UlUHYtWIJK.FQ7k7sRqYXL3RmfN0y2eCnh4wU2bSZm','ASENT. H. WINCHANZAO MZ. 13 LOTE 15','949546827',NULL,NULL,'1','1',1,NULL,'2017-10-24 05:35:51','2017-10-24 05:35:51'),(704,'PAUL ROGELIO','VARAS','RODRIGUEZ',NULL,'h','1011100314','paulvarasrodriguez@gmail.com','$2y$10$JJdjkT4MJwfeWUmgcB01T.FB19TRIiGd2MPqmo.LT6glYsov1DYQS','BOLOGNESI 11 - LAREDO',NULL,'999595675',NULL,'1','1',1,NULL,'2017-10-24 05:35:51','2017-10-24 05:35:51'),(705,'LILIAN VICKY','VARAS','TORRES',NULL,'m','1511102213','lilian_vvt@hotmail.com','$2y$10$Ah5E79hAbkOrUbok/tMDAu7VflAPBUdRB3JcZLUDJCTy9OgLIEFYe','JR. ESPAÑA # 673 - BUENOS AIRES SUR','530601','947801885',NULL,'1','1',1,NULL,'2017-10-24 05:35:51','2017-10-24 05:35:51'),(706,'BERTHA KATHERINNE','VARELA','AVILA',NULL,'m','1011100214','katty_13_0495@hotmail.com','$2y$10$NgacBWYpYwPt5PyFNP0rle5NCLWCAbW5kVy/eH7QBbe7Oo9huLhxy','JOSE DE LA TORRE UGARTE 672- FLORENCIA DE MORA',NULL,'991220667',NULL,'1','1',1,NULL,'2017-10-24 05:35:51','2017-10-24 05:35:51'),(707,'WILDER ALEXANDER','VARELA','PEREZ',NULL,'h','1051101714','wilder_vaper94@hotmail.com','$2y$10$c6KfFknljPrqRB8Xjspt1O4UC0W5Q3Hfj6hFrtvgdpUqBqOd.Dca.','MZ.3-5 ASENT. H. RAMIRO PRIALE',NULL,'988972426',NULL,'1','1',1,NULL,'2017-10-24 05:35:51','2017-10-24 05:35:51'),(708,'JOSSELYN RAQUEL','VARGAS','CASTRO',NULL,'m','1011100317','joselynraquel@hotmail.com','$2y$10$ofW.PGqNlSb1WaNzwV9ZUekKtaLjyM4kVETz3metcpD/HGA3X0aay','MZ.M Lt.16 AA.HH VILLA JUDICIAL 2 ETAPA','597285','945041045',NULL,'1','1',1,NULL,'2017-10-24 05:35:51','2017-10-24 05:35:51'),(709,'MEYLIN ARLETTE','VARGAS','REYNA',NULL,'m','1021102214','meylin556@hotmail.com','$2y$10$cLYntzYFwOyjC27X.mWgXu.XmWXYTXcvB3jRC9tt48pDpCRpwhtm2','FRATERNIDAD 2DA. ETAPA MZ 9 LT. 1','229375','948780901',NULL,'1','1',1,NULL,'2017-10-24 05:35:51','2017-10-24 05:35:51'),(710,'ALEXANDER ANTONIO','VASQUEZ','ARQUEROS',NULL,'h','1011100114','alexvasquezarqueros@gmail.com','$2y$10$eZhXbVf4HpfeYGUIuSCqv.ya8uMIjwyxjPZjAL7C0Kk1b8/pmdXfu','ASENT.H. VICTOR RAUL MZ. 10 LT. 19',NULL,'972807476',NULL,'1','1',1,NULL,'2017-10-24 05:35:51','2017-10-24 05:35:51'),(711,'ELVA','VASQUEZ','ASTONITAS',NULL,'m','1051102515','namaurvas_uriarte@outlook.com','$2y$10$TP.l6pSpWmG5k7ZlC1jSN.AGRD/57XD6XlftFeQalG5aysbl7/Egm','LAREDO AV. CONDEMARIN','962577767',NULL,NULL,'1','1',1,NULL,'2017-10-24 05:35:51','2017-10-24 05:35:51'),(712,'KATTYA KARYNA','VASQUEZ','ESQUIVEL',NULL,'m','1511100117','kattya98_pisis@hotmail.com','$2y$10$OzTRrxmv6J58tleRHRNU1e24CKItfcCHTMn.ODzQ8yZYjoG0zeUxa','MZ. R LOTE 13 URB. LOS PORTALES',NULL,'944147426',NULL,'1','1',1,NULL,'2017-10-24 05:35:51','2017-10-24 05:35:51'),(713,'ARTURO ALEJANDRO','VASQUEZ','MUÑOZ',NULL,'h','1511101013','arturvm2@hotmail.com','$2y$10$FZj.aRjXitnvGlvTM9QvUuYUZ0UGnc10ODjfKSypz9yN//J9HmjSq','BAQUIJANO Y CARRILLO 1028','229429','988626773',NULL,'1','1',1,'lX5RK8Lg57Y7JRXLpEOdC4s6hoRRecn7hkHy9TSrkpgLKlivCAYvUziNx6S8','2017-10-24 05:35:51','2017-10-24 05:35:51'),(714,'GIANINNA DEL PILAR','VASQUEZ','REYES',NULL,'m','1511101812','gianinnaVasquezreyes@hotmail.com','$2y$10$3knuqsQVaglGESoWQ5n52.YOpZOkKhizK6AYVOCPOZhIqS5.Ym05m','Mz. U Lt. 13 urb: Semirustica Mampuesto',NULL,'973411356',NULL,'1','1',1,NULL,'2017-10-24 05:35:51','2017-10-24 05:35:51'),(715,'ROXANA CARMENCITA','VASQUEZ','RODRIGUEZ',NULL,'m','1051101916','vaquezr_16@hotmail.com','$2y$10$YnlPKPsA8Hn3.IxjRFDxJ.dHDRn4uOY6Id4qKxoM9mpAUd5lUsB5m','INT. A ASENT.H. JUAN PABLO II MZ.7 LT.15',NULL,'974075058',NULL,'1','1',1,NULL,'2017-10-24 05:35:51','2017-10-24 05:35:51'),(716,'YOSELIN ORIANA','VASQUEZ','RODRIGUEZ',NULL,'m','1051101116','yoselin_abril_2@hotmail.com','$2y$10$IODlGBUEKClvqkWznPKlyOwAdHGhXN9x20auMjjG4PCayHFdPxsZq','CPMEN. ALTO TRUJILLO BARRIO 4 MZ.NLT.6',NULL,'964615846',NULL,'1','1',1,NULL,'2017-10-24 05:35:51','2017-10-24 05:35:51'),(717,'KATHERINE LIANNET','VASQUEZ','ROMERO',NULL,'m','1051101816','katherine_prinss95@hotmail.com','$2y$10$s/CKuCYxqk3DSq.qaEXnqeWT9YSUxUJUqdOeifpx4TPMyVUcpzzmK','GAMARRA#224 2do piso- TRUJILLO.',NULL,'943845769',NULL,'1','1',1,NULL,'2017-10-24 05:35:51','2017-10-24 05:35:51'),(718,'DENILSON KLEIDER','VASQUEZ','TORRES',NULL,'h','1051100617','denilsonkleider_1998@hotmail.com','$2y$10$h16NO9apOsGjv3OxvK5gmuMzSLrJjFNXBRJdnpvMgPYVQWm/UY5I2','Ub.palermo calle Rivaguero 610','942460039',NULL,NULL,'1','1',1,NULL,'2017-10-24 05:35:51','2017-10-24 05:35:51'),(719,'ROSSELY ELIZABETH','VEGA','CARRANZA',NULL,'m','1021101517','vvb26.77@gmail.com','$2y$10$Nf6uEj.OcLuEpTYU5oGOwu4ZnrTQT.j4Ly9wsXCE2k0WtMhHv7fI6','CL. JOSE MARIA ARGUEDAS CSN CPM PUENTE VIRU','939237327','952075580',NULL,'1','1',1,NULL,'2017-10-24 05:35:51','2017-10-24 05:35:51'),(720,'KAREN GIRET','VELA','ALVARADO',NULL,'m','1051102914','tulove_crazi@hotmail.com','$2y$10$J554SIbnXuOmM8k4I/JV3uSFiEX9cMYjpANPr2AVRivtl1YZj3JA2','AV 5 DE ABRIL MZ 4 LOTE 4 PESQUEDA SECTOR III','425564','985030396',NULL,'1','1',1,NULL,'2017-10-24 05:35:51','2017-10-24 05:35:51'),(721,'BRANDO ABEL','VELASQUEZ','AGUIRRE',NULL,'h','1051101516','brandoabel.30@gmail.com','$2y$10$wMOUXA7BJyA/ld9DaRyHXe7uB.hy3gm/sw4YsyHg9No47K2d.TRmO','TADEO MONAGAS 1460 LA ESPERANZA',NULL,'910128956',NULL,'1','1',1,NULL,'2017-10-24 05:35:51','2017-10-24 05:35:51'),(722,'SONIA ANALY','VELASQUEZ','HERRERA',NULL,'m','1041100413','soniavh_23@hotmail.com','$2y$10$nFPsTXsorEuFBxTAMRK3WeLTdfEqdWChL3x3cdt1vd2xo8Bc2E.UW','SECTOR FUNDO LAS ANIMAS MZ. I LT.3','985422612','958531973',NULL,'1','1',1,NULL,'2017-10-24 05:35:51','2017-10-24 05:35:51'),(723,'ROYCER ALBERTO','VELASQUEZ','LIÑAN',NULL,'h','1041100512','roys_libra_16@hotmail.com','$2y$10$SXRHEw6slLzuk2Tk5bDaPOCTgaq2v8ITGGjZ65LY99Eh0Umid1SXa','CALLE 21 DE OCTUBRE 436','214236','978943132',NULL,'1','1',1,NULL,'2017-10-24 05:35:51','2017-10-24 05:35:51'),(724,'MILAGRITOS MADELEY','VELASQUEZ','MORA',NULL,'m','1031100217','milavm_2303@hotmail.com','$2y$10$EemAxR0FjzYOVFRNyHRNLul4uZuGOriEvodr0zWEKXvRGUofvucCi','PSJE TAKAYNAMO 502 LTE 14','44243937','947939286',NULL,'1','1',1,NULL,'2017-10-24 05:35:51','2017-10-24 05:35:51'),(725,'JAIRO','VELASQUEZ','PAZ',NULL,'h','1511100217','velas_paz96@hotmail.com','$2y$10$eZ6mftTkdIpoKzOYk1fhDOp7e.m1mpWGvvMJpKKaGftkrGE1uzzBq','PROLOG. LOS PAUJILES MZ. G LOTE 2',NULL,'953086789',NULL,'1','1',1,NULL,'2017-10-24 05:35:51','2017-10-24 05:35:51'),(726,'ALEJANDRO MARTIN','VELIZ','LOPEZ',NULL,'h','1021100917','mveliz_2603@hotmail.com','$2y$10$/Wej6oLvU0IHRR2LBZTpxOU/Gm/P3k7B1LXDehz3SCl7QXvSTFcfq','JR. ANCASH 619 SAN PEDRO DE LLOC',NULL,'996963481',NULL,'1','1',1,NULL,'2017-10-24 05:35:51','2017-10-24 05:35:51'),(727,'SANDRA YDALINA','VELOZ','BAZAN',NULL,'m','1011102114','zandra.9_9@hotmail.com','$2y$10$01KqTtebLBBkPaTYWqCYsOGoVS5m86hoFggNqH/b6TtN5rHl1HAP2','SAN LUIS 1018 - EL PORVENIR',NULL,'998702532',NULL,'1','1',1,NULL,'2017-10-24 05:35:51','2017-10-24 05:35:51'),(728,'MARILUZ','VENEROS','HEROS',NULL,'m','1051103116','mary.love.98@hotmail.com','$2y$10$KEdORsofnBfQ4OePYOVPbea6BmNcMtfuqHUMLv0whew9g9nc816Q6','ALFONSO UGARTE 588','215623','968322789',NULL,'1','1',1,NULL,'2017-10-24 05:35:51','2017-10-24 05:35:51'),(729,'DANIEL','VENTURA','GARCIA',NULL,'h','1021100512','daniel_vega2096@outlook.com','$2y$10$HXO2ExcuOK3ZuIE0jqIHverxeTX3.KcYIh1KZp9LlDvwBsTD7IJza','CARR. A SIMBAL KM 26 - SANTA ROSA',NULL,NULL,NULL,'1','1',1,NULL,'2017-10-24 05:35:51','2017-10-24 05:35:51'),(730,'MARIA NELLY','VERA','ABANTO',NULL,'m','1011100613','maripiscis-12@hotmail.com','$2y$10$FIVVv0L8ehlfetXCysaW7OVLedKp/2ynsXOOoj9V3qvW9Zeew07LO','AV. UCEDA MEZA MZ. A LOTE 4 URB. MIRAFLORES',NULL,'984022174',NULL,'1','1',1,'q75PpDyVW6aNCyUfCtRDFESldTKyHLFBxxwPPDuB5JpuuMVQtdU8CBJP0cHF','2017-10-24 05:35:51','2017-10-24 05:35:51'),(731,'ELMER','VERA','CRUZ',NULL,'h','1511102813','elmercito_vc@hotmail.com','$2y$10$svTUpjU0Q1OhxM8ewFKgkeEK4kEP1dCc3taBFOhBuO.Vk8KH6gWZO','#1549 25 DE DICIEMBRE FLORENCIA DE MORA',NULL,'947876645',NULL,'1','1',1,NULL,'2017-10-24 05:35:51','2017-10-24 05:35:51'),(732,'FANNY SARAY','VEREAU','CARMONA',NULL,'m','1011102016','saray_vereau.96@outlook.com','$2y$10$Dy4Y.wgAbROUuZj0kL9OL.TbQWG3ITGXuBsSg/hebRM/tyXRBtcti','JOSE BEJAR #452',NULL,NULL,NULL,'1','1',1,NULL,'2017-10-24 05:35:51','2017-10-24 05:35:51'),(733,'FANNY YUDHIT','VEREAU','REYES',NULL,'m','1021101313','fyvereau@gmail.com','$2y$10$OnjwhcyGpHY5JEkwXabZaOiewLjD94NxXvsdyfVdKgXiI.w3sS9.a','MZ 24 LT 10 FRATERNIDAD I','407165','935004403',NULL,'1','1',1,NULL,'2017-10-24 05:35:51','2017-10-24 05:35:51'),(734,'JOAN MANUEL','VERGARA','LARA',NULL,'h','1011101113','joan_U_fantoche19@hotmail.com','$2y$10$7gmgmlpXNrUYUmx7NGSPMewkYLTUeQsV9zTSWBnpldrEbQcL7awHO','SAN JOSE N° 615 URB. 22 DE FEBRERO','44342615','990727944',NULL,'1','1',1,NULL,'2017-10-24 05:35:51','2017-10-24 05:35:51'),(735,'CARLOS FRANCISCO','VIA','AGUADO',NULL,'h','1021102111','viasesino@hotmail.om','$2y$10$2Gxj67Bvz3yXrV.w.uPdiOI3wgBUVgSEGTIonkTLDL64U/gFNpKne','MZ. X - LT. 21 - C.V. COVICORTI - TRUJILLO','243701','989514375',NULL,'1','1',1,NULL,'2017-10-24 05:35:51','2017-10-24 05:35:51'),(736,'MARIA LUZMILA','VICTORIO','RONDON',NULL,'m','1511102714','luzmila.victorio@gmail.com','$2y$10$/hJ5TYOw1Jave8nxqXyMcuCSdvrJUqtNhWgFGSlPU76tlCH.E3AHi','ASENT.H ALTO SALAVERRY MZ.J LT .13',NULL,'985198618',NULL,'1','1',1,'KiMXAfJa7z75GrJ4yGtkf6LHqCDUzXtUfLXnRWMbCE2sZ2DK5e6TPJLUsEdG','2017-10-24 05:35:51','2017-10-24 05:35:51'),(737,'DIANA KAREN','VIDAL','QUISPE',NULL,'m','1011100912','dk.16_vq@hotmail.com','$2y$10$2eyEIiT/NidLS4MgSbfKP.h4EiWHdVPKNY4EN6tvCur7MLrOhkv2.','HUALLAGA 132 - URB.EL MOLINO','346615','997873845',NULL,'1','1',1,NULL,'2017-10-24 05:35:51','2017-10-24 05:35:51'),(738,'JACKELIN RAQUEL','VIGO','GUTIERREZ',NULL,'m','1041100213','taurotkm_29@hotmail.com','$2y$10$d.B4ToA8YvAdDuULsY.we.pJ2uxiOk0roesEkVsDnVLA4HYOOYGOi','AV.PUMACAHUA-2163 - EL PORVENIR',NULL,'975817590',NULL,'1','1',1,NULL,'2017-10-24 05:35:51','2017-10-24 05:35:51'),(739,'CAROL JANETH','VILLA','RUIZ',NULL,'m','1511100114','carito.vr@hotmail.com','$2y$10$Ci7JPUQyApsJJ26DyKsjre2UrkHEqlJ//PHyowSg3a0lW.Y8d/mDi','JR ATLANTIDA 642-644',NULL,'948675279',NULL,'1','1',1,'2TPQ2I0Pi6BBHQoeejLndRSK0uwSctX7kXiQFmMq4wtXJakg0NitKIPRyjos','2017-10-24 05:35:51','2017-10-24 05:35:51'),(740,'WILMER DANIEL','VILLACORTA','ABANTO',NULL,'h','1011101716','wilmer_1997_2007@hotmail.com','$2y$10$NSJ5386hSi3cxPKLzxGdpeSNWzv5X06c3Y.3baGGj9Ux7c17IL5cW','28 de julio 641 (al frente de la iglesia huamán)','587714','969198616',NULL,'1','1',1,NULL,'2017-10-24 05:35:51','2017-10-24 05:35:51'),(741,'JENNER','VILLACORTA','SALAZAR',NULL,'h','1011101711','jacuario01@hotmail.com','$2y$10$YXPIWDWrTs2eYJJa6vXGD.ESEvgWUe3qrsW1F8uB2hgY/R8apD7R6','Jr. Salaverry #234',NULL,'996226202',NULL,'1','1',1,NULL,'2017-10-24 05:35:51','2017-10-24 05:35:51'),(742,'TATIANA LUCIA','VILLAJULCA','CARRANZA',NULL,'m','1011101311','tatiana18vc@gmail.com','$2y$10$h6/46Ol3C82/1WK7uKOBNez42niUrxs2OXo1sQjsYIgLOKAYvPe8O','los alamos 112 vista alegre','288394','935983047',NULL,'1','1',1,NULL,'2017-10-24 05:35:51','2017-10-24 05:35:51'),(743,'MARY LISETH','VILLALOBOS','DIAZ',NULL,'m','1511102115','mliseth.2313@gmail.com','$2y$10$TKz6rB9LUqLOIbcrO4eoqO6lTjojNLNnKn7MQsYMbF4BeuLDAQmyO','JR. LA ESMERALDA Nº 551',NULL,'950637884',NULL,'1','1',1,NULL,'2017-10-24 05:35:51','2017-10-24 05:35:51'),(744,'NORMA ESPERANZA','VILLANUEVA','CASTILLO',NULL,'m','1511101417','normita_aries_1998@hotmail.com','$2y$10$jZceMJ1zhB0JJlXfos/dB.9djPjxZPS7em5oftqY5.2cSYUJSkv.i','PUENTE CONACHE S/N',NULL,'988721880',NULL,'1','1',1,NULL,'2017-10-24 05:35:51','2017-10-24 05:35:51'),(745,'LUCY CARMEN','VILLANUEVA','SEDANO',NULL,'m','1011101713','luvi_22_1@hotmail.com','$2y$10$bNC5hIKYLW2AvOrYsKpNz.ZiFSvpaCGU99/uV8yhfMtAHn8DibZgm','URBANIZACION LIBERTAD MZ A LT 29','329916','942233874',NULL,'1','1',1,NULL,'2017-10-24 05:35:51','2017-10-24 05:35:51'),(746,'MARYLIN NOHELY','VILLENA','ALCANTARA',NULL,'m','1051100412','mari_capri_1@hotmail.com','$2y$10$1Zktlxv5vNMTp0Fq7DERbuwZnXnYRxJbFm/b9SQYHA4Z2cU7orfqe','FRATERNIDAD I ETAPA MZ18 LT05 LA ESPERANZA','237937','973769774',NULL,'1','1',1,NULL,'2017-10-24 05:35:51','2017-10-24 05:35:51'),(747,'MILAGROS KATHERINE','VILLENA','GRADOS',NULL,'m','1021100417','milagros.villena@gmail.com','$2y$10$nBirocYbdYCqJl8csNPa9uyfzyDk6jEBehinq82v9oSQprdIb68/.','CALLE JUAN VELASCO ALVARADO 19 SECTOR MIRAFLORES','930733020',NULL,NULL,'1','1',1,NULL,'2017-10-24 05:35:51','2017-10-24 05:35:51'),(748,'CRISTHIAN ROBERT','VILLENA','RIVASPLATA',NULL,'h','051101106','krisrvr@gmail.com','$2y$10$0sLwo2QT79tauzmh9EIVNeOvSsVy7QougyEoYvdQwxn/7bufcmG5S','Calle Zela 454 - Trujillo','532103','973856976',NULL,'1','1',1,NULL,'2017-10-24 05:35:51','2017-10-24 05:35:51'),(749,'BRIAN JOSEPH','YABAR','CHINCHE',NULL,'h','1511102914','necbyr@hotmail.com','$2y$10$lvuSL85883xnICX5yBV8QuPqZ0/YZOl7u4XpbNaHN4VeEDzD889u2','CALLE RODOLFO ESPINAR 778',NULL,'976596851',NULL,'1','1',1,NULL,'2017-10-24 05:35:51','2017-10-24 05:35:51'),(750,'VANESSA ESMERALDA','YGLESIAS','CUYUBAMBA',NULL,'m','1021101217','estrella_virgo_86@hotmail.com','$2y$10$35RzaJFgZZVGIWwOvxH08.ydH3nmBEIntodXS8gdjf/3OWtCW9Gle','BARTOLOME DE LAS CASAS 1514 LA ESPERANZA',NULL,'960412672',NULL,'1','1',1,NULL,'2017-10-24 05:35:51','2017-10-24 05:35:51'),(751,'NICOLAS GUILLERMO','YPARRAGUIRRE','ANGULO',NULL,'h','1021100117','nicolasgya@outlook.com','$2y$10$8y0wssANzNpiCFuxv24F3uDhCEm/ZxlZD0d1uFgtl.tipK/5Spk2K','SALAVERRY 438 MANSICHE','246767','949301569',NULL,'1','1',1,NULL,'2017-10-24 05:35:51','2017-10-24 05:35:51'),(752,'RUBY YULISSA','YUPANQUI','CUBA',NULL,'m','1021101913','rby.yulissa@gmail.com','$2y$10$hZKzfJ4/Fnc5YS4IPPJHfOjKN5kCtUJTni68.zQqDWm6DykmQDKHa','LEONARDO DAVINCI 575 SANTO DOMINGUITO','944373766','993882194',NULL,'1','1',1,NULL,'2017-10-24 05:35:51','2017-10-24 05:35:51'),(753,'BREINER ARLEZ','YUPANQUI','PECHE',NULL,'h','1511101916','breiner97@hotmail.es','$2y$10$sbv0E9K.V54xJYoa5vMDBukax/FYfchInvhUvzSSoWaNKza.q8qIy','URB. LAS AMERICAS MZ C LT 21',NULL,'996062746',NULL,'1','1',1,NULL,'2017-10-24 05:35:51','2017-10-24 05:35:51'),(754,'ABIGAIL KEYLA','ZAMORA','VEGA',NULL,'m','1051102416','abigailcris1@hotmail.com','$2y$10$81GGavrfCZQcJFpTja2bIOfaIk.i4OTHrd530Epr5aLLiDWZs4Toi','CALLE COMUNAL26 AA HH RAMON CASTILLA HUANCHACO',NULL,NULL,NULL,'1','1',1,NULL,'2017-10-24 05:35:51','2017-10-24 05:35:51'),(755,'ROBERT ANGEL','ZAMORA','VEGA',NULL,'h','1511102712','rocker_zeta@hotmail.com','$2y$10$yIsfcnLvdJEuBw4DRUKW1uTm.EJs3TbLTZO9H0tvhdEZ4wF0KAG.6','CALLE COMUNAL LT 26 HUANCHACO','323722',NULL,NULL,'1','1',1,NULL,'2017-10-24 05:35:51','2017-10-24 05:35:51'),(756,'MIRELLA INES','ZAPATA','CASTILLO',NULL,'m','1511102216','piscis-1998-2@hotmail.com','$2y$10$ka/f7jnutG6PB.tCBuvSKu3oEZb9dv7lPyy0xs6FTpL2yV.cGblhy','CALLE SANTA MARTHA 260 ASETN. H. SECTOR LA VERONICA- LA ESPE',NULL,'943148094',NULL,'1','1',1,NULL,'2017-10-24 05:35:51','2017-10-24 05:35:51'),(757,'NICOLE YASMINE','ZARE','PASTOR',NULL,'m','1021101216','jazilove21@hotmail.com','$2y$10$.ZqkqB.fvPt2fCtmpFss0.QOukPB64mxrWp.PvyDQM4zgiv1WjwkW','AV. INDOAMERICA LT.9 ALTO MOCHICA','290788','964999762',NULL,'1','1',1,NULL,'2017-10-24 05:35:51','2017-10-24 05:35:51'),(758,'CLAUDIA ESTHEFANI','ZARSOZA','ROJAS',NULL,'m','1511100813','claudia_zr95@hotmail.com','$2y$10$nZvv2CNrcaTNoutSXtS57uNIaHH0Quvr9RwBSRrlVRXclOr9qpoRK','PSJ. WASHINGTON 154',NULL,'982368813',NULL,'1','1',1,NULL,'2017-10-24 05:35:51','2017-10-24 05:35:51'),(759,'JULY MICHEL','ZAVALA','AGREDA',NULL,'m','1511101112','july_michel@hotmail.com','$2y$10$KAHk57OHq89c2hjrv/i9kuCimEDAgCjjcunX2KmbDDX/M9TGKR9Cu','MICAELA BASTIDAS #646-LA ESPERANZA','316753',NULL,NULL,'1','1',1,NULL,'2017-10-24 05:35:51','2017-10-24 05:35:51'),(760,'ABEL ANDERSON','ZAVALA','GUTIERREZ',NULL,'h','1021100116','anderson102033@hotmail.com','$2y$10$O5O9eJNKYwPmqLVcq.ktnOD9AcMA7g8UsOw/ebamyunlkEOlu/Lsq','MZ. I LT. 16-BARRIO 3 ASENT. H. ALTO TRUJILLO. EL',NULL,'975516641',NULL,'1','1',1,NULL,'2017-10-24 05:35:51','2017-10-24 05:35:51'),(761,'FLOR YANIRA','ZAVALA','PRINCIPE',NULL,'m','1511103114','flor_tauro_love1@hotmail.com','$2y$10$viwa72vAYfACJ..2tJF6zOf8q.sP9AINWuBCAbrpcJPEOGsvnZTBG','17 DE DICIEMBRE 575 FLORENCIA DE MORA',NULL,'923090690',NULL,'1','1',1,NULL,'2017-10-24 05:35:51','2017-10-24 05:35:51'),(762,'DILVER ALEXANDER','ZAVALA','RIOS',NULL,'h','1511102111','dilver_200@hotmail.com','$2y$10$2MkiDiSshKxa2vQaV.WlPO7UzHhpe0aF.1TqavjJ082I.PJ.mJBx2','Av. José Carlos Maríategui Mz B lote 11-El Milagro-Huanchaco',NULL,'989518925',NULL,'1','1',1,NULL,'2017-10-24 05:35:51','2017-10-24 05:35:51'),(763,'LOURDES IVETTE','ZAVALETA','CARRIL',NULL,'m','1021101916','lulu_love_14@hotmail.com','$2y$10$SMwt0xnq/Lc5Js6bK5rTFeVQg/AOiRdtRKGs3Go3/DEDTPO8.99u.','PJ. EL BOSQUE MZ A LT.39-TRUJILLO',NULL,NULL,NULL,'1','1',1,NULL,'2017-10-24 05:35:51','2017-10-24 05:35:51'),(764,'ESTEFANY YESENIA','ZAVALETA','CASTRO',NULL,'m','1051102114','linaresaguilarnelly@hotmail.com','$2y$10$aPA0JIUxRXY1IDbXc2GzIOgMO48MIOBRmlt1vhKFGMjIRaNYTuo1m','MZ 14 LT 19 RAMIRO PRIALE PRIALE - LA ESPERANZA -T','382484','964560057',NULL,'1','1',1,NULL,'2017-10-24 05:35:51','2017-10-24 05:35:51'),(765,'MIRELLI KATERINE','ZAVALETA','CASTRO',NULL,'m','1511101015','mirellikaterinezc@hotmail.com','$2y$10$aBzS4FkixJ2V6dsvvvQIi.FpB1cusuB4PCFYWvQK5gHq69sM3M2W.','MZ. P2 LT. 18 CPM ALTO TRUJILLO BARRIO 6 - A',NULL,'988839193',NULL,'1','1',1,NULL,'2017-10-24 05:35:51','2017-10-24 05:35:51'),(766,'JHANET MARISOL','ZAVALETA','CHAVEZ',NULL,'m','1511103414','jh_1992@hotmail.com','$2y$10$v5FsSM3d5p7oWU/sD4xuDeMBNAo69OdH1C6vPvmtFhohsvzPTUlvy','PSJ SAN MARTIN A.A.H.H. ALTO MOCHICA MZ B LOTE 13','976476711',NULL,NULL,'1','1',1,NULL,'2017-10-24 05:35:51','2017-10-24 05:35:51'),(767,'HAIR JUNIOR','ZAVALETA','CRUZ',NULL,'h','1511101714','qf.80.happy@hotmail.com','$2y$10$MDQZCPf8MmTY8m3qHXMa1e9f.B/feEA4qJnEI1Tsb.PxO.JnFr/qa','LOS MILAGROS 193 - EL PORVENIR','386761','947823393',NULL,'1','1',1,NULL,'2017-10-24 05:35:51','2017-10-24 05:35:51'),(768,'MILAGRITOS ELIZABETH','ZAVALETA','JUAREZ',NULL,'m','1051100315','milag_oct19@hotmail.com','$2y$10$B3GztN0UcwYvdfwv9Zlk1.owGKxsz/PpPztVWOuVhySj6wmCZV9QG','VICTOR RAUL ETAPA II MZ.13 LT.20 - EL PORVENIR',NULL,'979838001',NULL,'1','1',1,NULL,'2017-10-24 05:35:51','2017-10-24 05:35:51'),(769,'MELISA MANUELA','ZAVALETA','MINCHOLA',NULL,'m','1011102013','melisa_25_20@hotmail.com','$2y$10$4N6nI98ZiV46DCIGPpuQGu.Dv5Ej4AbFh7Wc/EDYp07GDDrPKRsb6','TACNA 777',NULL,NULL,NULL,'1','1',1,NULL,'2017-10-24 05:35:51','2017-10-24 05:35:51'),(770,'MARIANELLY ESTEFANY','ZAVALETA','RODRIGUEZ',NULL,'m','041100110','tefy_piscis@hotmail.com','$2y$10$fN89Wai1mmghc8EuzvR3Ke3hGsRPMHGB7iZz3Js9NSdw/oQxhZ2/G','URB. SOL DEL CHACARERO AV. PESQUEDA MZ C LOTE 1','215604',NULL,NULL,'1','1',1,NULL,'2017-10-24 05:35:51','2017-10-24 05:35:51'),(771,'LUCY VICTORIA','ZAVALETA','VENTURA',NULL,'m','1011102012','lucy_zv92@hotmail.com','$2y$10$MmcBtuYeoeWD3H/V4lG0VOG5XjZX1StK5K6E74UFEP0sFq4aYaVze','URB. EL CHACARERO PSJE. SAN JOSE MZ. D LTE. 23',NULL,'925951521',NULL,'1','1',1,NULL,'2017-10-24 05:35:51','2017-10-24 05:35:51'),(772,'STEPHANIE LORENA','ZELADA','CASTILLO',NULL,'m','1011101314','kurokigou77@gmail.com','$2y$10$RoN2jxYBIOZSPl7Ik435Y.2qMU8XNRc4ZGtFLxswyl6ImS.fKyhY2','URB. LOS HEROES O2-2 NVO. CHIMBOTE','993016155',NULL,NULL,'1','1',1,'mRCxgFqZUSmz6bHd4oKkEyHZV7jG3fRPyOhTnsFUayfsepH7UdBxxuFF7oVR','2017-10-24 05:35:51','2017-10-24 05:35:51'),(773,'MAGALY KATERINE','ZELADA','SILVA',NULL,'m','1051101914','katy_1796@hotmail.com','$2y$10$ITWB3otMbUhiS7xM2RrhKurYUupLhCpMz.PD0i0HWDtnaT6h3hGkG','JAIME DE GONDRA MZ M3 LOTE 16','951633316',NULL,NULL,'1','1',1,'wS7jKxmsCw3zmdpjVwq5EjWmKnDHwb7XbZxOcPIFU3iqV0xBoyc9vZJk84Q6','2017-10-24 05:35:51','2017-10-24 05:35:51'),(774,'MARIA YOLANDA','BADA','PACHAMANGO','1965-04-05','m','4181','mbada@unitru.edu.pe','$2y$10$usyam3TCHxbWJWzqdYTNvuZ/qs6OrpdwVx7dXnSm8Jzl0C7UGmCRe',NULL,NULL,NULL,NULL,'1','1',3,NULL,'2017-10-24 06:17:20','2017-10-24 06:17:20'),(775,'DORIS ESTHER','BENITES','AGUIRRE','1964-03-09','m','3227','dbenitesa@hotmail.com','$2y$10$m670u6tE74ZpRru280YtgOj27u2MFO3/gS8kH242.cOeQP/QD8WkW',NULL,NULL,NULL,NULL,'1','1',3,NULL,'2017-10-24 06:17:20','2017-10-24 06:17:20'),(776,'ROSA AMELIA','CASTILLO','SILVA','1963-08-16','m','4426','rosa_unt@hotmail.com','$2y$10$rNhUv.4E.Md0EsvXuo.O9.jxxoWTb1lq3RsYNLf8wEVbK.v.q7PAC',NULL,NULL,NULL,NULL,'1','1',3,NULL,'2017-10-24 06:17:20','2017-10-24 06:17:20'),(777,'BLANCA AYDEE','CHÁVARRI','DE PRADO','1956-12-13','m','5388','blanhay1312@hotmail.com','$2y$10$ArUDupBd9SwZORf0xcfdiutwE2woRsQKe7wILWVtJmb080rhmn8kS',NULL,NULL,NULL,NULL,'1','1',3,NULL,'2017-10-24 06:17:20','2017-10-24 06:17:20'),(778,'ELIZABETH ROSARIO','CORVERA','MOSQUEIRA','1969-10-17','m','4427','elicor1729@hotmail.com','$2y$10$YgN0nvoNhSqwI0GV1QAuUetNJMsZ6gGJpL.7zRpjtUvMSpdDI/PGG',NULL,NULL,NULL,NULL,'1','1',3,NULL,'2017-10-24 06:17:20','2017-10-24 06:17:20'),(779,'RICARDO DAVID','FLORES','BARRETO','1976-03-23','h','4425','flowerproducciones@hotmail.com','$2y$10$3yyR849ugkTOUucptPHiqenM879/JpOl7/tqbYicg0D89T2qQIgDe',NULL,NULL,NULL,NULL,'1','1',3,NULL,'2017-10-24 06:17:20','2017-10-24 06:17:20'),(780,'ALBERTO ALEJANDRO','GAMARRA','ESPEJO','1961-04-28','h','4323','tauruss_155@hotmail.com','$2y$10$fYHnOhl94Ln0AdS2iyDFd.K4f2DZPo09WYJC/v1r18Bf771NkGDIS',NULL,NULL,NULL,NULL,'1','1',3,NULL,'2017-10-24 06:17:20','2017-10-24 06:17:20'),(781,'EDUARDO CESAR','GAMARRA','ROJAS','1975-06-30','h','4882','laloeldulce_7@hotmail.com','$2y$10$9xVt.spA0Ndtye65kSt2Z.eJAIDeJM8d1UlRMvTqcx80ucO0QUaVO',NULL,NULL,NULL,NULL,'1','1',3,NULL,'2017-10-24 06:17:20','2017-10-24 06:17:20'),(782,'LUCRECIA DEL PILAR','INOSTROZA','GARCIA','1971-06-19','m','4440','pilinos19@hotmail.com','$2y$10$f4VNHZlTjromxE38EzvACOQk5gwxMoEJM41AXqMz7xsi1HdwKLzNu',NULL,NULL,NULL,NULL,'1','1',3,NULL,'2017-10-24 06:17:20','2017-10-24 06:17:20'),(783,'LUIS ENRIQUE','LUJAN','CARBAJAL','1947-10-29','h','2229','luislcarbajal69@gmail.com','$2y$10$6r0mMuE2ge6H/hBp0W3Gy.4gJYJl1Zokw2mp58GrM4VH7U7y6PCQ2',NULL,NULL,NULL,NULL,'1','1',3,NULL,'2017-10-24 06:19:06','2017-10-24 06:19:06'),(784,'GERMAN','NARRO','CABEZAS','1958-05-12','h','2054','germannarro55@hotmail.com','$2y$10$IG4xGfL48TwJN67Bktr8/.7cTVue0euOYHiJzQqk84RTXMw5/RQHS',NULL,NULL,NULL,NULL,'1','1',3,NULL,'2017-10-24 06:19:06','2017-10-24 06:19:06'),(785,'LUZBERTA PURIFICACION','NIEVES','LAZARO','1968-02-02','m','4759','luzunt_68@hotmail.com','$2y$10$oEnbSUto4f7p9Kifp4csd.IGsJcKC40qoCLDzu0GkZ1AZna6pQXfe',NULL,NULL,NULL,NULL,'1','1',3,NULL,'2017-10-24 06:19:06','2017-10-24 06:19:06'),(786,'LUZ MERCEDES','PECHAR','LECCA','1962-07-10','m','4591','mersy105@hotmail.com','$2y$10$AaAvu92sYHSGuynXnI3Vme8MEsk5nGeaOkE1hczt1gLxZIDJxnfSS',NULL,NULL,NULL,NULL,'1','1',3,NULL,'2017-10-24 06:19:06','2017-10-24 06:19:06'),(787,'MONJE','REYNA','DE LA CRUZ','1957-06-03','h','2651','juanrey_57@hotmail.com','$2y$10$iVyS58/JVQ0udQvKhaJPz.6e75vvviRttpQ5Ve0RUMPfJs/oJkQeu',NULL,NULL,NULL,NULL,'1','1',3,NULL,'2017-10-24 06:19:06','2017-10-24 06:19:06'),(788,'DAVID','RUIDIAS','ROMERO','1973-08-16','h','5224','druidias7@hotmail.com','$2y$10$oj9W6ReHo6rOVId7DeENb.4y59iFeEZF8Hg6Z7Wuo3duSlHLhV8tC',NULL,NULL,NULL,NULL,'1','1',3,NULL,'2017-10-24 06:19:06','2017-10-24 06:19:06'),(789,'NANCY JESUS','TORRES','GUEVARA','1967-12-29','m','4213','nantogue@hotmail.com','$2y$10$GSGi90mxkeGRaKgol/cCpOQJeFlKtpVz74b602OKJ.OBCfnuvfHPy',NULL,NULL,NULL,NULL,'1','1',3,NULL,'2017-10-24 06:19:06','2017-10-24 06:19:06'),(790,'RICARDO ALBERTO','DIAZ','VARGAS','1965-06-17','h','5780','ricdo666@hotmail.com','$2y$10$w1j2dVgkQ1MaECcbAp9WfOzOPEMpv2390ogDlBQSEzkgOaYEFV66O',NULL,NULL,NULL,NULL,'1','1',3,NULL,'2017-10-24 06:19:06','2017-10-24 06:19:06'),(791,'KELLY EULALIA','GUERRA','CALIXTO','1979-05-30','m','5297','kelo_@hotmail.com','$2y$10$5ssakgq9jddtARpn8PA1u.CtTf/SpPUBTwRIEOe6fAdzwx3cpY5WK',NULL,NULL,NULL,NULL,'1','1',3,NULL,'2017-10-24 06:19:06','2017-10-24 06:19:06'),(792,'JUAN SILVESTRE','JAVIER','CUEVA','1952-02-23','h','5781','jsjc4444@hotmail.com','$2y$10$nSd4L./MBLGDRuD5xQA53ujq34q8CTaf.rCe2.PeT79yNB9mTUsri',NULL,NULL,NULL,NULL,'1','1',3,NULL,'2017-10-24 06:19:06','2017-10-24 06:19:06'),(793,'BIANCHINA DEL ROSARIO','FIGUEROA','GIORFFINO','1987-09-21','m','C411','bian_figueroa@hotmail.com','$2y$10$COIszV0RbCAOlsRJoTQ.QOycNQXX.efwWr0nPrI06tmNEPdIL/k8e',NULL,NULL,NULL,NULL,'1','1',3,NULL,'2017-10-24 06:19:06','2017-10-24 06:19:06'),(794,'MARCOS SAMUEL','LUNA','MENDOZA','1967-02-05','h','C365','nino_572@hotmail.com','$2y$10$UJz1aEtbLLRLYnKbXSpvOuRNKn0e5ACeGGX.ArTVKF1MVpIsBfFGy',NULL,NULL,NULL,NULL,'1','1',3,NULL,'2017-10-24 06:19:06','2017-10-24 06:19:06'),(795,'CINTHIA PAOLA','MONTENEGRO','PACHAMANGO','1982-06-24','m','C349','cinthia.paola@gmail.com','$2y$10$JtDap3KIprSshhEgVdgcRuIP2Vpe3JqfLu1B.7lmXUj9YoJUn7sYa',NULL,NULL,NULL,NULL,'1','1',3,NULL,'2017-10-24 06:19:06','2017-10-24 06:19:06'),(796,'LUIS ALBERTO','RUIZ','GIL','1975-02-18','h','C382','luisfla@hotmail.com','$2y$10$BkvJhefuN5TFjXbjTeZWReOABlw6TlOklW6RrlMGoI/dPEGTcqSWW',NULL,NULL,NULL,NULL,'1','1',3,NULL,'2017-10-24 06:19:06','2017-10-24 06:19:06'),(797,'DARINKA CAROLINA YNDHIRA','SANTOYO','FIGUEROA','1967-08-21','m','C767','darinkacarolinayndhira@gmail.com','$2y$10$Q88H9W6vMM/pvRH6NN/7jeQszE9vceUi7wTPYYszYeqeZdfBo/RDC',NULL,NULL,NULL,NULL,'1','1',3,NULL,'2017-10-24 06:19:06','2017-10-24 06:19:06'),(798,'CARLOS ENRIQUE','YBAÑEZ','LEON','1986-01-18','h','C194','tranqui_18_9@hotmail.com','$2y$10$tPAmmJo0wW3yL6w7Z.rfB.3r0Bm.XCqLTuiy3eYADLqbzVgQb6Yz.',NULL,NULL,NULL,NULL,'1','1',3,NULL,'2017-10-24 06:19:06','2017-10-24 06:19:06'),(799,'FRANCISCO MOISES','ABANTO','ZAMORA','1954-11-13','h','5176','abanto90@hotmail.com','$2y$10$2kB2MZK08YeKiue8.XD/JODHY2nYWbyhYbPD.zRohvfm.eUPwkhjG',NULL,NULL,NULL,NULL,'1','1',2,'ZGAvlKp84eM1TkVVyCBRgXm4kiD4UHmEZChZGDloGtOKIDHlZ6ULn111ZMhj','2017-10-24 06:29:48','2017-10-24 06:29:48'),(800,'SALOMON','ALVA','BAZAN','1947-08-16','h','1961','salobal_2@hotmail.com','$2y$10$lS.lXiU4BCO7kF2DYKTTg.Jgilnz/nEj2FtrdUGBllF1hWNdUc1Fa',NULL,NULL,NULL,NULL,'1','1',2,'GIDJEhjFzxNZNp4hVeyK8aaLZdQlXpk4zDZqc2zir0E6YNPlvIqprlLHuqFr','2017-10-24 06:29:48','2017-10-24 06:29:48'),(801,'PEDRO MARCELO','ALVA','PLASENCIA','1959-01-16','h','2161','pmap2007@hotmail.com','$2y$10$Kx8Zv6ukCE4yywU6LHCa0OM0vMP2DN0XK.gleV5CTGrOckJaQ5iXe',NULL,NULL,NULL,NULL,'1','1',2,NULL,'2017-10-24 06:29:48','2017-10-24 06:29:48'),(802,'LUISA OLIVIA','AMAYA','LAU','1959-06-01','m','2894','oalbc@hotmail.com','$2y$10$AIoZ4Gg3wWbMVtBhlBAlNeO5/ktXi86DMZi/vlgQjTaNM19PMIdjm',NULL,NULL,NULL,NULL,'1','1',2,NULL,'2017-10-24 06:29:48','2017-10-24 06:29:48'),(803,'JUAN DELFIN','ARBAYZA','FRUCTUOSO','1946-02-08','h','2082','jarbayza@unitru.edu.pe','$2y$10$G0kgQY9pMuRRxh1.vNLTouyToZ8VyDqnS9Qc2x29rJxoEcBRwQlxa',NULL,NULL,NULL,NULL,'1','1',2,NULL,'2017-10-24 06:29:48','2017-10-24 06:29:48'),(804,'CARMEN ISOLINA','AYALA','JARA','1963-03-27','m','5274','ayalajara27@hotmail.com','$2y$10$3iQxX60kQ7Ukhiuk689.CubJu1RCD8PVhLiQzzi.AAudKZib6X.gC',NULL,NULL,NULL,NULL,'1','1',2,NULL,'2017-10-24 06:29:48','2017-10-24 06:29:48'),(805,'OLGA ELIZABETH','CABALLERO','AQUIÑO','1962-06-14','m','5021','oeca1416@hotmail.com','$2y$10$pGxq5VdPutCGdBJ0S6xgB.DsVXa.tR64t5yFBOQVHz4DXLnRhSJTy',NULL,NULL,NULL,NULL,'1','1',2,NULL,'2017-10-24 07:12:08','2017-10-24 07:12:08'),(806,'JULIO VICTOR','CAMPOS','FLORIAN','1978-02-28','h','5833','jcamposf@unitru.edu.pe','$2y$10$WUmAlGyqOXwNkdndkSMGfOJt2riaXbYbp75EirUNUfK3trBH2TJGy',NULL,NULL,NULL,NULL,'1','1',2,NULL,'2017-10-24 07:12:08','2017-10-24 07:12:08'),(807,'LUIS ALBERTO','CHAVEZ','ABANTO','1958-09-19','h','4386','luchito_1122@hotmail.com','$2y$10$PCVy4.yNU2N/k8DyMI5tgeTiAPG/U.q6Y24UVPgg9XI3cyzfKHqtq',NULL,NULL,NULL,NULL,'1','1',2,NULL,'2017-10-24 07:12:08','2017-10-24 07:12:08'),(808,'ROBIN PERCY','CRUZADO','LESCANO','1968-12-03','h','5140','rcruzado@unitru.edu.pe','$2y$10$exu5hYISUePUBoFei/nVOedrXjUWMS2YW8UbJv9v1qNkx4DJye7FK',NULL,NULL,NULL,NULL,'1','1',2,NULL,'2017-10-24 07:12:08','2017-10-24 07:12:08'),(809,'JOSE LIZARDO','CRUZADO','RAZCO','1945-02-22','h','1693','jcruzador@unitru.edu.pe','$2y$10$BZkOVse.MS2YJAZ74jD2buRUBmxsAsVfeWkegUyuxAVYyWxjqj1Uq',NULL,NULL,NULL,NULL,'1','1',2,'LZukfv2TDC5y7Uz3MtJ6Qrrr7BbLG1qRCsDE949E9ZQfeeEBjnHmt9wUxRmQ','2017-10-24 07:12:08','2017-10-24 07:12:08'),(810,'YURI FREDDY','CURO','VALLEJOS','1962-02-04','h','4374','yuricv62@hotmail.com','$2y$10$x8kRJqzf.hdZZoJew5b4w.pU1s12NE1FTwl2xoW1W6u3XhN5j88f2',NULL,NULL,NULL,NULL,'1','1',2,NULL,'2017-10-24 07:12:08','2017-10-24 07:12:08'),(811,'JESUS GUILLERMO','GALLARDO','MELENDEZ','1959-05-18','h','3206','jesusgallardo60@yahoo.es','$2y$10$0frnBi7mK6AOxY.fLh/zNOK43rS03r0.L7WxGEUh4x/KAhbkGKGui',NULL,NULL,NULL,NULL,'1','1',2,NULL,'2017-10-24 07:12:08','2017-10-24 07:12:08'),(812,'CESAR DEMOFILO','GAMARRA','SANCHEZ','1955-10-08','h','2083','cgamarraunt@hotmail.com','$2y$10$e9.4fzav25FMeTZ34jcIz.OIGTCgAagm1ioT9ukqwqmrvaYVfTh0u',NULL,NULL,NULL,NULL,'1','1',2,NULL,'2017-10-24 07:12:08','2017-10-24 07:12:08'),(813,'MAYAR LUIS','GANOZA','YUPANQUI','1977-07-14','h','5798','mganoza@unitru.edu.pe','$2y$10$9Nlmj22zExwYSWeAvrKvae0RgSPk8BtfZONG8rRjdp1sMxdfw8oTS',NULL,NULL,NULL,NULL,'1','1',2,NULL,'2017-10-24 07:12:08','2017-10-24 07:12:08'),(814,'JOSE GILBERTO','GAVIDIA','VALENCIA','1963-03-20','h','4642','msjgv@hotmail.com','$2y$10$ddqZmug1QqWAS6b3RVR9Ieu7kgLVlpqyxXUgBka3Ky7AzcEcIJrZ6',NULL,NULL,NULL,NULL,'1','1',2,NULL,'2017-10-24 07:12:08','2017-10-24 07:12:08'),(815,'GLADYS SILVIA','GONZALES','POSITO','1959-04-11','m','2809','gladycita1959@hotmail.com','$2y$10$huil6mGnZLjFnlrD6lIr4OdMtgf6fEEUXune4JvMTDYUhQkDwbTfC',NULL,NULL,NULL,NULL,'1','1',2,NULL,'2017-10-24 07:12:08','2017-10-24 07:12:08'),(816,'MARIA VIRGINIA','GONZALEZ','BLAS','1963-01-07','m','4257','mvgonzalezb0701@gmail.com','$2y$10$84YkXGTQo8sv0vLjTSwmN.EgetQfAA0oMc0k.YYkLM.oVmsbWyQ6S',NULL,NULL,NULL,NULL,'1','1',2,NULL,'2017-10-24 07:12:08','2017-10-24 07:12:08'),(817,'ANABEL DORIS','GONZALEZ','SICCHA','1964-02-22','m','4207','anabelgonzalez2202@gmail.com','$2y$10$351nqrwgSqGaTSCmNO21T.EebyfwW7aYzCWIAYaD2h5ErnGrMEjiO',NULL,NULL,NULL,NULL,'1','1',2,NULL,'2017-10-24 07:12:08','2017-10-24 07:12:08'),(818,'ANA MARIA DEL CARMEN','GUEVARA','VASQUEZ','1965-11-29','m','5249','aguevara@unitru.edu.pe','$2y$10$EROs7mYY9nEyQR8HKh4PP.U8OQmmpxIxuXHfRp6yLl0YKAYUDiZqa',NULL,NULL,NULL,NULL,'1','1',2,NULL,'2017-10-24 07:12:08','2017-10-24 07:12:08'),(819,'MIRIAM ELIZABETH','GUTIERREZ','RAMOS','1960-01-02','m','5023','miegur@hotmail.com','$2y$10$/MSLT.L8TVEcFdu9yW.nk.0eLLSPVpcoMmgu3jZvpYjVd2FQn6tua',NULL,NULL,NULL,NULL,'1','1',2,NULL,'2017-10-24 07:12:08','2017-10-24 07:12:08'),(820,'AMPARO MAGDALENA','GUTIERREZ','ROJAS','1973-05-08','m','5168','magdamparo@gmail.com','$2y$10$SYUZbsff1yikzrWL8CM97.aBjKOEDftHDjrfrWXsLSDfGT7iErksK',NULL,NULL,NULL,NULL,'1','1',2,NULL,'2017-10-24 07:12:08','2017-10-24 07:12:08'),(821,'EDUARDO VENICIO','IBAÑEZ','ZAVALETA','1957-01-05','h','2816','enoc_2816@yahoo.es','$2y$10$Ia3X/uO67jv/Vt5XzsUMtOry1y0/IC37apegb7BWR.D/Ao6dz2JIi',NULL,NULL,NULL,NULL,'1','1',2,NULL,'2017-10-24 07:12:08','2017-10-24 07:12:08'),(822,'DEMETRIO RAFAEL','JARA','AGUILAR','1966-11-09','h','4617','rafaeljaraqf@gmail.com','$2y$10$S1NdtNsi3TCu0Cbk3SU8/eO8m03hFeW5P3PrpWDpVvuIBU8xgIDAW',NULL,NULL,NULL,NULL,'1','1',2,NULL,'2017-10-24 07:12:08','2017-10-24 07:12:08'),(823,'ANA ELENA','MANTILLA','RODRIGUEZ','1959-06-02','m','2893','elenamantillar@yahoo.es','$2y$10$MsTq2AJ48YTgW1h8897oRez/Kr7JK5.kMpt0Sm5Jr0tSaqQfU7ZYu',NULL,NULL,NULL,NULL,'1','1',2,NULL,'2017-10-24 07:12:08','2017-10-24 07:12:08'),(824,'CARMEN LUISA','MARIN','TELLO','1965-07-16','m','5716','cmarin@unitru.edu.pe','$2y$10$c/rJz2GJXvnC9MLbWhf5gumzznTVfomothWTo.r68hQ9.zyZcMdXi',NULL,NULL,NULL,NULL,'1','1',2,NULL,'2017-10-24 07:12:08','2017-10-24 07:12:08'),(825,'FANNY TERESA','MARIN','CACHO','1964-10-05','m','4670','fmarin@unitru.edu.pe','$2y$10$Ey1MMjRw77x9XvlYiy7DmuVung5RQh7DPgpYz1bvUStXAIU2JBcsy',NULL,NULL,NULL,NULL,'1','1',2,NULL,'2017-10-24 07:12:08','2017-10-24 07:12:08'),(826,'SEGUNDO MANUEL','MIRANDA','LEYVA','1953-06-05','h','2710','semamile@hotmail.com','$2y$10$Gdw5.C1xGQA9Pm7t/3xLZe.xCEdor3ZefbhnfuhaTeW88iKafSF/q',NULL,NULL,NULL,NULL,'1','1',2,NULL,'2017-10-24 07:12:08','2017-10-24 07:12:08'),(827,'RAMON','PIMINCHUMO','CARRANZA','1942-08-31','h','0349','rpiminchumo@hotmail.com','$2y$10$veHxthAT8jz3ECuu47vYqOuARzBZ8/Q8SA9JYkUOtcPBHMWCN/dcy',NULL,NULL,NULL,NULL,'1','1',2,NULL,'2017-10-24 07:12:08','2017-10-24 07:12:08'),(828,'ROGER ANTONIO','RENGIFO','PENADILLOS','1962-06-13','h','5509','rogrengifo@hotmail.com','$2y$10$m6/YZE7Gxm08HQRd8wQzJuwcBAAEl.amxW7JVNy0g1P6ihK8XwjSO',NULL,NULL,NULL,NULL,'1','1',2,NULL,'2017-10-24 07:12:08','2017-10-24 07:12:08'),(829,'ELDA MARITZA','RODRIGO','VILLANUEVA','1958-05-01','m','5262','eldamary40@hotmail.com','$2y$10$4GlST4O/6U4w.wKFMOuPXuuWoudmbVU9SEeb6BFWvrrqZn99EzYbu',NULL,NULL,NULL,NULL,'1','1',2,NULL,'2017-10-24 07:12:08','2017-10-24 07:12:08'),(830,'SEGUNDO GUILLERMO','RUIZ','REYES','1963-02-12','h','4492','guille_ruiz2012@hotmail.com','$2y$10$I1FxgN2NcdVW5FiidP.x9uGyCy7sNC6xNJ9oRdY/tO/Gde3YMawvC',NULL,NULL,NULL,NULL,'1','1',2,NULL,'2017-10-24 07:12:08','2017-10-24 07:12:08'),(831,'SEGUNDO FRANCISCO','SAAVEDRA','SUAREZ','1962-05-09','h','4356','ssaavedra62@hotmail.com','$2y$10$QBVBIhH0rzh0DqCTixgJlOvyZN2sEyAzPtZRUs.9vueMJgF/jdbLS',NULL,NULL,NULL,NULL,'1','1',2,NULL,'2017-10-24 07:12:08','2017-10-24 07:12:08'),(832,'WILLIAM ANTONIO','SAGASTEGUI','GUARNIZ','1959-04-21','h','3217','williamsagasteguig@gmail.com','$2y$10$AfpAqSJLy/FGMzfT7/sgdOGeDzgJFH0dL0Sl3ymv2Zp4dbWVJ8tIu',NULL,NULL,NULL,NULL,'1','1',2,'Dh1oVEGa18x35JUv4teCFcZsiLb6y1Ui68zKVWpSyun0Ftp0kG4SiiarvywX','2017-10-24 07:12:08','2017-10-24 07:12:08'),(833,'MARILU ROXANA','SOTO','VASQUEZ','1974-09-18','m','5727','msoto@unitru.edu.pe','$2y$10$yb7oWlzDxNCNzBsxYiiV1OkHcKRXUD9UwoL0mCqgO9oeTe5QWayoG',NULL,NULL,NULL,NULL,'1','1',2,NULL,'2017-10-24 07:12:08','2017-10-24 07:12:08'),(834,'EDMUNDO ARTURO','VENEGAS','CASANOVA','1973-07-03','h','5843','edmundo373@gmail.com','$2y$10$k0nqMlW6FZVEeG650ilv1.uey5MnhBP3VlHZKTYfeN/KlezWbcSwW',NULL,NULL,NULL,NULL,'1','1',2,NULL,'2017-10-24 07:12:08','2017-10-24 07:12:08'),(835,'VALDEMAR','VIGO','ALCANTARA','1944-01-14','h','1332','naloalfaro@hotmail.com','$2y$10$f5dJFcnLflMsxn31rex7d.VquYCLxu0yu9qI/dFIg1hFzKDmTsUXi',NULL,NULL,NULL,NULL,'1','1',2,NULL,'2017-10-24 07:12:08','2017-10-24 07:12:08'),(836,'ROBERTO OSMUNDO','YBAÑEZ','JULCA','1974-05-03','h','5153','robertoybañez@gmail.com','$2y$10$phcXpoq55bQWgCvIm3WzBOoKW8e63qvTEAzWa2GvWeBppgkNO5JLi',NULL,NULL,NULL,NULL,'1','1',2,NULL,'2017-10-24 07:12:08','2017-10-24 07:12:08'),(837,'GILMER','ZARI','GIL','1949-09-01','h','2668','fimazatrujillo@hotmail.com','$2y$10$pzl2eOwf0bMWqjvOmmKtBuybs6Y7iDSRzAQUCmm.mrd.A5pG6PDkC',NULL,NULL,NULL,NULL,'1','1',2,NULL,'2017-10-24 07:12:08','2017-10-24 07:12:08'),(838,'JOSÉ LUIS','POLO','BARDALES','1968-12-21','h','5628','jose_polo_b@hotmail.com','$2y$10$sX26juqSyrd.FNAKXzgfoOt7DiyF5aLxoDaglg.96dCsZdjqmfpxe',NULL,NULL,NULL,NULL,'1','1',2,NULL,'2017-10-24 07:36:28','2017-10-24 07:36:28'),(839,'IVAN','QUISPE','DÍAZ','1980-10-31','h','5893','ivan9867@hotmail.com','$2y$10$4nazS9DQ7nQDj8QoaO8fSu0GhjrlPeK6ad9OdqgwFnV.1xK.l.8yu',NULL,NULL,NULL,NULL,'1','1',2,NULL,'2017-10-24 07:36:28','2017-10-24 07:36:28'),(840,'CARMEN ROSA','SILVA','CORREA','1987-05-19','m','5954','csilva@unitru.edu.pe','$2y$10$WYEH6k/39sVPd31UrSQQ/u5PtwxTn3gRNewL3b/3FwQAGK6dl0gNS',NULL,NULL,NULL,NULL,'1','1',2,NULL,'2017-10-24 07:36:28','2017-10-24 07:36:28'),(841,'VÍCTOR EDUARDO','VILLAREAL','LA TORRE','1988-08-27','h','6095','eduardovit@gmail.com','$2y$10$xQksA4dX.QAMmSETSM/4O.49CMfP8SdMTeXCy.TQiBur6D9uOuuZm',NULL,NULL,NULL,NULL,'1','1',2,NULL,'2017-10-24 07:36:28','2017-10-24 07:36:28'),(842,'RUBÉN JESÚS','ARO','DÍAZ','1978-06-03','h','5989','jear263@hotmail.com','$2y$10$mi/OMnp3UlS3SariAlZNDuS0ZUrL/rjjca4irl3Fd2yln1xs.bdrq',NULL,NULL,NULL,NULL,'1','1',2,NULL,'2017-10-24 07:38:05','2017-10-24 07:38:05'),(843,'ERICSON FÉLIX','CASTILLO','SAAVEDRA','1980-11-06','h','5976','ericson_fcs@hotmail.com','$2y$10$vC1GiF6BalQ1Er21TzL8Y.C.p7rUfovYwqJgbGx4vf/dQIe6nysUy',NULL,NULL,NULL,NULL,'1','1',2,NULL,'2017-10-24 07:38:05','2017-10-24 07:38:05'),(845,'admin','admin','admin',NULL,NULL,'123456','admin@facfar.com','$2y$10$RebBfmnjexC1beERH5MWHe0SD3yLGtOTP3Mpr5NXzt6Ii/R1KUwie',NULL,NULL,NULL,'users/admin.png','3','0',3,'pHKrXzHBl2xdgjz3tH0PM3toCOTx2LS5mP8sQwzyGSMaTTmggx9LLNGRPDHf','2017-10-25 10:28:48','2017-10-25 10:28:48'),(847,'programador','programador','programador',NULL,NULL,'159159','programador@facfar.com','$2y$10$.RMPg1PtDozqkt8gkonUPuYpp1qneyixf7EUMDoo7rQqhBO2MeOHy',NULL,NULL,NULL,'','2','0',2,'WxYXp3dQuaD2WLOLqaEHM7nHRxG8eUOHoYqAqTvwbtPQOqbIpbpQcmExTiDv','2017-10-26 07:52:43','2017-10-26 07:52:43');
/*!40000 ALTER TABLE `user` ENABLE KEYS */;
UNLOCK TABLES;
/*!40103 SET TIME_ZONE=@OLD_TIME_ZONE */;

/*!40101 SET SQL_MODE=@OLD_SQL_MODE */;
/*!40014 SET FOREIGN_KEY_CHECKS=@OLD_FOREIGN_KEY_CHECKS */;
/*!40014 SET UNIQUE_CHECKS=@OLD_UNIQUE_CHECKS */;
/*!40101 SET CHARACTER_SET_CLIENT=@OLD_CHARACTER_SET_CLIENT */;
/*!40101 SET CHARACTER_SET_RESULTS=@OLD_CHARACTER_SET_RESULTS */;
/*!40101 SET COLLATION_CONNECTION=@OLD_COLLATION_CONNECTION */;
/*!40111 SET SQL_NOTES=@OLD_SQL_NOTES */;

-- Dump completed on 2017-11-09  9:42:15
